policy,map_label,n_drones,seed,final_coverage,time_to_50,time_to_80,time_to_100,total_energy_j,overlap_m2,wasted_visits,time_to_terminal,reason
Random,open_33,2,0,0.95525494276795,148.29999999999586,348.2000000000107,inf,242424.00000000003,15100.0,3096,665.3000000000827,ALL_DEPLETED
PF,open_33,2,0,1.0,108.39999999999812,181.299999999994,293.19999999999817,117631.85053391008,7075.0,1552,293.19999999999817,COMPLETED
Consensus,open_33,2,0,1.0,80.89999999999968,161.6999999999951,224.09999999999155,88981.25481953286,4150.0,864,224.09999999999155,COMPLETED
MARL,open_33,2,0,0.9542143600416232,98.49999999999868,202.5999999999928,inf,242424.00000000003,8625.0,2964,651.8000000000796,ALL_DEPLETED
Random,open_33,2,1,0.951092611862643,174.49999999999437,434.9000000000304,inf,242424.00000000003,13925.0,3086,661.6000000000819,ALL_DEPLETED
PF,open_33,2,1,1.0,121.89999999999736,231.3999999999911,319.8000000000042,127899.72483857832,9050.0,1714,319.8000000000042,COMPLETED
Consensus,open_33,2,1,1.0,83.39999999999954,137.1999999999965,219.6999999999918,87741.02220705769,5000.0,841,219.6999999999918,COMPLETED
MARL,open_33,2,1,0.9531737773152964,80.4999999999997,203.39999999999273,inf,242424.00000000003,6000.0,3027,640.000000000077,ALL_DEPLETED
Random,open_33,2,2,0.971904266389178,132.79999999999674,295.1999999999986,inf,242424.00000000003,15300.0,3094,655.3000000000804,ALL_DEPLETED
PF,open_33,2,2,1.0,139.09999999999638,216.399999999992,311.10000000000224,124456.8590867754,5975.0,1665,311.10000000000224,COMPLETED
Consensus,open_33,2,2,1.0,70.0000000000003,137.99999999999645,209.79999999999237,83666.72906657436,4500.0,732,209.79999999999237,COMPLETED
MARL,open_33,2,2,0.9531737773152964,80.69999999999969,178.99999999999412,inf,242424.00000000003,8975.0,2962,651.9000000000797,ALL_DEPLETED
Random,open_33,5,0,1.0,53.100000000000485,121.79999999999735,611.8000000000706,566094.4949271844,23800.0,8865,611.8000000000706,COMPLETED
PF,open_33,5,0,1.0,38.10000000000027,87.5999999999993,128.299999999997,128498.6202462347,12175.0,1682,128.299999999997,COMPLETED
Consensus,open_33,5,0,1.0,38.10000000000027,63.20000000000063,105.49999999999828,104755.74739454896,8300.0,1131,105.49999999999828,COMPLETED
MARL,open_33,5,0,0.9906347554630592,32.20000000000019,79.29999999999977,inf,606060.0,20175.0,7966,675.8000000000851,ALL_DEPLETED
Random,open_33,5,1,1.0,74.00000000000007,171.39999999999455,652.1000000000797,600064.7612191676,23825.0,9143,652.1000000000797,COMPLETED
PF,open_33,5,1,1.0,40.1000000000003,75.10000000000001,120.8999999999974,121868.29203691355,10100.0,1591,120.8999999999974,COMPLETED
Consensus,open_33,5,1,1.0,32.30000000000019,55.90000000000053,94.89999999999888,93769.8600657744,5900.0,917,94.89999999999888,COMPLETED
MARL,open_33,5,1,0.9979188345473464,43.900000000000354,103.79999999999838,inf,606060.0,20625.0,8031,686.7000000000876,ALL_DEPLETED
Random,open_33,5,2,0.9947970863683664,65.20000000000057,129.19999999999695,inf,606060.0,23200.0,8706,664.8000000000826,ALL_DEPLETED
PF,open_33,5,2,1.0,41.100000000000314,79.19999999999978,124.3999999999972,124518.09291715817,9300.0,1652,124.3999999999972,COMPLETED
Consensus,open_33,5,2,1.0,32.9000000000002,59.400000000000574,95.39999999999884,94602.08720897885,7525.0,936,95.39999999999884,COMPLETED
MARL,open_33,5,2,0.9895941727367326,41.900000000000325,102.09999999999847,inf,606060.0,21075.0,7941,677.1000000000854,ALL_DEPLETED
Random,open_33,10,0,1.0,30.600000000000165,74.10000000000007,480.9000000000409,884624.905445414,23975.0,13630,480.9000000000409,COMPLETED
PF,open_33,10,0,1.0,17.299999999999976,38.70000000000028,60.60000000000059,121177.54865891275,12050.0,1535,60.60000000000059,COMPLETED
Consensus,open_33,10,0,1.0,17.099999999999973,31.900000000000183,54.0000000000005,104907.5122495338,9150.0,1035,54.0000000000005,COMPLETED
MARL,open_33,10,0,0.9937565036420396,25.30000000000009,99.39999999999864,inf,1212120.0,22700.0,15688,706.6000000000921,ALL_DEPLETED
Random,open_33,10,1,1.0,30.700000000000166,66.5000000000005,317.0000000000036,583225.4969005547,23425.0,9060,317.0000000000036,COMPLETED
PF,open_33,10,1,1.0,18.39999999999999,34.900000000000226,62.50000000000062,125378.5106501095,11750.0,1630,62.50000000000062,COMPLETED
Consensus,open_33,10,1,1.0,14.099999999999966,27.000000000000114,52.70000000000048,104463.5077143258,11825.0,1127,52.70000000000048,COMPLETED
MARL,open_33,10,1,0.9947970863683664,23.600000000000065,60.100000000000584,inf,1212120.0,22200.0,15808,695.9000000000897,ALL_DEPLETED
Random,open_33,10,2,1.0,29.60000000000015,70.50000000000027,285.4999999999964,525061.4034215894,23500.0,7905,285.4999999999964,COMPLETED
PF,open_33,10,2,1.0,19.1,37.90000000000027,63.50000000000063,126939.70875054062,14025.0,1586,63.50000000000063,COMPLETED
Consensus,open_33,10,2,1.0,16.19999999999996,33.2000000000002,47.70000000000041,93827.29318356352,8400.0,931,47.70000000000041,COMPLETED
MARL,open_33,10,2,0.9979188345473464,19.1,48.70000000000042,inf,1212120.0,22275.0,15306,703.0000000000913,ALL_DEPLETED
Random,open_33,20,0,1.0,16.09999999999996,34.70000000000022,150.79999999999572,555030.0233321814,23750.0,8019,150.79999999999572,COMPLETED
PF,open_33,20,0,1.0,6.8999999999999915,17.099999999999973,34.800000000000225,139045.0537228575,16175.0,1835,34.800000000000225,COMPLETED
Consensus,open_33,20,0,1.0,6.699999999999992,14.199999999999966,27.60000000000012,107882.70368849346,13275.0,1184,27.60000000000012,COMPLETED
MARL,open_33,20,0,1.0,11.599999999999977,28.300000000000132,163.699999999995,604528.3326642374,23875.0,9640,163.699999999995,COMPLETED
Random,open_33,20,1,1.0,18.29999999999999,38.50000000000028,159.39999999999523,584723.7948955479,23825.0,8615,159.39999999999523,COMPLETED
PF,open_33,20,1,1.0,6.499999999999993,17.49999999999998,30.30000000000016,120832.72366278993,13675.0,1502,30.30000000000016,COMPLETED
Consensus,open_33,20,1,1.0,6.5999999999999925,14.299999999999963,24.00000000000007,94003.68785630912,9400.0,956,24.00000000000007,COMPLETED
MARL,open_33,20,1,1.0,13.199999999999967,32.50000000000019,162.39999999999506,599962.3224436757,23900.0,9508,162.39999999999506,COMPLETED
Random,open_33,20,2,1.0,14.799999999999963,30.700000000000166,150.79999999999572,553071.3760954705,23825.0,8181,150.79999999999572,COMPLETED
PF,open_33,20,2,1.0,6.5999999999999925,17.799999999999983,32.30000000000019,129111.94891268852,13775.0,1708,32.30000000000019,COMPLETED
Consensus,open_33,20,2,1.0,6.5999999999999925,14.999999999999964,27.100000000000115,105796.53174721405,11925.0,1164,27.100000000000115,COMPLETED
MARL,open_33,20,2,1.0,12.79999999999997,34.30000000000022,160.89999999999517,597433.0593962665,23800.0,9476,160.89999999999517,COMPLETED
Random,partial_33,2,0,0.9257592800899888,204.49999999999267,468.10000000003794,inf,242424.00000000003,9175.0,2859,669.5000000000837,ALL_DEPLETED
PF,partial_33,2,0,0.8875140607424072,123.99999999999724,202.3999999999928,inf,242424.00000000003,575.0,1961,684.300000000087,ALL_DEPLETED
Consensus,partial_33,2,0,0.9640044994375704,87.19999999999932,190.29999999999347,inf,242424.00000000003,2750.0,1374,710.9000000000931,ALL_DEPLETED
MARL,partial_33,2,0,0.9595050618672666,87.4999999999993,173.7999999999944,inf,242424.00000000003,9575.0,2933,646.7000000000785,ALL_DEPLETED
Random,partial_33,2,1,0.9111361079865016,176.09999999999428,455.100000000035,inf,242424.00000000003,12150.0,2925,669.2000000000836,ALL_DEPLETED
PF,partial_33,2,1,1.0,110.199999999998,242.6999999999905,335.0000000000077,131706.4519690339,4000.0,1674,335.0000000000077,COMPLETED
Consensus,partial_33,2,1,0.4971878515185601,inf,inf,inf,242424.00000000003,125.0,843,717.5000000000946,ALL_DEPLETED
MARL,partial_33,2,1,0.9291338582677166,84.49999999999947,214.6999999999921,inf,242424.00000000003,5100.0,2833,648.900000000079,ALL_DEPLETED
Random,partial_33,2,2,0.938132733408324,189.0999999999935,373.3000000000164,inf,242424.00000000003,11150.0,2734,667.6000000000832,ALL_DEPLETED
PF,partial_33,2,2,0.9865016872890888,119.79999999999748,282.8999999999958,inf,242424.00000000003,3425.0,2467,691.5000000000887,ALL_DEPLETED
Consensus,partial_33,2,2,0.7244094488188977,132.69999999999675,inf,inf,242424.00000000003,1050.0,1218,710.500000000093,ALL_DEPLETED
MARL,partial_33,2,2,0.9482564679415072,114.49999999999775,323.200000000005,inf,242424.00000000003,1925.0,2820,649.3000000000791,ALL_DEPLETED
Random,partial_33,5,0,0.9966254218222722,69.20000000000034,160.29999999999518,inf,606060.0,21575.0,8406,672.3000000000843,ALL_DEPLETED
PF,partial_33,5,0,1.0,36.900000000000254,81.69999999999963,178.39999999999415,173806.51891359093,13950.0,2174,178.39999999999415,COMPLETED
Consensus,partial_33,5,0,1.0,38.20000000000027,76.79999999999991,134.59999999999664,126659.6358554241,7550.0,1108,134.59999999999664,COMPLETED
MARL,partial_33,5,0,0.9741282339707537,40.80000000000031,93.69999999999897,inf,606060.0,16950.0,7384,678.6000000000857,ALL_DEPLETED
Random,partial_33,5,1,0.997750281214848,62.70000000000062,182.9999999999939,inf,606060.0,21650.0,8304,672.3000000000843,ALL_DEPLETED
PF,partial_33,5,1,1.0,47.90000000000041,82.89999999999957,151.0999999999957,145730.83474181488,6700.0,1780,151.0999999999957,COMPLETED
Consensus,partial_33,5,1,1.0,34.70000000000022,70.80000000000025,135.59999999999658,127717.13040816876,7275.0,1128,135.59999999999658,COMPLETED
MARL,partial_33,5,1,0.9775028121484814,43.300000000000345,124.79999999999718,inf,606060.0,17500.0,7451,684.200000000087,ALL_DEPLETED
Random,partial_33,5,2,0.9966254218222722,58.10000000000056,167.89999999999475,inf,606060.0,21350.0,8017,673.0000000000845,ALL_DEPLETED
PF,partial_33,5,2,1.0,39.700000000000294,79.39999999999976,136.19999999999655,134195.77558203344,11400.0,1564,136.19999999999655,COMPLETED
Consensus,partial_33,5,2,1.0,35.90000000000024,77.69999999999986,147.09999999999593,137064.682899468,6325.0,1181,147.09999999999593,COMPLETED
MARL,partial_33,5,2,0.9752530933633295,37.600000000000264,97.09999999999876,inf,606060.0,17800.0,7433,684.100000000087,ALL_DEPLETED
Random,partial_33,10,0,1.0,47.3000000000004,94.29999999999892,381.7000000000183,691836.4611487688,21800.0,9405,381.7000000000183,COMPLETED
PF,partial_33,10,0,1.0,17.299999999999976,36.900000000000254,73.30000000000011,144237.27341730148,10900.0,1791,73.30000000000011,COMPLETED
Consensus,partial_33,10,0,1.0,16.399999999999963,35.40000000000023,61.80000000000061,117625.22542062332,7725.0,1068,61.80000000000061,COMPLETED
MARL,partial_33,10,0,0.9865016872890888,23.90000000000007,89.79999999999917,inf,1212120.0,19775.0,14484,707.2000000000922,ALL_DEPLETED
Random,partial_33,10,1,1.0,31.800000000000185,80.09999999999972,403.7000000000233,734300.3265693771,22100.0,10509,403.7000000000233,COMPLETED
PF,partial_33,10,1,1.0,18.9,43.80000000000035,67.80000000000042,133124.53109329776,10250.0,1587,67.80000000000042,COMPLETED
Consensus,partial_33,10,1,1.0,16.29999999999996,32.40000000000019,58.10000000000056,111040.67415114911,7925.0,1057,58.10000000000056,COMPLETED
MARL,partial_33,10,1,0.9898762654668166,21.90000000000004,67.50000000000044,inf,1212120.0,19975.0,14880,698.2000000000902,ALL_DEPLETED
Random,partial_33,10,2,1.0,35.500000000000234,80.4999999999997,386.80000000001945,702839.5872431205,22050.0,9954,386.80000000001945,COMPLETED
PF,partial_33,10,2,1.0,19.0,44.90000000000037,78.59999999999981,155215.34009802924,12950.0,2024,78.59999999999981,COMPLETED
Consensus,partial_33,10,2,1.0,15.199999999999962,31.500000000000178,54.1000000000005,104644.71069038752,10225.0,995,54.1000000000005,COMPLETED
MARL,partial_33,10,2,0.9775028121484814,30.30000000000016,86.69999999999935,inf,1212120.0,19425.0,14613,709.6000000000928,ALL_DEPLETED
Random,partial_33,20,0,1.0,19.40000000000001,45.300000000000374,202.3999999999928,734511.6732003135,22050.0,9964,202.3999999999928,COMPLETED
PF,partial_33,20,0,1.0,7.099999999999991,19.60000000000001,41.70000000000032,163491.5175516433,14375.0,2167,41.70000000000032,COMPLETED
Consensus,partial_33,20,0,1.0,7.39999999999999,20.700000000000024,45.10000000000037,167276.30907497322,12675.0,1661,45.10000000000037,COMPLETED
MARL,partial_33,20,0,1.0,15.49999999999996,47.500000000000405,213.39999999999216,778675.9794426137,22025.0,11364,213.39999999999216,COMPLETED
Random,partial_33,20,1,1.0,16.699999999999967,49.10000000000043,160.1999999999952,578296.1920928704,21850.0,7644,160.1999999999952,COMPLETED
PF,partial_33,20,1,1.0,6.8999999999999915,17.799999999999983,36.00000000000024,141465.0981899784,13425.0,1726,36.00000000000024,COMPLETED
Consensus,partial_33,20,1,1.0,6.799999999999992,14.999999999999964,36.50000000000025,140212.66396011505,12850.0,1526,36.50000000000025,COMPLETED
MARL,partial_33,20,1,1.0,12.399999999999972,35.30000000000023,160.1999999999952,585977.3314684965,21925.0,8289,160.1999999999952,COMPLETED
Random,partial_33,20,2,1.0,19.200000000000003,38.20000000000027,137.0999999999965,496659.8150504166,21350.0,6572,137.0999999999965,COMPLETED
PF,partial_33,20,2,1.0,7.19999999999999,18.9,37.20000000000026,147290.49091479136,16650.0,1868,37.20000000000026,COMPLETED
Consensus,partial_33,20,2,1.0,6.8999999999999915,17.299999999999976,34.40000000000022,132644.07172426954,13850.0,1456,34.40000000000022,COMPLETED
MARL,partial_33,20,2,1.0,16.19999999999996,43.60000000000035,301.7000000000001,1103261.5683596295,22200.0,16463,301.7000000000001,COMPLETED
Random,closed_33,2,0,0.8373702422145328,225.39999999999148,483.90000000004153,inf,242424.00000000003,5450.0,2372,688.600000000088,ALL_DEPLETED
PF,closed_33,2,0,0.4913494809688581,inf,inf,inf,242424.00000000003,0.0,1788,717.8000000000947,ALL_DEPLETED
Consensus,closed_33,2,0,0.1782006920415225,inf,inf,inf,242424.00000000003,0.0,686,731.6000000000978,ALL_DEPLETED
MARL,closed_33,2,0,0.5017301038062284,633.7000000000755,inf,inf,242424.00000000003,1600.0,1973,700.5000000000907,ALL_DEPLETED
Random,closed_33,2,1,0.7975778546712803,239.99999999999065,inf,inf,242424.00000000003,2700.0,2230,690.9000000000885,ALL_DEPLETED
PF,closed_33,2,1,0.4152249134948096,inf,inf,inf,242424.00000000003,125.0,1105,715.7000000000942,ALL_DEPLETED
Consensus,closed_33,2,1,0.1262975778546712,inf,inf,inf,242424.00000000003,0.0,936,731.4000000000977,ALL_DEPLETED
MARL,closed_33,2,1,0.6937716262975778,416.0000000000261,inf,inf,242424.00000000003,2625.0,1870,698.0000000000902,ALL_DEPLETED
Random,closed_33,2,2,0.6332179930795848,274.59999999999394,inf,inf,242424.00000000003,5925.0,2295,691.8000000000887,ALL_DEPLETED
PF,closed_33,2,2,0.6176470588235294,104.59999999999832,inf,inf,242424.00000000003,0.0,2223,707.6000000000923,ALL_DEPLETED
Consensus,closed_33,2,2,0.2923875432525951,inf,inf,inf,242424.00000000003,0.0,568,725.0000000000963,ALL_DEPLETED
MARL,closed_33,2,2,0.8373702422145328,106.09999999999825,514.6000000000485,inf,242424.00000000003,2650.0,2091,689.5000000000882,ALL_DEPLETED
Random,closed_33,5,0,0.980968858131488,83.89999999999951,306.9000000000013,inf,606060.0,10600.0,6312,695.6000000000896,ALL_DEPLETED
PF,closed_33,5,0,0.9515570934256056,41.100000000000314,105.0999999999983,inf,606060.0,2425.0,3765,726.6000000000967,ALL_DEPLETED
Consensus,closed_33,5,0,0.4273356401384083,inf,inf,inf,606060.0,250.0,1720,731.6000000000978,ALL_DEPLETED
MARL,closed_33,5,0,0.944636678200692,52.10000000000047,187.9999999999936,inf,606060.0,10625.0,5943,694.2000000000893,ALL_DEPLETED
Random,closed_33,5,1,0.9792387543252596,131.29999999999683,284.29999999999615,inf,606060.0,12200.0,6376,693.3000000000891,ALL_DEPLETED
PF,closed_33,5,1,0.6660899653979239,55.80000000000052,inf,inf,606060.0,1675.0,4853,725.6000000000964,ALL_DEPLETED
Consensus,closed_33,5,1,0.5916955017301038,30.600000000000165,inf,inf,606060.0,550.0,2215,729.8000000000974,ALL_DEPLETED
MARL,closed_33,5,1,0.9567474048442908,42.40000000000033,170.5999999999946,inf,606060.0,8325.0,5813,692.1000000000888,ALL_DEPLETED
Random,closed_33,5,2,0.9048442906574394,98.59999999999869,421.7000000000274,inf,606060.0,9550.0,6326,694.8000000000894,ALL_DEPLETED
PF,closed_33,5,2,0.6557093425605537,34.40000000000022,inf,inf,606060.0,700.0,3103,720.8000000000953,ALL_DEPLETED
Consensus,closed_33,5,2,0.5294117647058824,62.300000000000615,inf,inf,606060.0,200.0,1786,731.3000000000977,ALL_DEPLETED
MARL,closed_33,5,2,0.8373702422145328,44.90000000000037,200.89999999999287,inf,606060.0,6250.0,5875,697.0000000000899,ALL_DEPLETED
Random,closed_33,10,0,0.991349480968858,39.00000000000029,118.29999999999757,inf,1212120.0,13800.0,13446,692.4000000000889,ALL_DEPLETED
PF,closed_33,10,0,0.9013840830449829,16.399999999999963,46.60000000000039,inf,1212120.0,2875.0,8660,726.6000000000967,ALL_DEPLETED
Consensus,closed_33,10,0,0.7612456747404844,22.800000000000058,inf,inf,1212120.0,700.0,4082,732.700000000098,ALL_DEPLETED
MARL,closed_33,10,0,0.9290657439446368,29.60000000000015,137.0999999999965,inf,1212120.0,10650.0,11319,723.2000000000959,ALL_DEPLETED
Random,closed_33,10,1,1.0,40.60000000000031,111.79999999999792,649.6000000000791,1141527.018024648,13700.0,12609,649.6000000000791,COMPLETED
PF,closed_33,10,1,0.9844290657439446,18.19999999999999,183.49999999999383,inf,1212120.0,4775.0,7737,722.6000000000957,ALL_DEPLETED
Consensus,closed_33,10,1,0.8079584775086506,12.599999999999971,43.60000000000035,inf,1212120.0,2975.0,4662,730.4000000000975,ALL_DEPLETED
MARL,closed_33,10,1,0.9792387543252596,26.80000000000011,105.29999999999828,inf,1212120.0,11250.0,11445,710.500000000093,ALL_DEPLETED
Random,closed_33,10,2,0.986159169550173,44.90000000000037,125.59999999999714,inf,1212120.0,13450.0,13133,695.9000000000897,ALL_DEPLETED
PF,closed_33,10,2,0.8875432525951558,14.799999999999963,37.40000000000026,inf,1212120.0,4150.0,8141,731.4000000000977,ALL_DEPLETED
Consensus,closed_33,10,2,0.884083044982699,17.099999999999973,43.900000000000354,inf,1212120.0,3450.0,4230,731.9000000000979,ALL_DEPLETED
MARL,closed_33,10,2,0.8494809688581315,21.600000000000037,95.89999999999884,inf,1212120.0,10425.0,12044,714.4000000000939,ALL_DEPLETED
Random,closed_33,20,0,1.0,15.39999999999996,46.50000000000039,509.0000000000472,1799001.0068088437,14125.0,20799,509.0000000000472,COMPLETED
PF,closed_33,20,0,0.991349480968858,5.699999999999996,17.399999999999977,inf,2424240.0,8800.0,16491,726.5000000000966,ALL_DEPLETED
Consensus,closed_33,20,0,0.9342560553633218,5.699999999999996,17.099999999999973,inf,2424240.0,2925.0,9332,732.700000000098,ALL_DEPLETED
MARL,closed_33,20,0,1.0,13.999999999999966,35.90000000000024,175.9999999999943,627860.1521965242,13450.0,7352,175.9999999999943,COMPLETED
Random,closed_33,20,1,0.9982698961937716,19.200000000000003,51.800000000000466,inf,2424240.0,14300.0,27941,698.0000000000902,ALL_DEPLETED
PF,closed_33,20,1,1.0,6.099999999999994,19.900000000000013,85.39999999999942,308210.86669210903,8925.0,3273,85.39999999999942,COMPLETED
Consensus,closed_33,20,1,0.9394463667820068,5.999999999999995,17.59999999999998,inf,2424240.0,5175.0,7318,731.3000000000977,ALL_DEPLETED
MARL,closed_33,20,1,1.0,13.899999999999968,51.800000000000466,397.6000000000219,1418480.5177644938,14275.0,17825,397.6000000000219,COMPLETED
Random,closed_33,20,2,1.0,16.399999999999963,50.80000000000045,459.600000000036,1617300.1455669685,14050.0,18357,459.600000000036,COMPLETED
PF,closed_33,20,2,0.9982698961937716,5.899999999999995,14.299999999999963,inf,2424240.0,8800.0,18053,726.1000000000965,ALL_DEPLETED
Consensus,closed_33,20,2,0.9117647058823528,5.1999999999999975,16.19999999999996,inf,2424240.0,3775.0,9581,732.600000000098,ALL_DEPLETED
MARL,closed_33,20,2,0.9896193771626296,9.89999999999998,41.80000000000032,inf,2424240.0,14275.0,29505,700.6000000000907,ALL_DEPLETED
