a_initial,a_final,decay_steps,map_label,n_drones,seed,final_coverage,overlap_m2,wasted_visits,energy_used_j,time_to_terminal,score
2.0,0.0,500,open_33,2,0,0.5598335067637877,9500.0,4063,242424.00000000003,629.1000000000745,0.031841962098403204
2.0,0.0,500,open_33,2,1,0.24141519250780438,2000.0,3828,242424.00000000003,635.900000000076,-0.21086038022562478
2.0,0.0,500,open_33,5,0,0.6170655567117586,12650.0,10828,606060.0,619.6000000000723,0.03023722388819325
2.0,0.0,500,open_33,5,1,0.5993756503642039,12625.0,10751,606060.0,616.5000000000716,0.012538506884083062
2.0,0.0,500,open_33,10,0,0.40582726326742974,5750.0,24210,1212120.0,642.9000000000776,-0.10566129173258434
2.0,0.0,500,open_33,10,1,0.4620187304890739,7050.0,24143,1212120.0,637.7000000000764,-0.06504151555132573
2.0,0.0,500,open_33,20,0,0.6160249739854319,10650.0,47875,2424240.0,635.5000000000759,0.04225840605488265
2.0,0.0,500,open_33,20,1,0.5026014568158168,7775.0,46678,2424240.0,636.6000000000762,-0.03585690206051781
2.0,0.0,500,partial_33,2,0,0.5433962264150943,8000.0,3369,242424.00000000003,663.1000000000822,0.01229335543939944
2.0,0.0,500,partial_33,2,1,0.5459119496855346,7525.0,3231,242424.00000000003,670.4000000000839,0.023407838325596814
2.0,0.0,500,partial_33,5,0,0.3283018867924528,1425.0,5588,606060.0,700.9000000000908,-0.12426508787002596
2.0,0.0,500,partial_33,5,1,0.25534591194968553,625.0,5382,606060.0,731.5000000000978,-0.1876282870597156
2.0,0.0,500,partial_33,10,0,0.8213836477987422,14550.0,16650,1212120.0,668.1000000000834,0.16863829795998828
2.0,0.0,500,partial_33,10,1,0.9874213836477987,18000.0,14911,1212120.0,649.100000000079,0.28628264862577657
2.0,0.0,500,partial_33,20,0,0.9081761006289308,17000.0,31504,2424240.0,667.3000000000832,0.21384916355284836
2.0,0.0,500,partial_33,20,1,0.959748427672956,17225.0,32709,2424240.0,666.1000000000829,0.2621425348537505
2.0,0.0,500,closed_33,2,0,0.08823529411764706,0.0,1432,242424.00000000003,731.6000000000978,-0.3458922251750779
2.0,0.0,500,closed_33,2,1,0.29238754325259514,2400.0,1367,242424.00000000003,712.6000000000935,-0.16887607831122645
2.0,0.0,500,closed_33,5,0,0.8512110726643599,9650.0,7085,606060.0,676.7000000000853,0.22590061273780407
2.0,0.0,500,closed_33,5,1,0.2820069204152249,1300.0,3639,606060.0,732.8000000000981,-0.17656549164415178
2.0,0.0,500,closed_33,10,0,0.47058823529411764,4975.0,3770,1212120.0,732.400000000098,-0.056955380652323945
2.0,0.0,500,closed_33,10,1,0.4013840830449827,3825.0,2930,1212120.0,733.9000000000983,-0.1004607409061031
2.0,0.0,500,closed_33,20,0,0.9429065743944637,12450.0,14079,2424240.0,716.2000000000943,0.25116487294063805
2.0,0.0,500,closed_33,20,1,0.4844290657439446,2950.0,6466,2424240.0,732.400000000098,-0.008809230138286356
2.0,0.0,1500,open_33,2,0,0.6326742976066597,9850.0,4027,242424.00000000003,625.8000000000737,0.10458572571945571
2.0,0.0,1500,open_33,2,1,0.7148803329864725,10375.0,4032,242424.00000000003,633.8000000000756,0.18455784642521952
2.0,0.0,1500,open_33,5,0,0.7221644120707597,13175.0,11212,606060.0,629.2000000000745,0.1306908199479964
2.0,0.0,1500,open_33,5,1,0.6618106139438086,13750.0,11812,606060.0,630.8000000000749,0.060997783151595514
2.0,0.0,1500,open_33,10,0,0.8293444328824141,16175.0,21442,1212120.0,656.6000000000807,0.19367426396400575
2.0,0.0,1500,open_33,10,1,0.7669094693028096,15650.0,23154,1212120.0,619.6000000000723,0.13629811984913806
2.0,0.0,1500,open_33,20,0,0.8969823100936525,19425.0,50448,2424240.0,627.7000000000742,0.21501798536793634
2.0,0.0,1500,open_33,20,1,0.9771071800208116,22350.0,47031,2424240.0,623.9000000000733,0.2594508686381989
2.0,0.0,1500,partial_33,2,0,0.5547169811320755,8000.0,3207,242424.00000000003,662.300000000082,0.025784267074920014
2.0,0.0,1500,partial_33,2,1,0.620125786163522,8200.0,3386,242424.00000000003,655.2000000000804,0.09003614041743882
2.0,0.0,1500,partial_33,5,0,0.7119496855345911,11225.0,8289,606060.0,667.5000000000832,0.11724688582768969
2.0,0.0,1500,partial_33,5,1,0.2742138364779874,500.0,5441,606060.0,730.3000000000975,-0.1662209656201528
2.0,0.0,1500,partial_33,10,0,0.9823899371069182,18200.0,16806,1212120.0,675.100000000085,0.2765508518954406
2.0,0.0,1500,partial_33,10,1,0.6628930817610063,8875.0,15672,1212120.0,685.9000000000874,0.0942462348854777
2.0,0.0,1500,partial_33,20,0,0.959748427672956,17725.0,33258,2424240.0,694.3000000000893,0.25448501070709995
2.0,0.0,1500,partial_33,20,1,0.9333333333333333,16425.0,34232,2424240.0,685.3000000000873,0.24732908867072143
2.0,0.0,1500,closed_33,2,0,0.08650519031141868,0.0,955,242424.00000000003,729.8000000000974,-0.34301388099869745
2.0,0.0,1500,closed_33,2,1,0.4532871972318339,4250.0,864,242424.00000000003,714.5000000000939,-0.009587923213028482
2.0,0.0,1500,closed_33,5,0,0.3356401384083045,2025.0,2974,606060.0,728.300000000097,-0.1324746164062773
2.0,0.0,1500,closed_33,5,1,0.29411764705882354,2075.0,4321,606060.0,731.5000000000978,-0.18205033673652568
2.0,0.0,1500,closed_33,10,0,0.2837370242214533,1700.0,7121,1212120.0,732.500000000098,-0.18924793457560932
2.0,0.0,1500,closed_33,10,1,0.29238754325259514,2075.0,2233,1212120.0,732.8000000000981,-0.17402907547567856
2.0,0.0,1500,closed_33,20,0,0.8944636678200693,10925.0,23603,2424240.0,726.8000000000967,0.2296329626377915
2.0,0.0,1500,closed_33,20,1,0.8806228373702422,10975.0,10138,2424240.0,724.5000000000962,0.22266578983374294
2.0,0.0,3000,open_33,2,0,0.619146722164412,8950.0,4069,242424.00000000003,632.2000000000752,0.10121556255226952
2.0,0.0,3000,open_33,2,1,0.7429760665972945,10425.0,4021,242424.00000000003,631.1000000000749,0.21359231548641786
2.0,0.0,3000,open_33,5,0,1.0,22175.0,5171,332288.5236411368,337.2000000000082,0.39092108143843823
2.0,0.0,3000,open_33,5,1,0.9989594172736732,21825.0,10696,606060.0,632.7000000000753,0.30669466154001324
2.0,0.0,3000,open_33,10,0,1.0,22825.0,7045,442357.1746964089,222.29999999999166,0.39828060069106896
2.0,0.0,3000,open_33,10,1,1.0,22650.0,7359,457572.88535471284,231.09999999999116,0.39729356725982357
2.0,0.0,3000,open_33,20,0,1.0,22800.0,14355,829755.7926928704,207.3999999999925,0.38468035325464395
2.0,0.0,3000,open_33,20,1,1.0,23175.0,12341,715512.1109937048,178.79999999999413,0.3896547371290501
2.0,0.0,3000,partial_33,2,0,0.9484276729559749,14225.0,3189,242424.00000000003,641.6000000000773,0.34663373406471987
2.0,0.0,3000,partial_33,2,1,0.45031446540880504,5075.0,3026,242424.00000000003,673.4000000000846,-0.0389961639680628
2.0,0.0,3000,partial_33,5,0,0.49433962264150944,3200.0,6540,606060.0,730.8000000000976,0.018598916675057836
2.0,0.0,3000,partial_33,5,1,0.32075471698113206,1625.0,5529,606060.0,727.0000000000967,-0.13499188827126665
2.0,0.0,3000,partial_33,10,0,0.5106918238993711,7575.0,10350,1212120.0,732.400000000098,-0.036768330951551215
2.0,0.0,3000,partial_33,10,1,0.9710691823899371,17425.0,14225,1212120.0,675.300000000085,0.27904895863868795
2.0,0.0,3000,partial_33,20,0,0.9672955974842767,18150.0,34405,2424240.0,683.1000000000868,0.2554477107459424
2.0,0.0,3000,partial_33,20,1,0.9622641509433962,18300.0,26496,2424240.0,682.3000000000866,0.25001191141121504
2.0,0.0,3000,closed_33,2,0,0.11591695501730104,0.0,1687,242424.00000000003,709.7000000000928,-0.3170679683325026
2.0,0.0,3000,closed_33,2,1,0.4273356401384083,4175.0,1252,242424.00000000003,709.8000000000928,-0.05435404969454197
2.0,0.0,3000,closed_33,5,0,0.8633217993079585,8975.0,5717,606060.0,715.5000000000941,0.2566281865157297
2.0,0.0,3000,closed_33,5,1,0.3546712802768166,2225.0,941,606060.0,731.4000000000977,-0.08230201432795684
2.0,0.0,3000,closed_33,10,0,0.3062283737024221,2275.0,5387,1212120.0,728.4000000000971,-0.17590441076276866
2.0,0.0,3000,closed_33,10,1,0.25432525951557095,1250.0,2912,1212120.0,733.3000000000982,-0.20165426604975908
2.0,0.0,3000,closed_33,20,0,0.671280276816609,7100.0,9233,2424240.0,730.5000000000975,0.09152952253738492
2.0,0.0,3000,closed_33,20,1,0.9965397923875432,13250.0,10995,2424240.0,722.7000000000958,0.2919427291930259
2.0,0.5,500,open_33,2,0,1.0,19450.0,3034,218214.95179741457,556.800000000058,0.3992733260509751
2.0,0.5,500,open_33,2,1,1.0,19225.0,2941,215653.73582297907,550.6000000000566,0.40532893936496284
2.0,0.5,500,open_33,5,0,1.0,21950.0,5470,343438.23944822606,344.3000000000098,0.3888873786213611
2.0,0.5,500,open_33,5,1,1.0,22450.0,5955,370567.6477256253,373.9000000000165,0.3730342481342378
2.0,0.5,500,open_33,10,0,1.0,23400.0,9711,568225.6982139319,284.5999999999962,0.3671053580544814
2.0,0.5,500,open_33,10,1,1.0,22900.0,9292,541726.5033535108,271.3999999999932,0.3776106600342901
2.0,0.5,500,open_33,20,0,1.0,22675.0,16205,911256.9256511666,225.79999999999146,0.379356487700904
2.0,0.5,500,open_33,20,1,1.0,22925.0,16430,919458.0579659799,228.3999999999913,0.3755288013562279
2.0,0.5,500,partial_33,2,0,0.879245283018868,14175.0,3124,242424.00000000003,643.3000000000777,0.2756907847295226
2.0,0.5,500,partial_33,2,1,0.9220125786163522,14275.0,3129,242424.00000000003,645.7000000000783,0.31903584569101506
2.0,0.5,500,partial_33,5,0,0.9974842767295597,16675.0,7083,606060.0,672.9000000000844,0.3315474072441502
2.0,0.5,500,partial_33,5,1,0.6477987421383647,8775.0,5345,606060.0,701.2000000000909,0.09726665521855163
2.0,0.5,500,partial_33,10,0,0.690566037735849,11600.0,13145,1212120.0,685.1000000000872,0.08305441885059447
2.0,0.5,500,partial_33,10,1,0.7660377358490567,11575.0,12027,1212120.0,694.0000000000892,0.1613349997312262
2.0,0.5,500,partial_33,20,0,0.8905660377358491,15750.0,13114,2424240.0,716.6000000000944,0.22375255077509895
2.0,0.5,500,partial_33,20,1,0.9446540880503145,17500.0,13215,2424240.0,709.7000000000928,0.2521907351516457
2.0,0.5,500,closed_33,2,0,0.11418685121107267,0.0,1731,242424.00000000003,723.500000000096,-0.319239229293472
2.0,0.5,500,closed_33,2,1,0.48788927335640137,3200.0,1780,242424.00000000003,710.700000000093,0.018036970783825185
2.0,0.5,500,closed_33,5,0,0.8339100346020761,8500.0,4606,606060.0,722.7000000000958,0.24141481324309225
2.0,0.5,500,closed_33,5,1,0.35986159169550175,2425.0,3885,606060.0,731.3000000000977,-0.11968333234234083
2.0,0.5,500,closed_33,10,0,0.2906574394463668,1900.0,4004,1212120.0,733.1000000000981,-0.18115283486733288
2.0,0.5,500,closed_33,10,1,0.2370242214532872,1425.0,2508,1212120.0,734.1000000000984,-0.22146624571471352
2.0,0.5,500,closed_33,20,0,0.44809688581314877,2600.0,9517,2424240.0,733.5000000000982,-0.04237876137907429
2.0,0.5,500,closed_33,20,1,0.49480968858131485,3175.0,7346,2424240.0,732.8000000000981,-0.004309572515650756
2.0,0.5,1500,open_33,2,0,1.0,18950.0,3047,218359.6466703167,558.5000000000584,0.40519653951069967
2.0,0.5,1500,open_33,2,1,1.0,19250.0,2921,215147.12577869918,549.9000000000565,0.4056992752660613
2.0,0.5,1500,open_33,5,0,1.0,22275.0,5021,326294.02434556745,329.60000000000645,0.39228000076826824
2.0,0.5,1500,open_33,5,1,1.0,21700.0,4930,320028.21140439255,323.8000000000051,0.4016978509887497
2.0,0.5,1500,open_33,10,0,1.0,22500.0,7931,479780.39977534907,239.89999999999065,0.39429117790390644
2.0,0.5,1500,open_33,10,1,1.0,23075.0,7961,485144.36302465503,243.79999999999043,0.38636293132288924
2.0,0.5,1500,open_33,20,0,1.0,23350.0,13547,782094.5605130801,194.59999999999323,0.38170066745795633
2.0,0.5,1500,open_33,20,1,1.0,23000.0,13686,788114.374694264,196.8999999999931,0.38552385066225364
2.0,0.5,1500,partial_33,2,0,0.9962264150943396,15075.0,2936,242424.00000000003,643.9000000000779,0.38796870641797354
2.0,0.5,1500,partial_33,2,1,0.8490566037735849,11850.0,3077,242424.00000000003,649.9000000000792,0.279715450152651
2.0,0.5,1500,partial_33,5,0,0.5169811320754717,5450.0,7418,606060.0,681.4000000000864,0.006021674508553204
2.0,0.5,1500,partial_33,5,1,0.5459119496855346,5375.0,4675,606060.0,729.3000000000973,0.045819868994289276
2.0,0.5,1500,partial_33,10,0,0.779874213836478,12750.0,7124,1212120.0,710.9000000000931,0.1669955342446767
2.0,0.5,1500,partial_33,10,1,0.9081761006289308,15325.0,17643,1212120.0,662.8000000000822,0.24420507516747805
2.0,0.5,1500,partial_33,20,0,0.9421383647798742,17775.0,27372,2424240.0,683.6000000000869,0.23738250329867558
2.0,0.5,1500,partial_33,20,1,0.8742138364779874,14950.0,30105,2424240.0,674.6000000000848,0.21087849519453297
2.0,0.5,1500,closed_33,2,0,0.10207612456747404,0.0,674,242424.00000000003,730.8000000000976,-0.31822098017710676
2.0,0.5,1500,closed_33,2,1,0.4342560553633218,3675.0,2742,242424.00000000003,674.6000000000848,-0.061327263293963014
2.0,0.5,1500,closed_33,5,0,0.45501730103806226,4875.0,3762,606060.0,720.3000000000952,-0.07103573159869234
2.0,0.5,1500,closed_33,5,1,0.3460207612456747,1825.0,1729,606060.0,730.0000000000974,-0.10520875748829708
2.0,0.5,1500,closed_33,10,0,0.7301038062283737,8825.0,7261,1212120.0,702.1000000000911,0.11891930700969397
2.0,0.5,1500,closed_33,10,1,0.39965397923875434,4025.0,3350,1212120.0,730.1000000000975,-0.10900234277173701
2.0,0.5,1500,closed_33,20,0,0.5397923875432526,3600.0,10552,2424240.0,733.4000000000982,0.029223069862673284
2.0,0.5,1500,closed_33,20,1,0.5207612456747405,4375.0,7027,2424240.0,732.9000000000981,-0.002191050343418516
2.0,0.5,3000,open_33,2,0,1.0,19100.0,3036,219404.22113119147,565.0000000000599,0.40289905679604676
2.0,0.5,3000,open_33,2,1,1.0,18325.0,2857,213371.87438583517,549.5000000000564,0.4195523947982538
2.0,0.5,3000,open_33,5,0,1.0,22350.0,4652,304304.5920078866,308.90000000000174,0.3997526200473646
2.0,0.5,3000,open_33,5,1,1.0,22275.0,4610,307854.6279453287,312.6000000000026,0.4002302788462057
2.0,0.5,3000,open_33,10,0,1.0,22725.0,7482,460373.1023012942,232.69999999999106,0.395518537989941
2.0,0.5,3000,open_33,10,1,1.0,22425.0,7242,445753.72793227783,224.8999999999915,0.40200582772484234
2.0,0.5,3000,open_33,20,0,1.0,23225.0,12998,761238.2550046765,190.39999999999347,0.3852857780514878
2.0,0.5,3000,open_33,20,1,1.0,23225.0,10825,651071.54856828,163.19999999999501,0.3956577674599114
2.0,0.5,3000,partial_33,2,0,0.9735849056603774,14150.0,2964,242424.00000000003,651.4000000000796,0.3776743356518637
2.0,0.5,3000,partial_33,2,1,0.9823899371069182,13225.0,2855,242424.00000000003,652.4000000000798,0.40276179504742926
2.0,0.5,3000,partial_33,5,0,0.9823899371069182,16050.0,6930,606060.0,678.0000000000856,0.3260665057704327
2.0,0.5,3000,partial_33,5,1,0.9987421383647799,16100.0,5648,606060.0,683.0000000000867,0.34825492037643424
2.0,0.5,3000,partial_33,10,0,1.0,19025.0,8311,683765.0621039597,362.900000000014,0.3575396260364636
2.0,0.5,3000,partial_33,10,1,0.8415094339622642,14850.0,14150,1212120.0,674.1000000000847,0.1864574701043182
2.0,0.5,3000,partial_33,20,0,1.0,19050.0,12700,995019.8283292837,262.29999999999114,0.3708393850982542
2.0,0.5,3000,partial_33,20,1,1.0,19500.0,10130,768729.9692747751,200.4999999999929,0.38168750116788946
2.0,0.5,3000,closed_33,2,0,0.12110726643598616,0.0,1578,242424.00000000003,701.3000000000909,-0.31059445956185633
2.0,0.5,3000,closed_33,2,1,0.43771626297577854,3975.0,1873,242424.00000000003,693.6000000000892,-0.05355328636536419
2.0,0.5,3000,closed_33,5,0,0.6072664359861591,6525.0,3385,606060.0,729.7000000000974,0.055540088353433464
2.0,0.5,3000,closed_33,5,1,0.3235294117647059,2500.0,2482,606060.0,732.700000000098,-0.151799038586335
2.0,0.5,3000,closed_33,10,0,0.903114186851211,11200.0,10657,1212120.0,725.6000000000964,0.2401521994729847
2.0,0.5,3000,closed_33,10,1,0.24394463667820068,1125.0,2500,1212120.0,733.1000000000981,-0.207839548794401
2.0,0.5,3000,closed_33,20,0,0.5259515570934256,3975.0,9702,2424240.0,733.2000000000982,0.00809569237311894
2.0,0.5,3000,closed_33,20,1,0.5743944636678201,4950.0,6015,2424240.0,732.300000000098,0.04287430626087205
2.0,1.0,500,open_33,2,0,1.0,18575.0,3009,220081.8106277673,569.600000000061,0.40954154769234474
2.0,1.0,500,open_33,2,1,1.0,18275.0,2613,202795.6696313376,523.1000000000504,0.4316335879992125
2.0,1.0,500,open_33,5,0,1.0,22250.0,5133,335056.44947455084,339.20000000000863,0.3896180401132178
2.0,1.0,500,open_33,5,1,1.0,22475.0,4939,323098.1385559553,325.9000000000056,0.3912141121283691
2.0,1.0,500,open_33,10,0,1.0,22975.0,7888,479306.78726855665,240.8999999999906,0.3885738456217746
2.0,1.0,500,open_33,10,1,1.0,23275.0,8226,504575.2623603572,253.3999999999899,0.38061793197295263
2.0,1.0,500,open_33,20,0,1.0,23175.0,13339,770789.0913745202,192.19999999999337,0.38484855368207754
2.0,1.0,500,open_33,20,1,1.0,22800.0,12667,740589.0722100697,184.89999999999378,0.3923247314490417
2.0,1.0,500,partial_33,2,0,0.579874213836478,4225.0,3043,242424.00000000003,662.7000000000821,0.11112536256856495
2.0,1.0,500,partial_33,2,1,0.9861635220125786,13075.0,2929,242424.00000000003,642.1000000000774,0.40770559104195636
2.0,1.0,500,partial_33,5,0,0.7949685534591195,11575.0,6083,606060.0,681.6000000000864,0.20404242200024672
2.0,1.0,500,partial_33,5,1,0.6893081761006289,11725.0,5380,606060.0,688.300000000088,0.09561539310297992
2.0,1.0,500,partial_33,10,0,1.0,19050.0,7479,570235.3049404696,300.6999999999999,0.3733249574081923
2.0,1.0,500,partial_33,10,1,0.8415094339622642,14675.0,11101,1212120.0,693.2000000000891,0.19260738223355053
2.0,1.0,500,partial_33,20,0,1.0,19325.0,11604,877407.0750144362,228.7999999999913,0.3752584185054209
2.0,1.0,500,partial_33,20,1,0.9723270440251572,18300.0,30775,2424240.0,671.3000000000841,0.25900688817598894
2.0,1.0,500,closed_33,2,0,0.10899653979238755,0.0,1761,242424.00000000003,711.1000000000931,-0.32508606254679373
2.0,1.0,500,closed_33,2,1,0.46539792387543255,3975.0,1775,242424.00000000003,693.6000000000892,-0.022091063124148352
2.0,1.0,500,closed_33,5,0,0.7698961937716263,8600.0,3290,606060.0,716.8000000000944,0.18264800841196396
2.0,1.0,500,closed_33,5,1,0.4204152249134948,3650.0,2414,606060.0,719.300000000095,-0.07237080726746334
2.0,1.0,500,closed_33,10,0,0.38235294117647056,3000.0,3501,1212120.0,733.6000000000982,-0.10656223653077676
2.0,1.0,500,closed_33,10,1,0.24740484429065743,1325.0,4095,1212120.0,733.0000000000981,-0.2144255512863151
2.0,1.0,500,closed_33,20,0,0.7854671280276817,8100.0,9910,2424240.0,731.5000000000978,0.18599823777067606
2.0,1.0,500,closed_33,20,1,0.5934256055363322,4950.0,8447,2424240.0,732.1000000000979,0.05791947964356056
2.0,1.0,1500,open_33,2,0,1.0,19150.0,3157,232322.96166678378,602.9000000000685,0.392457899857552
2.0,1.0,1500,open_33,2,1,1.0,18225.0,2946,221075.1253237728,567.8000000000605,0.4144911293881507
2.0,1.0,1500,open_33,5,0,1.0,22025.0,4565,302437.1541799725,307.60000000000144,0.4050646109315065
2.0,1.0,1500,open_33,5,1,1.0,22075.0,4775,322431.582774552,330.50000000000665,0.39776487133132404
2.0,1.0,1500,open_33,10,0,1.0,22900.0,7168,448091.45165790175,225.29999999999148,0.3961158656789444
2.0,1.0,1500,open_33,10,1,1.0,22600.0,7436,465202.44014181965,235.19999999999092,0.39669097567039474
2.0,1.0,1500,open_33,20,0,1.0,22900.0,14577,844296.4386382261,211.29999999999228,0.38229633188398116
2.0,1.0,1500,open_33,20,1,1.0,23150.0,12341,715360.8183770287,178.79999999999413,0.3899759264743729
2.0,1.0,1500,partial_33,2,0,0.7949685534591195,10875.0,2993,242424.00000000003,653.50000000008,0.2386766138943108
2.0,1.0,1500,partial_33,2,1,0.9383647798742139,12325.0,2897,242424.00000000003,650.8000000000794,0.36931548456561536
2.0,1.0,1500,partial_33,5,0,0.989937106918239,16925.0,6709,606060.0,686.6000000000876,0.3215177626530097
2.0,1.0,1500,partial_33,5,1,0.9710691823899371,16275.0,6648,606060.0,687.7000000000878,0.31217729859239296
2.0,1.0,1500,partial_33,10,0,0.5119496855345912,7600.0,11721,1212120.0,731.0000000000977,-0.03714412790472557
2.0,1.0,1500,partial_33,10,1,0.9710691823899371,17675.0,14401,1212120.0,666.2000000000829,0.2750962408261062
2.0,1.0,1500,partial_33,20,0,1.0,19475.0,13131,986257.0159870246,258.89999999999037,0.3643994352388435
2.0,1.0,1500,partial_33,20,1,0.9622641509433962,18300.0,26660,2424240.0,671.5000000000841,0.2499615685240287
2.0,1.0,1500,closed_33,2,0,0.1522491349480969,0.0,1340,242424.00000000003,713.0000000000936,-0.2737079145383644
2.0,1.0,1500,closed_33,2,1,0.4273356401384083,4200.0,1937,242424.00000000003,690.4000000000884,-0.07037746471137477
2.0,1.0,1500,closed_33,5,0,0.8373702422145328,9025.0,4862,606060.0,699.3000000000904,0.23271604938271598
2.0,1.0,1500,closed_33,5,1,0.3546712802768166,2225.0,1243,606060.0,728.6000000000971,-0.09349456010331766
2.0,1.0,1500,closed_33,10,0,0.7162629757785467,8175.0,7600,1212120.0,725.0000000000963,0.11759322665535235
2.0,1.0,1500,closed_33,10,1,0.25432525951557095,1275.0,2970,1212120.0,733.1000000000981,-0.20244155372239664
2.0,1.0,1500,closed_33,20,0,0.671280276816609,7100.0,9620,2424240.0,730.2000000000975,0.09106168352515223
2.0,1.0,1500,closed_33,20,1,1.0,13475.0,5575,934177.519135531,267.2999999999923,0.39276212329530114
2.0,1.0,3000,open_33,2,0,1.0,18100.0,2895,221132.52267613995,575.1000000000622,0.4169937694994117
2.0,1.0,3000,open_33,2,1,1.0,18850.0,2996,225772.64901889302,582.900000000064,0.4029554086701963
2.0,1.0,3000,open_33,5,0,1.0,22250.0,4808,322023.4358610258,328.4000000000062,0.3953894154015113
2.0,1.0,3000,open_33,5,1,1.0,22400.0,4346,295801.9648420324,302.2000000000002,0.40411630148219113
2.0,1.0,3000,open_33,10,0,1.0,22950.0,6466,410360.6642712478,207.1999999999925,0.403339982623917
2.0,1.0,3000,open_33,10,1,1.0,23250.0,7037,447270.5489480281,226.19999999999143,0.3924241372666453
2.0,1.0,3000,open_33,20,0,1.0,23250.0,11992,707054.8183380347,177.2999999999942,0.3898060864100751
2.0,1.0,3000,open_33,20,1,1.0,23500.0,13942,812539.7872544848,204.0999999999927,0.3774868920737566
2.0,1.0,3000,partial_33,2,0,0.8867924528301887,12925.0,2988,242424.00000000003,652.9000000000799,0.30452418054214425
2.0,1.0,3000,partial_33,2,1,0.6628930817610063,9675.0,3026,242424.00000000003,655.5000000000805,0.11690850912300751
2.0,1.0,3000,partial_33,5,0,0.9911949685534591,16925.0,5795,606060.0,684.6000000000871,0.32718950501752986
2.0,1.0,3000,partial_33,5,1,0.6880503144654088,8450.0,8021,606060.0,675.0000000000849,0.13521136127406932
2.0,1.0,3000,partial_33,10,0,0.9823899371069182,17650.0,17238,1212120.0,668.2000000000834,0.2845333396625481
2.0,1.0,3000,partial_33,10,1,0.9924528301886792,18950.0,16709,1212120.0,667.2000000000832,0.27549791015349334
2.0,1.0,3000,partial_33,20,0,0.9974842767295597,18875.0,13948,2424240.0,719.200000000095,0.28427283278558046
2.0,1.0,3000,partial_33,20,1,0.8264150943396227,14225.0,22576,2424240.0,720.9000000000954,0.17573729119671014
2.0,1.0,3000,closed_33,2,0,0.13321799307958476,0.0,1662,242424.00000000003,703.5000000000914,-0.29794295510264
2.0,1.0,3000,closed_33,2,1,0.4757785467128028,4850.0,2733,242424.00000000003,669.8000000000837,-0.04193107755200534
2.0,1.0,3000,closed_33,5,0,0.42214532871972316,4700.0,3739,606060.0,706.8000000000922,-0.10149886344144468
2.0,1.0,3000,closed_33,5,1,0.48788927335640137,3800.0,5784,606060.0,720.0000000000952,-0.02150131711496492
2.0,1.0,3000,closed_33,10,0,0.44809688581314877,3225.0,7593,1212120.0,727.0000000000967,-0.05340700792418293
2.0,1.0,3000,closed_33,10,1,0.2508650519031142,1200.0,3150,1212120.0,733.0000000000981,-0.20529106641019942
2.0,1.0,3000,closed_33,20,0,1.0,13525.0,5901,959583.4977200069,274.59999999999394,0.38879230108002366
2.0,1.0,3000,closed_33,20,1,0.6314878892733564,4950.0,8267,2424240.0,732.9000000000981,0.09696063555080939
3.0,0.0,500,open_33,2,0,0.29552549427679503,3425.0,3847,242424.00000000003,627.3000000000741,-0.1710623541049364
3.0,0.0,500,open_33,2,1,0.28720083246618106,3000.0,4020,242424.00000000003,636.5000000000762,-0.17543084710926637
3.0,0.0,500,open_33,5,0,0.2726326742976067,3750.0,11535,606060.0,640.100000000077,-0.2119752819728483
3.0,0.0,500,open_33,5,1,0.33298647242455776,5950.0,11037,606060.0,633.7000000000755,-0.1773026421646914
3.0,0.0,500,open_33,10,0,0.4724245577523413,7675.0,23771,1212120.0,641.7000000000774,-0.06223526476512434
3.0,0.0,500,open_33,10,1,0.4214360041623309,6525.0,22681,1212120.0,633.6000000000755,-0.09922313783926376
3.0,0.0,500,open_33,20,0,0.578563995837669,9375.0,45887,2424240.0,645.1000000000781,0.020645493938619947
3.0,0.0,500,open_33,20,1,0.5879292403746098,9650.0,47662,2424240.0,630.5000000000748,0.02649994495646954
3.0,0.0,500,partial_33,2,0,0.8113207547169812,12725.0,3222,242424.00000000003,653.9000000000801,0.22483962833392698
3.0,0.0,500,partial_33,2,1,0.740880503144654,9800.0,3275,242424.00000000003,652.6000000000798,0.19424134406291912
3.0,0.0,500,partial_33,5,0,0.9559748427672956,16750.0,8072,606060.0,666.0000000000829,0.2845154270349103
3.0,0.0,500,partial_33,5,1,0.36981132075471695,2025.0,4837,606060.0,731.9000000000979,-0.0880095297748262
3.0,0.0,500,partial_33,10,0,0.7723270440251573,11775.0,13661,1212120.0,687.6000000000878,0.1630504282824278
3.0,0.0,500,partial_33,10,1,0.49433962264150944,5475.0,9074,1212120.0,729.9000000000974,-0.020292544398405638
3.0,0.0,500,partial_33,20,0,0.7094339622641509,11000.0,17723,2424240.0,727.0000000000967,0.10820425640604117
3.0,0.0,500,partial_33,20,1,0.9735849056603774,18100.0,29240,2424240.0,677.5000000000855,0.26366930373093533
3.0,0.0,500,closed_33,2,0,0.05536332179930796,0.0,1136,242424.00000000003,733.1000000000981,-0.38086194456294464
3.0,0.0,500,closed_33,2,1,0.4117647058823529,4075.0,2717,242424.00000000003,678.6000000000857,-0.09311937813843565
3.0,0.0,500,closed_33,5,0,0.4532871972318339,4450.0,3027,606060.0,724.3000000000961,-0.05964694917606009
3.0,0.0,500,closed_33,5,1,0.44982698961937717,3025.0,1887,606060.0,726.9000000000967,-0.021090460531911798
3.0,0.0,500,closed_33,10,0,0.3408304498269896,3150.0,4239,1212120.0,732.0000000000979,-0.15568910514753118
3.0,0.0,500,closed_33,10,1,0.3217993079584775,2450.0,5470,1212120.0,734.5000000000985,-0.1636445589689963
3.0,0.0,500,closed_33,20,0,0.5397923875432526,3650.0,6383,2424240.0,733.6000000000982,0.033549978910277306
3.0,0.0,500,closed_33,20,1,0.6539792387543253,6475.0,7732,2424240.0,733.2000000000982,0.08908846592721856
3.0,0.0,1500,open_33,2,0,0.631633714880333,9750.0,3941,242424.00000000003,628.2000000000743,0.10548066929207126
3.0,0.0,1500,open_33,2,1,0.6503642039542143,9050.0,4266,242424.00000000003,633.1000000000754,0.1312481940976248
3.0,0.0,1500,open_33,5,0,0.7741935483870968,15625.0,10101,606060.0,632.4000000000752,0.15522075561945856
3.0,0.0,1500,open_33,5,1,0.8022892819979188,13975.0,11281,606060.0,629.0000000000745,0.20253094972849947
3.0,0.0,1500,open_33,10,0,0.9146722164412071,20650.0,22163,1212120.0,631.400000000075,0.22381569148252103
3.0,0.0,1500,open_33,10,1,0.899063475546306,18825.0,23049,1212120.0,632.7000000000753,0.23039068565972745
3.0,0.0,1500,open_33,20,0,0.9843912591050988,22200.0,48204,2424240.0,631.9000000000751,0.26850973709966175
3.0,0.0,1500,open_33,20,1,0.9614984391259105,21825.0,42624,2424240.0,631.8000000000751,0.25089076857106907
3.0,0.0,1500,partial_33,2,0,0.43144654088050316,5300.0,3349,242424.00000000003,661.900000000082,-0.06512683097455887
3.0,0.0,1500,partial_33,2,1,0.6327044025157232,8975.0,3261,242424.00000000003,654.9000000000804,0.09287858939484059
3.0,0.0,1500,partial_33,5,0,0.8578616352201258,12700.0,8388,606060.0,670.800000000084,0.244276960699336
3.0,0.0,1500,partial_33,5,1,0.2880503144654088,700.0,4892,606060.0,731.0000000000977,-0.15354481915015125
3.0,0.0,1500,partial_33,10,0,0.589937106918239,9200.0,15161,1212120.0,699.3000000000904,0.01562665733128918
3.0,0.0,1500,partial_33,10,1,0.8377358490566038,12225.0,7260,1212120.0,715.2000000000941,0.23397127834989376
3.0,0.0,1500,partial_33,20,0,0.9345911949685535,16925.0,23398,2424240.0,696.5000000000898,0.2439083070399559
3.0,0.0,1500,partial_33,20,1,0.8163522012578617,13775.0,28714,2424240.0,695.1000000000895,0.17061402236774406
3.0,0.0,1500,closed_33,2,0,0.06228373702422145,0.0,1186,242424.00000000003,731.7000000000978,-0.37332273688012474
3.0,0.0,1500,closed_33,2,1,0.48961937716262977,4375.0,1066,242424.00000000003,710.300000000093,0.017279990674739065
3.0,0.0,1500,closed_33,5,0,0.5190311418685121,5425.0,2959,606060.0,725.1000000000963,-0.010427227283768353
3.0,0.0,1500,closed_33,5,1,0.5086505190311419,5500.0,3435,606060.0,722.9000000000958,-0.026328322883425875
3.0,0.0,1500,closed_33,10,0,0.2837370242214533,1750.0,6076,1212120.0,732.700000000098,-0.1891549847691716
3.0,0.0,1500,closed_33,10,1,0.3079584775086505,2050.0,4410,1212120.0,734.2000000000984,-0.16740746215575994
3.0,0.0,1500,closed_33,20,0,0.8806228373702422,11125.0,20309,2424240.0,725.2000000000963,0.21254453335324927
3.0,0.0,1500,closed_33,20,1,0.48961937716262977,4025.0,5595,2424240.0,733.3000000000982,-0.023945392793281423
3.0,0.0,3000,open_33,2,0,0.6992715920915713,8825.0,3887,242424.00000000003,636.8000000000762,0.18884966066239958
3.0,0.0,3000,open_33,2,1,0.7138397502601457,8700.0,3566,242424.00000000003,641.7000000000774,0.20915922177420712
3.0,0.0,3000,open_33,5,0,1.0,22225.0,5196,336519.048415927,343.5000000000096,0.3890975524601804
3.0,0.0,3000,open_33,5,1,1.0,21850.0,4206,287617.84234604554,293.09999999999815,0.4144066217479092
3.0,0.0,3000,open_33,10,0,1.0,23025.0,7667,475007.2864261884,240.19999999999064,0.3892963656791171
3.0,0.0,3000,open_33,10,1,1.0,22800.0,6712,431212.29686962673,219.49999999999181,0.40148369165279335
3.0,0.0,3000,open_33,20,0,1.0,23625.0,12003,715159.1999196005,180.29999999999404,0.38462169211330227
3.0,0.0,3000,open_33,20,1,1.0,23475.0,11427,689154.3694382859,174.39999999999438,0.3890782122145222
3.0,0.0,3000,partial_33,2,0,0.650314465408805,5150.0,2789,242424.00000000003,675.100000000085,0.17504887245222137
3.0,0.0,3000,partial_33,2,1,0.36855345911949683,3950.0,2463,242424.00000000003,685.0000000000872,-0.10361957748750208
3.0,0.0,3000,partial_33,5,0,0.9937106918238994,16125.0,7942,606060.0,661.4000000000818,0.33301156929234954
3.0,0.0,3000,partial_33,5,1,0.8842767295597485,14250.0,6339,606060.0,684.200000000087,0.25468682365227624
3.0,0.0,3000,partial_33,10,0,1.0,18975.0,6543,511215.24976918614,268.1999999999925,0.38516707163005814
3.0,0.0,3000,partial_33,10,1,0.8729559748427673,14550.0,12219,1212120.0,684.4000000000871,0.2250121754992815
3.0,0.0,3000,partial_33,20,0,1.0,19400.0,9634,730589.424481452,191.19999999999342,0.3865077377760087
3.0,0.0,3000,partial_33,20,1,1.0,19550.0,10944,863808.5300960774,227.89999999999134,0.37375390973373984
3.0,0.0,3000,closed_33,2,0,0.06228373702422145,0.0,887,242424.00000000003,730.0000000000974,-0.37045973233896623
3.0,0.0,3000,closed_33,2,1,0.4671280276816609,3700.0,2297,242424.00000000003,689.9000000000883,-0.022578682167581993
3.0,0.0,3000,closed_33,5,0,0.31833910034602075,2125.0,2965,606060.0,721.0000000000954,-0.15269361675267437
3.0,0.0,3000,closed_33,5,1,0.47058823529411764,4700.0,2894,606060.0,718.5000000000948,-0.0456602166958964
3.0,0.0,3000,closed_33,10,0,0.44809688581314877,4075.0,4730,1212120.0,729.8000000000974,-0.06537537137642838
3.0,0.0,3000,closed_33,10,1,0.4913494809688581,2700.0,3956,1212120.0,731.4000000000977,0.010944012825255894
3.0,0.0,3000,closed_33,20,0,0.643598615916955,5275.0,7926,2424240.0,731.4000000000977,0.1030876243994259
3.0,0.0,3000,closed_33,20,1,0.9896193771626297,12975.0,9834,2424240.0,723.600000000096,0.2922882563463556
3.0,0.5,500,open_33,2,0,1.0,18450.0,2849,206514.60042795894,528.4000000000516,0.42223586992644374
3.0,0.5,500,open_33,2,1,1.0,19825.0,3008,218261.53677212793,557.1000000000581,0.39503568443236137
3.0,0.5,500,open_33,5,0,1.0,22200.0,5080,327423.4401493417,330.10000000000656,0.392476650542011
3.0,0.5,500,open_33,5,1,1.0,21925.0,5045,323072.7976829063,326.90000000000583,0.3972255889252454
3.0,0.5,500,open_33,10,0,1.0,22450.0,9642,563194.6087495149,281.8999999999956,0.3797433400104482
3.0,0.5,500,open_33,10,1,1.0,22875.0,8998,530496.8132068233,265.2999999999918,0.38009113112603515
3.0,0.5,500,open_33,20,0,1.0,22825.0,15500,885929.7909579473,222.19999999999166,0.37971181272161003
3.0,0.5,500,open_33,20,1,1.0,23050.0,16544,931800.2446149047,232.0999999999911,0.37312457792319714
3.0,0.5,500,partial_33,2,0,0.9081761006289308,10575.0,3076,242424.00000000003,647.3000000000786,0.3611390304728407
3.0,0.5,500,partial_33,2,1,0.7245283018867924,10575.0,3278,242424.00000000003,654.3000000000802,0.16529774940463168
3.0,0.5,500,partial_33,5,0,0.32955974842767294,1925.0,6114,606060.0,731.9000000000979,-0.13161382174769645
3.0,0.5,500,partial_33,5,1,0.2918238993710692,675.0,5287,606060.0,730.5000000000975,-0.15019824406861296
3.0,0.5,500,partial_33,10,0,0.39748427672955977,4775.0,15334,1212120.0,730.3000000000975,-0.11297813142577748
3.0,0.5,500,partial_33,10,1,0.8855345911949686,14375.0,15495,1212120.0,678.8000000000858,0.23714685651714149
3.0,0.5,500,partial_33,20,0,0.9949685534591195,18475.0,18220,2424240.0,715.3000000000941,0.2841384316064616
3.0,0.5,500,partial_33,20,1,0.909433962264151,16650.0,12790,2424240.0,715.000000000094,0.2297199730487033
3.0,0.5,500,closed_33,2,0,0.06228373702422145,0.0,1095,242424.00000000003,733.0000000000981,-0.3726116358021858
3.0,0.5,500,closed_33,2,1,0.49653979238754326,4150.0,2373,242424.00000000003,674.3000000000848,-0.0016954005544425887
3.0,0.5,500,closed_33,5,0,0.5484429065743944,6500.0,1867,606060.0,721.4000000000955,0.01259432128809293
3.0,0.5,500,closed_33,5,1,0.2560553633217993,1675.0,5108,606060.0,732.0000000000979,-0.21471667904336056
3.0,0.5,500,closed_33,10,0,0.370242214532872,2925.0,6700,1212120.0,732.2000000000979,-0.12564336584458233
3.0,0.5,500,closed_33,10,1,0.3217993079584775,850.0,3179,1212120.0,733.8000000000983,-0.1237097287418886
3.0,0.5,500,closed_33,20,0,0.6591695501730104,5825.0,6896,2424240.0,732.600000000098,0.10949787179770445
3.0,0.5,500,closed_33,20,1,0.4083044982698962,2900.0,6765,2424240.0,733.7000000000983,-0.08623471760858462
3.0,0.5,1500,open_33,2,0,1.0,19150.0,3037,219811.6254776627,567.8000000000605,0.4020139205328799
3.0,0.5,1500,open_33,2,1,1.0,19825.0,3133,225390.31984472327,579.4000000000632,0.3885702965526644
3.0,0.5,1500,open_33,5,0,1.0,21650.0,4728,310339.0611044215,314.1000000000029,0.40636913543437364
3.0,0.5,1500,open_33,5,1,1.0,21500.0,4313,287522.1712756397,290.7999999999976,0.4176678619479646
3.0,0.5,1500,open_33,10,0,1.0,22800.0,7791,477416.2060874135,240.39999999999063,0.391345453340297
3.0,0.5,1500,open_33,10,1,1.0,22925.0,8136,492311.09744738485,248.49999999999017,0.38676032739100263
3.0,0.5,1500,open_33,20,0,1.0,23425.0,11124,663602.3874886152,166.69999999999482,0.39180853369467056
3.0,0.5,1500,open_33,20,1,1.0,23225.0,11416,676369.5392975113,169.39999999999466,0.3929824072944315
3.0,0.5,1500,partial_33,2,0,0.6238993710691824,8750.0,3288,242424.00000000003,651.3000000000795,0.08670292215706873
3.0,0.5,1500,partial_33,2,1,0.41132075471698115,3400.0,2566,242424.00000000003,677.4000000000855,-0.05053500787341089
3.0,0.5,1500,partial_33,5,0,0.730817610062893,12350.0,6780,606060.0,673.3000000000845,0.12363691926143697
3.0,0.5,1500,partial_33,5,1,0.5006289308176101,4575.0,4129,606060.0,728.300000000097,0.013502965435896158
3.0,0.5,1500,partial_33,10,0,0.8377358490566038,14850.0,12169,1212120.0,693.4000000000891,0.184707270721192
3.0,0.5,1500,partial_33,10,1,1.0,17825.0,6032,473471.85896351375,247.19999999999024,0.40945609424700113
3.0,0.5,1500,partial_33,20,0,0.9522012578616352,16975.0,24975,2424240.0,677.3000000000854,0.26035598514082103
3.0,0.5,1500,partial_33,20,1,1.0,19175.0,16604,1193941.0984885772,311.4000000000023,0.35313466049485176
3.0,0.5,1500,closed_33,2,0,0.06401384083044982,0.0,1077,242424.00000000003,731.1000000000977,-0.3704665102567235
3.0,0.5,1500,closed_33,2,1,0.4013840830449827,3600.0,1215,242424.00000000003,713.9000000000938,-0.06970132958802991
3.0,0.5,1500,closed_33,5,0,0.5778546712802768,6725.0,4083,606060.0,709.7000000000928,0.01647593004449535
3.0,0.5,1500,closed_33,5,1,0.6937716262975778,7800.0,4478,606060.0,704.4000000000916,0.11204615753522826
3.0,0.5,1500,closed_33,10,0,0.8062283737024222,9575.0,5896,1212120.0,728.6000000000971,0.1849692238651229
3.0,0.5,1500,closed_33,10,1,0.31141868512110726,2375.0,5275,1212120.0,734.2000000000984,-0.17243454273210154
3.0,0.5,1500,closed_33,20,0,0.6211072664359861,4150.0,7806,2424240.0,733.3000000000982,0.10369409947137478
3.0,0.5,1500,closed_33,20,1,0.671280276816609,6875.0,9003,2424240.0,731.7000000000978,0.09649711448759637
3.0,0.5,3000,open_33,2,0,1.0,18150.0,2843,212022.08373463122,545.9000000000556,0.4228197745173228
3.0,0.5,3000,open_33,2,1,1.0,18300.0,2719,205802.13528564418,531.7000000000523,0.42720652970473716
3.0,0.5,3000,open_33,5,0,1.0,21875.0,4513,311593.21765616594,319.2000000000041,0.40525106368610153
3.0,0.5,3000,open_33,5,1,1.0,21750.0,4474,303167.9289308563,310.6000000000021,0.4091978913086428
3.0,0.5,3000,open_33,10,0,1.0,23050.0,6877,433901.2858850339,220.49999999999176,0.3972505387243959
3.0,0.5,3000,open_33,10,1,1.0,23225.0,6679,426953.5044891725,215.999999999992,0.39684651943667437
3.0,0.5,3000,open_33,20,0,1.0,23350.0,10561,641500.294902083,162.89999999999503,0.39522765357784073
3.0,0.5,3000,open_33,20,1,1.0,23600.0,11172,682858.8853153447,172.3999999999945,0.3883815644371908
3.0,0.5,3000,partial_33,2,0,0.6138364779874214,6650.0,3265,242424.00000000003,659.9000000000815,0.10802346801803839
3.0,0.5,3000,partial_33,2,1,0.9421383647798742,13625.0,2952,242424.00000000003,649.5000000000791,0.3527468637010679
3.0,0.5,3000,partial_33,5,0,0.959748427672956,14650.0,7871,606060.0,670.4000000000839,0.3206833740528524
3.0,0.5,3000,partial_33,5,1,0.5182389937106918,5700.0,7188,606060.0,685.6000000000873,0.004019971311927634
3.0,0.5,3000,partial_33,10,0,1.0,18800.0,11346,1049441.061121765,586.3000000000648,0.31081207779353315
3.0,0.5,3000,partial_33,10,1,0.89937106918239,15600.0,15156,1212120.0,673.5000000000846,0.23297014305722488
3.0,0.5,3000,partial_33,20,0,1.0,19475.0,9539,782532.4869213505,207.89999999999247,0.38249095139419087
3.0,0.5,3000,partial_33,20,1,0.9987421383647799,19300.0,13727,2424240.0,721.2000000000954,0.2793807681407553
3.0,0.5,3000,closed_33,2,0,0.06401384083044982,0.0,1130,242424.00000000003,729.4000000000973,-0.37091903549060135
3.0,0.5,3000,closed_33,2,1,0.5519031141868512,5175.0,1119,242424.00000000003,704.6000000000917,0.06656998832694608
3.0,0.5,3000,closed_33,5,0,0.6089965397923875,6425.0,3499,606060.0,724.0000000000961,0.05858254086202788
3.0,0.5,3000,closed_33,5,1,0.4982698961937716,4975.0,2680,606060.0,717.6000000000946,-0.02035123335312669
3.0,0.5,3000,closed_33,10,0,0.6245674740484429,6875.0,4370,1212120.0,726.1000000000965,0.060281031855217854
3.0,0.5,3000,closed_33,10,1,0.4359861591695502,3175.0,4233,1212120.0,731.1000000000977,-0.05751905300122537
3.0,0.5,3000,closed_33,20,0,0.6487889273356401,5625.0,5230,2424240.0,732.300000000098,0.10763384082359043
3.0,0.5,3000,closed_33,20,1,0.9186851211072664,11625.0,11534,2424240.0,726.5000000000966,0.24609467683776823
3.0,1.0,500,open_33,2,0,1.0,18875.0,2805,212741.05997468016,550.5000000000566,0.4141030431053502
3.0,1.0,500,open_33,2,1,0.9927159209157128,18950.0,3345,242424.00000000003,630.5000000000748,0.3782165862770722
3.0,1.0,500,open_33,5,0,1.0,22275.0,4721,313566.0063077897,317.2000000000036,0.3978581073625557
3.0,1.0,500,open_33,5,1,1.0,21900.0,4428,298223.8505037206,301.90000000000015,0.408955970097904
3.0,1.0,500,open_33,10,0,1.0,23125.0,7981,489273.3556665918,245.39999999999034,0.3851742696270988
3.0,1.0,500,open_33,10,1,1.0,22700.0,7119,442209.4643032523,222.19999999999166,0.39952927789175074
3.0,1.0,500,open_33,20,0,1.0,22950.0,13158,771870.2353863525,192.19999999999337,0.38785216280493706
3.0,1.0,500,open_33,20,1,1.0,23575.0,14243,815212.0125337602,202.69999999999277,0.3760081643017637
3.0,1.0,500,partial_33,2,0,0.559748427672956,7700.0,3088,242424.00000000003,656.4000000000807,0.036864151774137904
3.0,1.0,500,partial_33,2,1,0.8327044025157233,11150.0,2959,242424.00000000003,652.6000000000798,0.27480479870218977
3.0,1.0,500,partial_33,5,0,0.70062893081761,10175.0,6582,606060.0,680.3000000000861,0.12600622029816425
3.0,1.0,500,partial_33,5,1,0.8515723270440252,14325.0,6205,606060.0,691.3000000000886,0.22041323733959164
3.0,1.0,500,partial_33,10,0,0.9987421383647799,18375.0,11633,1212120.0,695.0000000000895,0.29610714412841854
3.0,1.0,500,partial_33,10,1,0.5685534591194968,6975.0,16397,1212120.0,674.0000000000847,0.026873951175399008
3.0,1.0,500,partial_33,20,0,0.9433962264150944,17200.0,16685,2424240.0,713.7000000000937,0.25223421645777455
3.0,1.0,500,partial_33,20,1,0.9773584905660377,18175.0,28643,2424240.0,670.700000000084,0.26649760498926134
3.0,1.0,500,closed_33,2,0,0.06401384083044982,0.0,1089,242424.00000000003,730.3000000000975,-0.37057269952873706
3.0,1.0,500,closed_33,2,1,0.6003460207612457,5050.0,1699,242424.00000000003,696.2000000000897,0.10193705105525619
3.0,1.0,500,closed_33,5,0,0.7231833910034602,7225.0,3103,606060.0,723.600000000096,0.16435382869477258
3.0,1.0,500,closed_33,5,1,0.5588235294117647,4975.0,2600,606060.0,727.900000000097,0.044242760126865094
3.0,1.0,500,closed_33,10,0,0.8321799307958477,10225.0,7040,1212120.0,725.5000000000964,0.19463802774760466
3.0,1.0,500,closed_33,10,1,0.3079584775086505,2300.0,7573,1212120.0,733.7000000000983,-0.17734739836622884
3.0,1.0,500,closed_33,20,0,0.9083044982698962,11475.0,24469,2424240.0,730.2000000000975,0.2319262720707718
3.0,1.0,500,closed_33,20,1,0.5432525951557093,4125.0,9147,2424240.0,732.1000000000979,0.023124676503362057
3.0,1.0,1500,open_33,2,0,1.0,18075.0,2605,201928.17328669073,522.8000000000503,0.43482883702940106
3.0,1.0,1500,open_33,2,1,1.0,18875.0,3186,231238.79288870207,597.3000000000673,0.39604822898159897
3.0,1.0,1500,open_33,5,0,1.0,22375.0,4781,316540.6544177709,322.60000000000485,0.3953702596519857
3.0,1.0,1500,open_33,5,1,1.0,22350.0,4484,302360.6837731537,309.1000000000018,0.40180066950606813
3.0,1.0,1500,open_33,10,0,1.0,22825.0,6874,432574.84872047557,218.59999999999187,0.4002322631969724
3.0,1.0,1500,open_33,10,1,1.0,23050.0,7315,465176.0616659478,235.29999999999092,0.39157695118813796
3.0,1.0,1500,open_33,20,0,1.0,23075.0,9267,563811.3583401251,142.3999999999962,0.40645617828628805
3.0,1.0,1500,open_33,20,1,1.0,23250.0,11928,717223.2508440069,180.59999999999403,0.38931073521224874
3.0,1.0,1500,partial_33,2,0,0.6264150943396226,9450.0,2870,242424.00000000003,660.8000000000817,0.08368781029494513
3.0,1.0,1500,partial_33,2,1,0.9672955974842767,11750.0,2313,242424.00000000003,661.6000000000819,0.42034665338878485
3.0,1.0,1500,partial_33,5,0,0.9735849056603774,16450.0,7928,606060.0,662.100000000082,0.3075220954531285
3.0,1.0,1500,partial_33,5,1,1.0,17225.0,4123,336517.4068446021,355.60000000001236,0.4082919278007963
3.0,1.0,1500,partial_33,10,0,0.9836477987421384,18425.0,12839,1212120.0,673.0000000000845,0.2783135517868651
3.0,1.0,1500,partial_33,10,1,1.0,17975.0,5871,465956.3695544922,245.69999999999033,0.4089313002423714
3.0,1.0,1500,partial_33,20,0,0.9748427672955975,17625.0,16956,2424240.0,717.6000000000946,0.2774732146034725
3.0,1.0,1500,partial_33,20,1,0.8364779874213837,13800.0,29915,2424240.0,727.6000000000969,0.19025552799612797
3.0,1.0,1500,closed_33,2,0,0.06228373702422145,0.0,1086,242424.00000000003,726.3000000000966,-0.37253503897102513
3.0,1.0,1500,closed_33,2,1,0.4204152249134948,3650.0,2660,242424.00000000003,670.1000000000838,-0.07469581309184062
3.0,1.0,1500,closed_33,5,0,0.5034602076124568,5925.0,3312,606060.0,721.8000000000956,-0.03976480896190246
3.0,1.0,1500,closed_33,5,1,0.5467128027681661,5075.0,5866,606060.0,721.2000000000954,0.012239879617263943
3.0,1.0,1500,closed_33,10,0,0.856401384083045,10150.0,7522,1212120.0,723.4000000000959,0.21975343437103115
3.0,1.0,1500,closed_33,10,1,0.2958477508650519,1800.0,3608,1212120.0,733.1000000000981,-0.17239191594740524
3.0,1.0,1500,closed_33,20,0,0.6557093425605537,4750.0,6187,2424240.0,732.8000000000981,0.12996545999143008
3.0,1.0,1500,closed_33,20,1,0.5795847750865052,3825.0,8604,2424240.0,732.700000000098,0.06697143426596916
3.0,1.0,3000,open_33,2,0,1.0,17600.0,2858,220444.6647933271,573.1000000000618,0.4243714836335476
3.0,1.0,3000,open_33,2,1,1.0,17400.0,2749,207907.41526596024,538.4000000000539,0.4365569294807555
3.0,1.0,3000,open_33,5,0,1.0,21900.0,4278,295832.6667017252,303.70000000000056,0.4110575892493813
3.0,1.0,3000,open_33,5,1,1.0,22000.0,4311,300805.22359515657,310.6000000000021,0.40827930591755224
3.0,1.0,3000,open_33,10,0,1.0,22850.0,7001,446849.46112837107,226.8999999999914,0.3976320975088622
3.0,1.0,3000,open_33,10,1,1.0,22800.0,6436,424180.6902920299,216.49999999999199,0.403723576842925
3.0,1.0,3000,open_33,20,0,1.0,23450.0,10460,639943.438594684,161.5999999999951,0.39429299293531045
3.0,1.0,3000,open_33,20,1,1.0,23400.0,10585,647091.0261800615,164.09999999999496,0.39421817805318166
3.0,1.0,3000,partial_33,2,0,0.9119496855345912,13425.0,2606,242424.00000000003,653.6000000000801,0.330159438651081
3.0,1.0,3000,partial_33,2,1,0.6352201257861635,3750.0,2931,242424.00000000003,662.100000000082,0.1782638751607715
3.0,1.0,3000,partial_33,5,0,0.8150943396226416,11325.0,6327,606060.0,673.5000000000846,0.2275774666937175
3.0,1.0,3000,partial_33,5,1,0.7924528301886793,13375.0,6798,606060.0,665.1000000000827,0.1715658582348619
3.0,1.0,3000,partial_33,10,0,1.0,18875.0,6810,578013.0026556896,309.40000000000185,0.3775753346717822
3.0,1.0,3000,partial_33,10,1,0.8716981132075472,14500.0,15826,1212120.0,671.000000000084,0.2209712518321131
3.0,1.0,3000,partial_33,20,0,1.0,19500.0,10356,794033.9178745192,208.49999999999244,0.37973735874403614
3.0,1.0,3000,partial_33,20,1,1.0,19450.0,11282,903349.9367226972,240.9999999999906,0.37233872197665163
3.0,1.0,3000,closed_33,2,0,0.06920415224913495,0.0,1069,242424.00000000003,727.4000000000968,-0.3644197331330913
3.0,1.0,3000,closed_33,2,1,0.43079584775086505,3900.0,2809,242424.00000000003,672.2000000000843,-0.07018972428222889
3.0,1.0,3000,closed_33,5,0,0.8391003460207612,10625.0,5799,606060.0,710.700000000093,0.1972217082936568
3.0,1.0,3000,closed_33,5,1,0.42560553633217996,3475.0,2722,606060.0,717.4000000000946,-0.06611900772147553
3.0,1.0,3000,closed_33,10,0,0.8391003460207612,10500.0,7736,1212120.0,719.100000000095,0.19436139880701422
3.0,1.0,3000,closed_33,10,1,0.3373702422145329,1500.0,3866,1212120.0,732.500000000098,-0.12381075185504861
3.0,1.0,3000,closed_33,20,0,0.8217993079584776,9025.0,14320,2424240.0,728.7000000000971,0.19961625360771243
3.0,1.0,3000,closed_33,20,1,0.9411764705882353,11600.0,15253,2424240.0,722.1000000000956,0.2662326518374698
5.0,0.0,500,open_33,2,0,0.3777315296566077,6025.0,4242,242424.00000000003,627.100000000074,-0.1182988374322049
5.0,0.0,500,open_33,2,1,0.3558792924037461,5150.0,4204,242424.00000000003,623.8000000000733,-0.13030387284269326
5.0,0.0,500,open_33,5,0,0.34443288241415193,4275.0,11592,606060.0,634.9000000000758,-0.1450650150622039
5.0,0.0,500,open_33,5,1,0.4266389177939646,7500.0,11836,606060.0,637.4000000000764,-0.1014138759885295
5.0,0.0,500,open_33,10,0,0.5078043704474505,7725.0,21937,1212120.0,649.6000000000791,-0.026573664633837507
5.0,0.0,500,open_33,10,1,0.45265348595213317,6900.0,23739,1212120.0,627.9000000000742,-0.07255284635576945
5.0,0.0,500,open_33,20,0,0.7325702393340271,14900.0,42375,2424240.0,640.200000000077,0.10697222418885974
5.0,0.0,500,open_33,20,1,0.6607700312174818,12725.0,45611,2424240.0,621.9000000000729,0.061547879643499864
5.0,0.0,500,partial_33,2,0,0.34088050314465407,4200.0,3233,242424.00000000003,680.6000000000862,-0.1437581129203642
5.0,0.0,500,partial_33,2,1,0.8226415094339623,13650.0,3452,242424.00000000003,637.1000000000763,0.2199430602656439
5.0,0.0,500,partial_33,5,0,0.7660377358490567,12525.0,7604,606060.0,670.5000000000839,0.15478190862213895
5.0,0.0,500,partial_33,5,1,0.17735849056603772,725.0,4677,606060.0,731.0000000000977,-0.26924977351702606
5.0,0.0,500,partial_33,10,0,0.989937106918239,18950.0,14426,1212120.0,676.4000000000852,0.27497454800119225
5.0,0.0,500,partial_33,10,1,0.6088050314465409,7875.0,11753,1212120.0,700.4000000000907,0.05735831582020298
5.0,0.0,500,partial_33,20,0,1.0,19000.0,20407,1553380.7605488922,415.2000000000259,0.33190078974410414
5.0,0.0,500,partial_33,20,1,0.9383647798742139,16650.0,36089,2424240.0,665.3000000000827,0.24867532389182997
5.0,0.0,500,closed_33,2,0,0.06401384083044982,0.0,1324,242424.00000000003,732.8000000000981,-0.37227483579621357
5.0,0.0,500,closed_33,2,1,0.4463667820069204,4575.0,1233,242424.00000000003,709.8000000000928,-0.04114889258658447
5.0,0.0,500,closed_33,5,0,0.39792387543252594,3650.0,3320,606060.0,731.1000000000977,-0.10286249600641142
5.0,0.0,500,closed_33,5,1,0.3771626297577855,2750.0,2856,606060.0,728.200000000097,-0.10310002884131694
5.0,0.0,500,closed_33,10,0,0.596885813148789,6450.0,5818,1212120.0,730.2000000000975,0.03532510337048192
5.0,0.0,500,closed_33,10,1,0.3806228373702422,2850.0,4541,1212120.0,734.0000000000983,-0.10912852334677156
5.0,0.0,500,closed_33,20,0,0.5207612456747405,3075.0,10615,2424240.0,733.5000000000982,0.02074823168189807
5.0,0.0,500,closed_33,20,1,0.5640138408304498,4600.0,9171,2424240.0,732.700000000098,0.03436565512077969
5.0,0.0,1500,open_33,2,0,0.603537981269511,8250.0,4234,242424.00000000003,623.0000000000731,0.09222042523197202
5.0,0.0,1500,open_33,2,1,0.4620187304890739,4750.0,4212,242424.00000000003,619.9000000000724,-0.013130681933314486
5.0,0.0,1500,open_33,5,0,0.6337148803329865,11325.0,11740,606060.0,627.200000000074,0.06264996360099842
5.0,0.0,1500,open_33,5,1,0.7814776274713839,14075.0,10360,606060.0,647.7000000000787,0.1815559633223803
5.0,0.0,1500,open_33,10,0,0.899063475546306,18175.0,23825,1212120.0,636.2000000000761,0.23816654110654875
5.0,0.0,1500,open_33,10,1,0.9396462018730489,20875.0,23260,1212120.0,622.800000000073,0.24574714068952455
5.0,0.0,1500,open_33,20,0,0.9927159209157128,23150.0,45970,2424240.0,620.9000000000726,0.2652968193752544
5.0,0.0,1500,open_33,20,1,1.0,23100.0,11492,694239.7169461679,175.39999999999432,0.39333635836928194
5.0,0.0,1500,partial_33,2,0,0.8503144654088051,10850.0,3252,242424.00000000003,645.8000000000783,0.2937257639609405
5.0,0.0,1500,partial_33,2,1,0.7069182389937106,10625.0,2243,242424.00000000003,677.0000000000854,0.16220338793035796
5.0,0.0,1500,partial_33,5,0,0.9836477987421384,16700.0,8332,606060.0,651.8000000000796,0.312868501427757
5.0,0.0,1500,partial_33,5,1,0.9320754716981132,15425.0,8105,606060.0,659.3000000000814,0.2799308408353324
5.0,0.0,1500,partial_33,10,0,0.9685534591194969,16975.0,16145,1212120.0,700.7000000000908,0.2815391174642481
5.0,0.0,1500,partial_33,10,1,0.620125786163522,7850.0,13923,1212120.0,695.4000000000896,0.06745020964360579
5.0,0.0,1500,partial_33,20,0,0.769811320754717,13350.0,26824,2424240.0,725.4000000000964,0.13054937994824165
5.0,0.0,1500,partial_33,20,1,0.9710691823899371,18200.0,34484,2424240.0,674.2000000000847,0.25847685143560906
5.0,0.0,1500,closed_33,2,0,0.13321799307958476,0.0,1467,242424.00000000003,728.100000000097,-0.29626531146848667
5.0,0.0,1500,closed_33,2,1,0.6626297577854672,6425.0,1305,242424.00000000003,698.0000000000902,0.15286303025996203
5.0,0.0,1500,closed_33,5,0,0.5086505190311419,5075.0,6020,606060.0,729.7000000000974,-0.027188289341213617
5.0,0.0,1500,closed_33,5,1,0.49480968858131485,4875.0,1732,606060.0,728.8000000000972,-0.008328484622633164
5.0,0.0,1500,closed_33,10,0,0.39273356401384085,2775.0,2651,1212120.0,730.9000000000976,-0.08566107171588197
5.0,0.0,1500,closed_33,10,1,0.36505190311418684,1650.0,3721,1212120.0,731.7000000000978,-0.0975499191757768
5.0,0.0,1500,closed_33,20,0,0.7197231833910035,7525.0,5775,2424240.0,730.4000000000975,0.13920865954231168
5.0,0.0,1500,closed_33,20,1,0.486159169550173,3175.0,6691,2424240.0,732.500000000098,-0.012111007880591412
5.0,0.0,3000,open_33,2,0,0.7460978147762747,10250.0,3755,242424.00000000003,641.5000000000773,0.22176097943013465
5.0,0.0,3000,open_33,2,1,0.6753381893860562,8650.0,3819,242424.00000000003,634.4000000000757,0.1664578022640256
5.0,0.0,3000,open_33,5,0,1.0,21650.0,4472,308745.9392084094,317.80000000000376,0.4091366904616213
5.0,0.0,3000,open_33,5,1,1.0,22100.0,4246,295951.1872573936,304.8000000000008,0.40887013163021446
5.0,0.0,3000,open_33,10,0,1.0,22800.0,6001,397636.6923055721,205.09999999999263,0.40932199374555434
5.0,0.0,3000,open_33,10,1,1.0,23250.0,7043,452119.3277772805,231.59999999999113,0.3918193025053116
5.0,0.0,3000,open_33,20,0,1.0,23575.0,12913,780999.3103202251,197.99999999999304,0.3798644339747633
5.0,0.0,3000,open_33,20,1,1.0,23800.0,10953,684305.646001644,174.1999999999944,0.38623474320474105
5.0,0.0,3000,partial_33,2,0,0.5358490566037736,4500.0,3168,242424.00000000003,658.2000000000811,0.05903934929984636
5.0,0.0,3000,partial_33,2,1,0.9459119496855346,12525.0,2957,242424.00000000003,648.3000000000789,0.3732359216885891
5.0,0.0,3000,partial_33,5,0,0.8364779874213837,11850.0,6855,606060.0,683.8000000000869,0.23969487376778623
5.0,0.0,3000,partial_33,5,1,0.9572327044025157,13600.0,7968,606060.0,665.1000000000827,0.3336594397383309
5.0,0.0,3000,partial_33,10,0,0.8503144654088051,14200.0,9769,1212120.0,710.700000000093,0.21094638683410064
5.0,0.0,3000,partial_33,10,1,0.8918238993710692,14975.0,12087,1212120.0,696.7000000000899,0.2379641010719414
5.0,0.0,3000,partial_33,20,0,0.9685534591194969,17750.0,16289,2424240.0,721.3000000000955,0.26972572560172536
5.0,0.0,3000,partial_33,20,1,0.9308176100628931,16300.0,17926,2424240.0,714.1000000000938,0.2522287116723171
5.0,0.0,3000,closed_33,2,0,0.07785467128027682,0.0,1037,242424.00000000003,728.5000000000971,-0.35411287852461126
5.0,0.0,3000,closed_33,2,1,0.370242214532872,3225.0,2041,242424.00000000003,708.0000000000924,-0.11268718069376352
5.0,0.0,3000,closed_33,5,0,0.5242214532871973,5575.0,4640,606060.0,715.5000000000941,-0.017577293876061745
5.0,0.0,3000,closed_33,5,1,0.513840830449827,5175.0,4269,606060.0,710.2000000000929,-0.018529262726708268
5.0,0.0,3000,closed_33,10,0,0.5519031141868512,6400.0,4232,1212120.0,729.4000000000973,-0.004384957157343022
5.0,0.0,3000,closed_33,10,1,0.6193771626297578,4450.0,4192,1212120.0,728.300000000097,0.10614957053711385
5.0,0.0,3000,closed_33,20,0,0.5986159169550173,5600.0,5058,2424240.0,731.6000000000978,0.0571164908104865
5.0,0.0,3000,closed_33,20,1,0.6747404844290658,5025.0,5946,2424240.0,730.6000000000976,0.14443668955995945
5.0,0.5,500,open_33,2,0,1.0,19700.0,3003,216949.72819987332,552.000000000057,0.39746980060611137
5.0,0.5,500,open_33,2,1,1.0,19250.0,2791,205368.6446988219,527.5000000000514,0.4140988029096333
5.0,0.5,500,open_33,5,0,1.0,21900.0,5378,344090.61952823924,347.20000000001045,0.39000687287027125
5.0,0.5,500,open_33,5,1,1.0,21350.0,4649,305420.80823836266,308.10000000000156,0.41200104775779745
5.0,0.5,500,open_33,10,0,1.0,22725.0,9023,538270.9559926423,269.0999999999927,0.3809652727206313
5.0,0.5,500,open_33,10,1,1.0,22675.0,10157,589432.1694775866,295.79999999999876,0.37254762589085727
5.0,0.5,500,open_33,20,0,1.0,23525.0,16047,897669.2033605999,224.29999999999154,0.36970816616527635
5.0,0.5,500,open_33,20,1,1.0,22850.0,15459,876750.2313347613,218.59999999999187,0.37999031919059545
5.0,0.5,500,partial_33,2,0,0.5735849056603773,7750.0,3046,242424.00000000003,662.6000000000821,0.051222721487691386
5.0,0.5,500,partial_33,2,1,0.9773584905660377,15975.0,3102,242424.00000000003,640.8000000000771,0.3518747780744891
5.0,0.5,500,partial_33,5,0,0.7119496855345911,10500.0,8195,606060.0,667.1000000000831,0.12839602421346555
5.0,0.5,500,partial_33,5,1,0.7371069182389937,12075.0,6818,606060.0,673.0000000000845,0.13414224505536695
5.0,0.5,500,partial_33,10,0,1.0,19100.0,7381,560774.104661467,292.8999999999981,0.3740432092163298
5.0,0.5,500,partial_33,10,1,1.0,18350.0,6786,491167.1666549074,255.49999999998977,0.39594828488851064
5.0,0.5,500,partial_33,20,0,0.9358490566037736,17500.0,29677,2424240.0,687.8000000000878,0.2345907056783916
5.0,0.5,500,partial_33,20,1,0.8515723270440252,14375.0,32412,2424240.0,674.3000000000848,0.1962847420016394
5.0,0.5,500,closed_33,2,0,0.12283737024221453,0.0,1278,242424.00000000003,726.0000000000965,-0.30581760051801943
5.0,0.5,500,closed_33,2,1,0.29930795847750863,1900.0,1015,242424.00000000003,722.4000000000957,-0.14089598406207401
5.0,0.5,500,closed_33,5,0,0.740484429065744,8000.0,2969,606060.0,714.4000000000939,0.16774807633258967
5.0,0.5,500,closed_33,5,1,0.5501730103806228,5550.0,2557,606060.0,721.2000000000954,0.023686261137020853
5.0,0.5,500,closed_33,10,0,0.8788927335640139,11100.0,9006,1212120.0,723.0000000000958,0.2200169611839757
5.0,0.5,500,closed_33,10,1,0.42560553633217996,2325.0,4234,1212120.0,732.400000000098,-0.050635590020321836
5.0,0.5,500,closed_33,20,0,0.8408304498269896,8900.0,25007,2424240.0,729.9000000000974,0.21733013591732667
5.0,0.5,500,closed_33,20,1,0.49480968858131485,4275.0,9913,2424240.0,734.3000000000984,-0.02997649165308927
5.0,0.5,1500,open_33,2,0,1.0,18725.0,2888,213005.89600166687,550.0000000000565,0.4141674935405629
5.0,0.5,1500,open_33,2,1,1.0,18325.0,3054,218019.44947769085,559.4000000000586,0.41307820178163046
5.0,0.5,1500,open_33,5,0,1.0,21950.0,5164,344964.7220864127,352.10000000001156,0.3907632233267019
5.0,0.5,1500,open_33,5,1,1.0,21750.0,4536,300144.73519255745,305.00000000000085,0.40932013083098284
5.0,0.5,1500,open_33,10,0,1.0,22800.0,7694,481130.5558146173,245.09999999999036,0.3912720094776056
5.0,0.5,1500,open_33,10,1,1.0,22825.0,6283,404206.0013386817,204.79999999999265,0.40661491515785914
5.0,0.5,1500,open_33,20,0,1.0,23275.0,11777,707672.6456435635,179.1999999999941,0.38983277365059094
5.0,0.5,1500,open_33,20,1,1.0,23075.0,10917,658749.3956968868,166.7999999999948,0.3968838819257124
5.0,0.5,1500,partial_33,2,0,0.6540880503144654,7800.0,3087,242424.00000000003,658.5000000000812,0.13515699440698523
5.0,0.5,1500,partial_33,2,1,0.8490566037735849,11225.0,2748,242424.00000000003,653.0000000000799,0.29433682984325416
5.0,0.5,1500,partial_33,5,0,0.6729559748427673,9075.0,7036,606060.0,675.7000000000851,0.11272971149152103
5.0,0.5,1500,partial_33,5,1,0.9421383647798742,15000.0,8334,606060.0,659.5000000000814,0.29601734851039485
5.0,0.5,1500,partial_33,10,0,0.7823899371069183,12575.0,16009,1212120.0,671.8000000000842,0.15935418273091842
5.0,0.5,1500,partial_33,10,1,0.7786163522012579,11975.0,10608,1212120.0,702.1000000000911,0.16995767354044486
5.0,0.5,1500,partial_33,20,0,1.0,19225.0,10400,881902.6862767674,237.69999999999078,0.37856872012398984
5.0,0.5,1500,partial_33,20,1,0.9987421383647799,19125.0,30353,2424240.0,680.9000000000863,0.273266055148377
5.0,0.5,1500,closed_33,2,0,0.07612456747404844,0.0,1135,242424.00000000003,730.2000000000975,-0.3571239482172154
5.0,0.5,1500,closed_33,2,1,0.43771626297577854,3750.0,2715,242424.00000000003,678.3000000000857,-0.05901007646861925
5.0,0.5,1500,closed_33,5,0,0.24740484429065743,1275.0,3649,606060.0,732.1000000000979,-0.21219689724984062
5.0,0.5,1500,closed_33,5,1,0.7439446366782007,8575.0,3663,606060.0,722.5000000000957,0.15298973510254135
5.0,0.5,1500,closed_33,10,0,0.4809688581314879,4125.0,10854,1212120.0,728.000000000097,-0.04162380952183595
5.0,0.5,1500,closed_33,10,1,0.3788927335640138,2575.0,3400,1212120.0,732.2000000000979,-0.10085773225359476
5.0,0.5,1500,closed_33,20,0,0.7837370242214533,8050.0,9373,2424240.0,729.9000000000974,0.18599520546396184
5.0,0.5,1500,closed_33,20,1,0.6626297577854672,5250.0,9225,2424240.0,731.8000000000978,0.12114755789501322
5.0,0.5,3000,open_33,2,0,1.0,18975.0,2931,221032.06443501604,574.400000000062,0.40543593548486423
5.0,0.5,3000,open_33,2,1,1.0,18425.0,3158,231084.4052318861,600.0000000000679,0.402231946749368
5.0,0.5,3000,open_33,5,0,1.0,22075.0,4503,316418.5990226202,327.3000000000059,0.4017000041409473
5.0,0.5,3000,open_33,5,1,1.0,21900.0,4689,319020.14385553065,328.9000000000063,0.4015281978751198
5.0,0.5,3000,open_33,10,0,1.0,23525.0,7155,460852.8780586305,235.89999999999088,0.38684756497744005
5.0,0.5,3000,open_33,10,1,1.0,23000.0,5966,392199.8622420761,200.79999999999288,0.4076817193551162
5.0,0.5,3000,open_33,20,0,1.0,23425.0,9657,599197.7065470791,152.7999999999956,0.39894196927305725
5.0,0.5,3000,open_33,20,1,1.0,23850.0,11777,726648.4510668125,185.49999999999375,0.38152210996849156
5.0,0.5,3000,partial_33,2,0,0.7320754716981132,9900.0,3073,242424.00000000003,654.6000000000803,0.18596724282809504
5.0,0.5,3000,partial_33,2,1,0.9647798742138365,14225.0,2919,242424.00000000003,643.9000000000779,0.3680438420176746
5.0,0.5,3000,partial_33,5,0,0.9987421383647799,17600.0,6675,606060.0,664.7000000000826,0.3205291360825303
5.0,0.5,3000,partial_33,5,1,0.7987421383647799,13575.0,6380,606060.0,684.100000000087,0.17654812762708247
5.0,0.5,3000,partial_33,10,0,0.9974842767295597,19350.0,12954,1212120.0,678.3000000000857,0.27826995453477255
5.0,0.5,3000,partial_33,10,1,1.0,18700.0,5581,471026.6180489359,251.39999999999,0.39901101805588884
5.0,0.5,3000,partial_33,20,0,1.0,19700.0,10079,800965.7368648639,212.99999999999218,0.3768503045365713
5.0,0.5,3000,partial_33,20,1,0.9949685534591195,18875.0,21396,2424240.0,714.800000000094,0.27631390092919916
5.0,0.5,3000,closed_33,2,0,0.09169550173010381,0.0,984,242424.00000000003,725.2000000000963,-0.33741625226111016
5.0,0.5,3000,closed_33,2,1,0.7301038062283737,7125.0,1994,242424.00000000003,689.2000000000882,0.1901361486030589
5.0,0.5,3000,closed_33,5,0,0.8373702422145328,8650.0,4464,606060.0,709.2000000000927,0.24268621265933096
5.0,0.5,3000,closed_33,5,1,0.5173010380622838,5325.0,5455,606060.0,722.6000000000957,-0.022107884229976477
5.0,0.5,3000,closed_33,10,0,0.3737024221453287,3100.0,4524,1212120.0,726.0000000000965,-0.12143099781486186
5.0,0.5,3000,closed_33,10,1,0.5173010380622838,3250.0,3900,1212120.0,726.0000000000965,0.026744774277099953
5.0,0.5,3000,closed_33,20,0,0.7335640138408305,6625.0,7326,2424240.0,730.8000000000976,0.16798922002703673
5.0,0.5,3000,closed_33,20,1,0.972318339100346,11675.0,9779,2424240.0,725.0000000000963,0.30179038389532853
5.0,1.0,500,open_33,2,0,1.0,18700.0,3005,223327.01947932108,580.0000000000633,0.4061203102679721
5.0,1.0,500,open_33,2,1,1.0,17700.0,2858,215742.21906038356,558.6000000000585,0.42592466107971105
5.0,1.0,500,open_33,5,0,1.0,21675.0,4278,287250.89581370284,291.29999999999774,0.41591248671743297
5.0,1.0,500,open_33,5,1,1.0,21575.0,4814,326657.77380223095,332.20000000000704,0.4026616961330385
5.0,1.0,500,open_33,10,0,1.0,23025.0,7505,464782.6447459033,234.29999999999097,0.3911542013392392
5.0,1.0,500,open_33,10,1,1.0,22975.0,7833,484631.27186900703,244.5999999999904,0.38814310753882536
5.0,1.0,500,open_33,20,0,1.0,23325.0,12855,742851.4818989718,185.69999999999374,0.38534639377279584
5.0,1.0,500,open_33,20,1,1.0,23400.0,13154,765542.0346920709,191.4999999999934,0.38261585830256706
5.0,1.0,500,partial_33,2,0,0.8088050314465409,7850.0,3004,242424.00000000003,654.0000000000801,0.29876280955772494
5.0,1.0,500,partial_33,2,1,0.9270440251572327,11325.0,2944,242424.00000000003,651.9000000000797,0.3717213841603748
5.0,1.0,500,partial_33,5,0,0.6415094339622641,9700.0,5497,606060.0,699.6000000000905,0.07612017984608452
5.0,1.0,500,partial_33,5,1,0.5144654088050314,4575.0,5193,606060.0,709.5000000000928,0.02286725241135054
5.0,1.0,500,partial_33,10,0,0.9522012578616352,16500.0,16572,1212120.0,662.7000000000821,0.2718054090203732
5.0,1.0,500,partial_33,10,1,1.0,19050.0,8093,624704.1817936022,330.3000000000066,0.3648427741409582
5.0,1.0,500,partial_33,20,0,0.9761006289308176,18350.0,29923,2424240.0,676.6000000000853,0.2622583613134716
5.0,1.0,500,partial_33,20,1,1.0,19475.0,13211,1061006.3215799704,284.5999999999962,0.35984779569620123
5.0,1.0,500,closed_33,2,0,0.07093425605536333,0.0,1065,242424.00000000003,730.1000000000975,-0.36238903106539216
5.0,1.0,500,closed_33,2,1,0.7041522491349481,6350.0,1630,242424.00000000003,698.6000000000903,0.18781498449389858
5.0,1.0,500,closed_33,5,0,0.5346020761245674,5400.0,2920,606060.0,727.900000000097,0.006755483543802204
5.0,1.0,500,closed_33,5,1,0.7335640138408305,8875.0,4668,606060.0,696.1000000000897,0.1298438753842033
5.0,1.0,500,closed_33,10,0,0.3875432525951557,3100.0,5749,1212120.0,732.300000000098,-0.11001042561577076
5.0,1.0,500,closed_33,10,1,0.3737024221453287,2400.0,3218,1212120.0,734.1000000000984,-0.1016988896121446
5.0,1.0,500,closed_33,20,0,0.6211072664359861,4725.0,8720,2424240.0,730.1000000000975,0.09042847610569768
5.0,1.0,500,closed_33,20,1,0.49653979238754326,3500.0,8032,2424240.0,732.400000000098,-0.01021921025963965
5.0,1.0,1500,open_33,2,0,1.0,16850.0,2593,201317.72999175324,522.6000000000503,0.4507621036056239
5.0,1.0,1500,open_33,2,1,1.0,18500.0,2816,214192.68780498838,555.4000000000577,0.41769778495074306
5.0,1.0,1500,open_33,5,0,1.0,21700.0,4078,286409.79162855237,293.99999999999835,0.4179849223488178
5.0,1.0,1500,open_33,5,1,1.0,22025.0,4474,307127.7980731478,314.500000000003,0.40482019855574863
5.0,1.0,1500,open_33,10,0,1.0,23350.0,7284,460661.8113987781,234.39999999999097,0.38849977911503353
5.0,1.0,1500,open_33,10,1,1.0,23025.0,7192,447402.32688317867,226.8999999999914,0.3945327121768829
5.0,1.0,1500,open_33,20,0,1.0,23500.0,10898,668358.3679383798,169.39999999999466,0.39104326206893897
5.0,1.0,1500,open_33,20,1,1.0,23450.0,10386,638904.1974324859,162.19999999999507,0.3945195377014895
5.0,1.0,1500,partial_33,2,0,0.9723270440251572,13725.0,2901,242424.00000000003,648.800000000079,0.3838320043731861
5.0,1.0,1500,partial_33,2,1,0.9685534591194969,13375.0,2911,242424.00000000003,648.3000000000789,0.3849769084487912
5.0,1.0,1500,partial_33,5,0,0.8415094339622642,13475.0,7797,606060.0,661.2000000000818,0.21737535417288836
5.0,1.0,1500,partial_33,5,1,0.9471698113207547,15725.0,7136,606060.0,660.7000000000817,0.2940016842707238
5.0,1.0,1500,partial_33,10,0,0.8327044025157233,14375.0,14689,1212120.0,674.2000000000847,0.1842160939262352
5.0,1.0,1500,partial_33,10,1,0.7157232704402515,10900.0,14937,1212120.0,675.300000000085,0.11775916592508581
5.0,1.0,1500,partial_33,20,0,0.9559748427672956,16850.0,25918,2424240.0,678.6000000000857,0.2657371434750294
5.0,1.0,1500,partial_33,20,1,0.9308176100628931,17225.0,15024,2424240.0,720.7000000000953,0.24045588574024515
5.0,1.0,1500,closed_33,2,0,0.07093425605536333,0.0,1110,242424.00000000003,728.8000000000972,-0.36282382870185265
5.0,1.0,1500,closed_33,2,1,0.4913494809688581,3875.0,2684,242424.00000000003,676.1000000000852,-0.004838591004289322
5.0,1.0,1500,closed_33,5,0,0.3944636678200692,3650.0,2690,606060.0,727.900000000097,-0.10231861052018007
5.0,1.0,1500,closed_33,5,1,0.671280276816609,7175.0,4110,606060.0,722.0000000000956,0.10375206273060136
5.0,1.0,1500,closed_33,10,0,0.4359861591695502,4325.0,4062,1212120.0,729.3000000000973,-0.08072633345792432
5.0,1.0,1500,closed_33,10,1,0.444636678200692,2500.0,4254,1212120.0,726.5000000000966,-0.03461932645144164
5.0,1.0,1500,closed_33,20,0,0.8581314878892734,10625.0,14323,2424240.0,729.5000000000973,0.2031399715220589
5.0,1.0,1500,closed_33,20,1,0.8598615916955017,9850.0,9280,2424240.0,729.7000000000974,0.22616895406551088
5.0,1.0,3000,open_33,2,0,1.0,18925.0,2983,223676.74442504055,580.6000000000635,0.4035078466390305
5.0,1.0,3000,open_33,2,1,1.0,19250.0,3036,225869.03167083891,585.8000000000646,0.3971740544234985
5.0,1.0,3000,open_33,5,0,1.0,22100.0,4523,316350.4453273287,326.3000000000057,0.4012116454186113
5.0,1.0,3000,open_33,5,1,1.0,21975.0,4619,318362.83885116095,329.4000000000064,0.40138844926489203
5.0,1.0,3000,open_33,10,0,1.0,22875.0,6009,397031.8823370845,205.4999999999926,0.4084100125498707
5.0,1.0,3000,open_33,10,1,1.0,23475.0,6643,436001.8978062314,223.79999999999157,0.39282515686982095
5.0,1.0,3000,open_33,20,0,1.0,23575.0,10841,668490.2770004785,171.39999999999455,0.39021629092679644
5.0,1.0,3000,open_33,20,1,1.0,23375.0,10643,661257.7768991743,168.8999999999947,0.3935614444006154
5.0,1.0,3000,partial_33,2,0,0.48050314465408805,5075.0,2695,242424.00000000003,681.8000000000865,-0.0033010044769845315
5.0,1.0,3000,partial_33,2,1,0.9257861635220126,11850.0,2873,242424.00000000003,652.2000000000797,0.363654176926656
5.0,1.0,3000,partial_33,5,0,0.8402515723270441,12400.0,4661,606060.0,693.2000000000891,0.2462428710748867
5.0,1.0,3000,partial_33,5,1,0.989937106918239,18300.0,7082,606060.0,664.8000000000826,0.29927005980797183
5.0,1.0,3000,partial_33,10,0,0.8389937106918239,15125.0,12571,1212120.0,674.1000000000847,0.18136295582597964
5.0,1.0,3000,partial_33,10,1,1.0,18475.0,5899,491065.316582419,261.89999999999105,0.39824232148245353
5.0,1.0,3000,partial_33,20,0,0.9572327044025157,17475.0,16176,2424240.0,719.0000000000949,0.262494039756904
5.0,1.0,3000,partial_33,20,1,0.9471698113207547,17525.0,20215,2424240.0,713.4000000000937,0.2489706246995522
5.0,1.0,3000,closed_33,2,0,0.08996539792387544,0.0,970,242424.00000000003,724.0000000000961,-0.3392148586536414
5.0,1.0,3000,closed_33,2,1,0.4809688581314879,3625.0,2665,242424.00000000003,675.500000000085,-0.010396671710598243
5.0,1.0,3000,closed_33,5,0,0.7785467128027682,9750.0,3674,606060.0,713.5000000000937,0.16441533156500657
5.0,1.0,3000,closed_33,5,1,0.41695501730103807,3700.0,2338,606060.0,718.6000000000948,-0.07627191438732892
5.0,1.0,3000,closed_33,10,0,0.5743944636678201,6525.0,4593,1212120.0,726.9000000000967,0.014706241449501084
5.0,1.0,3000,closed_33,10,1,0.3771626297577855,2250.0,4780,1212120.0,728.100000000097,-0.10090938336118757
5.0,1.0,3000,closed_33,20,0,0.7301038062283737,7350.0,8765,2424240.0,725.3000000000964,0.1468445478618948
5.0,1.0,3000,closed_33,20,1,0.6695501730103807,5275.0,5316,2424240.0,731.4000000000977,0.135947864101959
