T_initial,cooling_rate,perturb_radius,map_label,n_drones,seed,final_coverage,overlap_m2,wasted_visits,energy_used_j,time_to_terminal,score
0.5,0.95,3.0,open_33,2,0,1.0,16775.0,2980,210760.21686021163,518.1000000000492,0.4381066308883351
0.5,0.95,3.0,open_33,2,1,1.0,17625.0,3412,231468.1692650179,569.2000000000609,0.4079274456543276
0.5,0.95,3.0,open_33,5,0,1.0,19750.0,2961,209821.9874721747,207.1999999999925,0.4768826842465217
0.5,0.95,3.0,open_33,5,1,1.0,18975.0,2930,205611.2677710238,202.59999999999278,0.4881493086153941
0.5,0.95,3.0,open_33,10,0,1.0,19750.0,3252,220902.00290113548,109.29999999999806,0.49548875895069006
0.5,0.95,3.0,open_33,10,1,1.0,20100.0,2929,208354.79649634263,103.09999999999842,0.49829558553838305
0.5,0.95,3.0,open_33,20,0,1.0,20825.0,2970,202718.70350343455,50.400000000000446,0.5012198255471029
0.5,0.95,3.0,open_33,20,1,1.0,21275.0,3443,225454.6824093135,56.30000000000053,0.4863690903007283
0.5,0.95,3.0,partial_33,2,0,0.6955974842767295,2450.0,3475,242424.00000000003,657.0000000000808,0.2553586009047776
0.5,0.95,3.0,partial_33,2,1,0.39748427672955977,0.0,3743,242424.00000000003,669.2000000000836,-0.023604661432549107
0.5,0.95,3.0,partial_33,5,0,0.7484276729559748,6625.0,8904,606060.0,683.2000000000868,0.22277468024329158
0.5,0.95,3.0,partial_33,5,1,0.9534591194968554,12125.0,9120,606060.0,665.4000000000827,0.34901666155185507
0.5,0.95,3.0,partial_33,10,0,1.0,17425.0,15102,1043508.6146144457,576.9000000000626,0.3276323952051273
0.5,0.95,3.0,partial_33,10,1,0.9987421383647799,17275.0,17385,1212120.0,683.4000000000868,0.30664600790900365
0.5,0.95,3.0,partial_33,20,0,1.0,17075.0,3146,222430.42264072876,57.00000000000054,0.48952862679255055
0.5,0.95,3.0,partial_33,20,1,0.9861635220125786,17250.0,34379,2424240.0,691.5000000000887,0.2880305681518792
0.5,0.95,3.0,closed_33,2,0,0.5,1025.0,1871,242424.00000000003,716.2000000000943,0.07441416762783545
0.5,0.95,3.0,closed_33,2,1,0.25951557093425603,0.0,2243,242424.00000000003,708.8000000000926,-0.16612402603839568
0.5,0.95,3.0,closed_33,5,0,0.6868512110726643,2300.0,5265,606060.0,722.8000000000958,0.21569087155159058
0.5,0.95,3.0,closed_33,5,1,0.8633217993079585,4525.0,6655,606060.0,689.3000000000882,0.34585807462926077
0.5,0.95,3.0,closed_33,10,0,0.7664359861591695,5050.0,9801,1212120.0,727.4000000000968,0.23012069892921064
0.5,0.95,3.0,closed_33,10,1,1.0,11725.0,12055,1180657.6034885857,672.4000000000843,0.32960517851607535
0.5,0.95,3.0,closed_33,20,0,1.0,11725.0,7824,779926.7422362943,221.19999999999172,0.4307416562815626
0.5,0.95,3.0,closed_33,20,1,1.0,11600.0,4849,450350.7910965816,125.79999999999713,0.4642874763761584
0.5,0.95,6.0,open_33,2,0,0.9906347554630593,15800.0,3580,242424.00000000003,599.9000000000678,0.41191436097025946
0.5,0.95,6.0,open_33,2,1,0.9885535900104059,17975.0,3620,242424.00000000003,598.2000000000675,0.382018690009318
0.5,0.95,6.0,open_33,5,0,1.0,21650.0,4433,288563.4499748328,285.59999999999644,0.41433052587735497
0.5,0.95,6.0,open_33,5,1,1.0,21600.0,4125,270434.1326586538,268.1999999999925,0.42251244229456475
0.5,0.95,6.0,open_33,10,0,1.0,21950.0,4259,276681.078581447,137.49999999999648,0.44816920010752315
0.5,0.95,6.0,open_33,10,1,1.0,21625.0,4237,270800.31760421954,133.89999999999668,0.4531620189281224
0.5,0.95,6.0,open_33,20,0,1.0,22150.0,4145,265816.23955101846,66.30000000000051,0.464037862621391
0.5,0.95,6.0,open_33,20,1,1.0,22750.0,5693,343473.7373720631,85.29999999999943,0.4387829069740153
0.5,0.95,6.0,partial_33,2,0,0.3635220125786163,0.0,3464,242424.00000000003,674.3000000000848,-0.0578209130808561
0.5,0.95,6.0,partial_33,2,1,0.4238993710691824,250.0,3217,242424.00000000003,681.0000000000863,0.004128162203039326
0.5,0.95,6.0,partial_33,5,0,0.9433962264150944,11450.0,9073,606060.0,666.2000000000829,0.34902701933232894
0.5,0.95,6.0,partial_33,5,1,0.9383647798742139,11375.0,8746,606060.0,686.5000000000875,0.3457999719061666
0.5,0.95,6.0,partial_33,10,0,1.0,18250.0,13082,857647.6288861468,459.2000000000359,0.3395119024000712
0.5,0.95,6.0,partial_33,10,1,1.0,17900.0,15860,1025179.0488059036,554.0000000000574,0.3219640526215331
0.5,0.95,6.0,partial_33,20,0,1.0,18200.0,5739,380240.15816077543,98.1999999999987,0.4391283975319812
0.5,0.95,6.0,partial_33,20,1,1.0,18550.0,11398,728902.5349971824,191.4999999999934,0.39612991736947584
0.5,0.95,6.0,closed_33,2,0,0.41522491349480967,0.0,2474,242424.00000000003,702.4000000000912,-0.002690422622442429
0.5,0.95,6.0,closed_33,2,1,0.28719723183391005,0.0,2171,242424.00000000003,705.8000000000919,-0.13593784162208764
0.5,0.95,6.0,closed_33,5,0,0.8494809688581315,4300.0,4154,606060.0,713.8000000000937,0.3474746857733363
0.5,0.95,6.0,closed_33,5,1,0.6055363321799307,3525.0,4511,606060.0,724.2000000000961,0.10950899045759702
0.5,0.95,6.0,closed_33,10,0,0.8944636678200693,6450.0,9907,1212120.0,725.4000000000964,0.33098831386948124
0.5,0.95,6.0,closed_33,10,1,0.8512110726643599,6775.0,10897,1212120.0,719.6000000000951,0.2790690623357578
0.5,0.95,6.0,closed_33,20,0,0.9515570934256056,10625.0,19648,2424240.0,727.8000000000969,0.2946935393430491
0.5,0.95,6.0,closed_33,20,1,1.0,13500.0,8423,752621.2378268205,209.59999999999238,0.3941439826238548
0.5,0.95,10.0,open_33,2,0,0.9885535900104059,16900.0,3570,242424.00000000003,600.500000000068,0.39613206601203077
0.5,0.95,10.0,open_33,2,1,0.991675338189386,17975.0,3592,242424.00000000003,599.7000000000678,0.38568149010530606
0.5,0.95,10.0,open_33,5,0,1.0,20600.0,5544,345155.28322916286,347.70000000001056,0.40482561265567807
0.5,0.95,10.0,open_33,5,1,1.0,21600.0,5015,317791.71363937465,316.00000000000335,0.40278349506584
0.5,0.95,10.0,open_33,10,0,1.0,22325.0,6187,376051.40619099815,186.59999999999368,0.4167480105017409
0.5,0.95,10.0,open_33,10,1,1.0,22300.0,7500,451247.87908534356,227.09999999999138,0.4018402895966161
0.5,0.95,10.0,open_33,20,0,1.0,22850.0,7204,421723.3704869505,105.69999999999827,0.4248537539403753
0.5,0.95,10.0,open_33,20,1,1.0,22300.0,7032,414337.30572524946,104.59999999999833,0.4329215003757527
0.5,0.95,10.0,partial_33,2,0,0.9132075471698113,9550.0,3378,242424.00000000003,643.5000000000778,0.3776823347677368
0.5,0.95,10.0,partial_33,2,1,0.5710691823899371,825.0,3473,242424.00000000003,662.100000000082,0.1488548718515422
0.5,0.95,10.0,partial_33,5,0,0.989937106918239,16475.0,9445,606060.0,644.1000000000779,0.3198880848999234
0.5,0.95,10.0,partial_33,5,1,0.9522012578616352,13750.0,8871,606060.0,675.0000000000849,0.32379709686719127
0.5,0.95,10.0,partial_33,10,0,1.0,18625.0,7791,493370.3702386499,253.0999999999899,0.3878523410592793
0.5,0.95,10.0,partial_33,10,1,1.0,18325.0,7787,504527.3175282867,263.59999999999144,0.39106405239285497
0.5,0.95,10.0,partial_33,20,0,1.0,18875.0,5584,371286.8493699664,95.79999999999883,0.43036011476883573
0.5,0.95,10.0,partial_33,20,1,1.0,18900.0,6434,411641.7790916674,105.79999999999826,0.42318208235950705
0.5,0.95,10.0,closed_33,2,0,0.24740484429065743,0.0,2540,242424.00000000003,718.6000000000948,-0.18105003623280302
0.5,0.95,10.0,closed_33,2,1,0.2768166089965398,725.0,2148,242424.00000000003,712.6000000000935,-0.16188251152569635
0.5,0.95,10.0,closed_33,5,0,0.2820069204152249,800.0,4093,606060.0,732.700000000098,-0.16755685891487657
0.5,0.95,10.0,closed_33,5,1,0.7508650519031141,3175.0,5534,606060.0,718.7000000000949,0.2623200063287682
0.5,0.95,10.0,closed_33,10,0,1.0,12150.0,6868,635450.1227122367,353.30000000001183,0.39531398760368963
0.5,0.95,10.0,closed_33,10,1,1.0,11800.0,6579,560027.116580059,306.2000000000011,0.41250869807920343
0.5,0.95,10.0,closed_33,20,0,1.0,12700.0,5439,437103.2197572994,117.19999999999762,0.4391064350567909
0.5,0.95,10.0,closed_33,20,1,1.0,12600.0,5492,469556.18794508,127.999999999997,0.43899727523700666
0.5,0.99,3.0,open_33,2,0,1.0,16775.0,2980,210760.21686021163,518.1000000000492,0.4381066308883351
0.5,0.99,3.0,open_33,2,1,1.0,17625.0,3412,231468.1692650179,569.2000000000609,0.4079274456543276
0.5,0.99,3.0,open_33,5,0,1.0,19750.0,2961,209821.9874721747,207.1999999999925,0.4768826842465217
0.5,0.99,3.0,open_33,5,1,1.0,19750.0,3536,241013.8482819032,238.39999999999074,0.46004960884919754
0.5,0.99,3.0,open_33,10,0,1.0,20475.0,3272,219280.78816953627,108.39999999999812,0.4863055624380475
0.5,0.99,3.0,open_33,10,1,1.0,20525.0,3451,234878.01995248604,116.39999999999766,0.4810593307642621
0.5,0.99,3.0,open_33,20,0,1.0,21050.0,3950,255411.03773810389,63.20000000000063,0.4806354951887949
0.5,0.99,3.0,open_33,20,1,1.0,20950.0,3255,221134.9918459556,55.00000000000051,0.49360388243583864
0.5,0.99,3.0,partial_33,2,0,0.6955974842767295,2450.0,3475,242424.00000000003,657.0000000000808,0.2553586009047776
0.5,0.99,3.0,partial_33,2,1,0.39748427672955977,0.0,3743,242424.00000000003,669.2000000000836,-0.023604661432549107
0.5,0.99,3.0,partial_33,5,0,0.8805031446540881,10325.0,8791,606060.0,680.1000000000861,0.3023358684504597
0.5,0.99,3.0,partial_33,5,1,0.8025157232704403,7200.0,9807,606060.0,655.5000000000805,0.26771659074738097
0.5,0.99,3.0,partial_33,10,0,1.0,16175.0,11841,755993.7746890545,403.3000000000232,0.3846343522386235
0.5,0.99,3.0,partial_33,10,1,0.9987421383647799,17275.0,17385,1212120.0,683.4000000000868,0.30664600790900365
0.5,0.99,3.0,partial_33,20,0,1.0,18125.0,3861,267787.8656309303,68.80000000000037,0.46168361152752707
0.5,0.99,3.0,partial_33,20,1,1.0,17200.0,3933,270249.6953600859,69.50000000000033,0.4747191271428486
0.5,0.99,3.0,closed_33,2,0,0.5,1025.0,1871,242424.00000000003,716.2000000000943,0.07441416762783545
0.5,0.99,3.0,closed_33,2,1,0.25951557093425603,0.0,2243,242424.00000000003,708.8000000000926,-0.16612402603839568
0.5,0.99,3.0,closed_33,5,0,0.6868512110726643,2300.0,5265,606060.0,722.8000000000958,0.21569087155159058
0.5,0.99,3.0,closed_33,5,1,0.8633217993079585,4525.0,6655,606060.0,689.3000000000882,0.34585807462926077
0.5,0.99,3.0,closed_33,10,0,0.7664359861591695,5050.0,9801,1212120.0,727.4000000000968,0.23012069892921064
0.5,0.99,3.0,closed_33,10,1,1.0,11725.0,12055,1180657.6034885857,672.4000000000843,0.32960517851607535
0.5,0.99,3.0,closed_33,20,0,1.0,12000.0,4321,364867.55138241174,99.59999999999862,0.46451998379358667
0.5,0.99,3.0,closed_33,20,1,1.0,10925.0,2862,252223.68761504302,68.1000000000004,0.5085620246655737
0.5,0.99,6.0,open_33,2,0,0.9906347554630593,15800.0,3580,242424.00000000003,599.9000000000678,0.41191436097025946
0.5,0.99,6.0,open_33,2,1,0.9885535900104059,17975.0,3620,242424.00000000003,598.2000000000675,0.382018690009318
0.5,0.99,6.0,open_33,5,0,1.0,21650.0,4433,288563.4499748328,285.59999999999644,0.41433052587735497
0.5,0.99,6.0,open_33,5,1,1.0,21600.0,4125,270434.1326586538,268.1999999999925,0.42251244229456475
0.5,0.99,6.0,open_33,10,0,1.0,22675.0,5137,316674.43714911956,157.29999999999535,0.4263981613345032
0.5,0.99,6.0,open_33,10,1,1.0,22225.0,4825,310238.92762799794,152.8999999999956,0.4353335800715019
0.5,0.99,6.0,open_33,20,0,1.0,22225.0,4273,270800.88340663444,66.80000000000048,0.46142350658991615
0.5,0.99,6.0,open_33,20,1,1.0,22750.0,5693,343473.7373720631,85.29999999999943,0.4387829069740153
0.5,0.99,6.0,partial_33,2,0,0.3635220125786163,0.0,3464,242424.00000000003,674.3000000000848,-0.0578209130808561
0.5,0.99,6.0,partial_33,2,1,0.4339622641509434,150.0,3597,242424.00000000003,666.300000000083,0.013509376525659839
0.5,0.99,6.0,partial_33,5,0,0.979874213836478,16000.0,9112,606060.0,664.2000000000825,0.31754787561781916
0.5,0.99,6.0,partial_33,5,1,0.9283018867924528,9400.0,8848,606060.0,672.4000000000843,0.36506683182716226
0.5,0.99,6.0,partial_33,10,0,1.0,18300.0,5963,389608.18722964847,200.89999999999287,0.4126367358619344
0.5,0.99,6.0,partial_33,10,1,0.9459119496855346,14000.0,17677,1212120.0,684.4000000000871,0.30238832630141654
0.5,0.99,6.0,partial_33,20,0,0.989937106918239,18675.0,34164,2424240.0,691.4000000000887,0.27036104154681495
0.5,0.99,6.0,partial_33,20,1,1.0,18700.0,7736,494661.9190555704,128.199999999997,0.41621907677735637
0.5,0.99,6.0,closed_33,2,0,0.41522491349480967,0.0,2474,242424.00000000003,702.4000000000912,-0.002690422622442429
0.5,0.99,6.0,closed_33,2,1,0.28719723183391005,0.0,2171,242424.00000000003,705.8000000000919,-0.13593784162208764
0.5,0.99,6.0,closed_33,5,0,0.8494809688581315,4300.0,4154,606060.0,713.8000000000937,0.3474746857733363
0.5,0.99,6.0,closed_33,5,1,0.6055363321799307,3525.0,4511,606060.0,724.2000000000961,0.10950899045759702
0.5,0.99,6.0,closed_33,10,0,0.8944636678200693,6450.0,9907,1212120.0,725.4000000000964,0.33098831386948124
0.5,0.99,6.0,closed_33,10,1,0.8598615916955017,6125.0,9424,1212120.0,724.2000000000961,0.3032832444361203
0.5,0.99,6.0,closed_33,20,0,0.9515570934256056,10625.0,19648,2424240.0,727.8000000000969,0.2946935393430491
0.5,0.99,6.0,closed_33,20,1,1.0,11375.0,3619,299418.9807837573,80.4999999999997,0.4873156568318918
0.5,0.99,10.0,open_33,2,0,0.9885535900104059,16900.0,3570,242424.00000000003,600.500000000068,0.39613206601203077
0.5,0.99,10.0,open_33,2,1,0.991675338189386,17975.0,3592,242424.00000000003,599.7000000000678,0.38568149010530606
0.5,0.99,10.0,open_33,5,0,0.9947970863683663,21350.0,10415,606060.0,618.100000000072,0.3089774035466525
0.5,0.99,10.0,open_33,5,1,1.0,21600.0,5015,317791.71363937465,316.00000000000335,0.40278349506584
0.5,0.99,10.0,open_33,10,0,1.0,22275.0,5314,329326.8409006065,163.79999999999498,0.4285516392416213
0.5,0.99,10.0,open_33,10,1,1.0,21650.0,6284,382522.47637242917,191.89999999999338,0.4238655943444829
0.5,0.99,10.0,open_33,20,0,1.0,22825.0,5997,368029.9249823098,91.59999999999907,0.434490239840727
0.5,0.99,10.0,open_33,20,1,1.0,21300.0,5283,324320.14920960367,81.29999999999966,0.46087528570213254
0.5,0.99,10.0,partial_33,2,0,0.9132075471698113,9550.0,3378,242424.00000000003,643.5000000000778,0.3776823347677368
0.5,0.99,10.0,partial_33,2,1,0.5710691823899371,825.0,3473,242424.00000000003,662.100000000082,0.1488548718515422
0.5,0.99,10.0,partial_33,5,0,0.989937106918239,16475.0,9445,606060.0,644.1000000000779,0.3198880848999234
0.5,0.99,10.0,partial_33,5,1,0.9522012578616352,13750.0,8871,606060.0,675.0000000000849,0.32379709686719127
0.5,0.99,10.0,partial_33,10,0,0.9710691823899371,15350.0,18005,1212120.0,683.3000000000868,0.3072608634342229
0.5,0.99,10.0,partial_33,10,1,0.9962264150943396,18200.0,19456,1212120.0,650.2000000000793,0.288799481813355
0.5,0.99,10.0,partial_33,20,0,1.0,18750.0,7781,495043.72691244166,127.39999999999704,0.415294915094335
0.5,0.99,10.0,partial_33,20,1,1.0,18800.0,7744,496159.78159646224,128.89999999999696,0.4145942029167638
0.5,0.99,10.0,closed_33,2,0,0.24740484429065743,0.0,2540,242424.00000000003,718.6000000000948,-0.18105003623280302
0.5,0.99,10.0,closed_33,2,1,0.2768166089965398,725.0,2148,242424.00000000003,712.6000000000935,-0.16188251152569635
0.5,0.99,10.0,closed_33,5,0,0.2820069204152249,800.0,4093,606060.0,732.700000000098,-0.16755685891487657
0.5,0.99,10.0,closed_33,5,1,0.7508650519031141,3175.0,5534,606060.0,718.7000000000949,0.2623200063287682
0.5,0.99,10.0,closed_33,10,0,1.0,11950.0,6059,525076.0734023717,287.89999999999696,0.4154577480667412
0.5,0.99,10.0,closed_33,10,1,1.0,11800.0,6579,560027.116580059,306.2000000000011,0.41250869807920343
0.5,0.99,10.0,closed_33,20,0,1.0,12325.0,4783,397122.9343623044,107.09999999999819,0.45280042703196965
0.5,0.99,10.0,closed_33,20,1,1.0,12600.0,5492,469556.18794508,127.999999999997,0.43899727523700666
0.5,0.999,3.0,open_33,2,0,1.0,14975.0,2961,211358.0280426821,519.7000000000496,0.46058141384382034
0.5,0.999,3.0,open_33,2,1,1.0,17175.0,3345,229193.67041866656,563.4000000000595,0.41592762363166075
0.5,0.999,3.0,open_33,5,0,1.0,19075.0,3030,212163.3903964503,209.79999999999237,0.4834824897861808
0.5,0.999,3.0,open_33,5,1,1.0,19175.0,2745,193022.32763973298,189.7999999999935,0.4923509823979195
0.5,0.999,3.0,open_33,10,0,1.0,20725.0,3325,224320.761047889,110.99999999999797,0.4817410075050394
0.5,0.999,3.0,open_33,10,1,1.0,20825.0,3336,226696.1336258091,111.99999999999791,0.4800370480074616
0.5,0.999,3.0,open_33,20,0,1.0,21475.0,3375,223655.24099593144,55.50000000000052,0.4850055457219767
0.5,0.999,3.0,open_33,20,1,1.0,21825.0,3283,222380.03683907026,55.10000000000051,0.482152423847185
0.5,0.999,3.0,partial_33,2,0,0.6314465408805031,1775.0,3532,242424.00000000003,660.1000000000815,0.19754231589144258
0.5,0.999,3.0,partial_33,2,1,0.7937106918238994,425.0,3428,242424.00000000003,664.5000000000825,0.389488255774496
0.5,0.999,3.0,partial_33,5,0,0.7761006289308177,4000.0,9346,606060.0,666.1000000000829,0.2898575673387762
0.5,0.999,3.0,partial_33,5,1,0.8150943396226416,9100.0,9775,606060.0,650.2000000000793,0.25194246476758486
0.5,0.999,3.0,partial_33,10,0,1.0,19025.0,8248,528267.6444568152,276.6999999999944,0.37625222236173034
0.5,0.999,3.0,partial_33,10,1,1.0,17075.0,4335,297424.6394596982,153.89999999999554,0.453312240701486
0.5,0.999,3.0,partial_33,20,0,1.0,17975.0,4078,282629.6800062442,73.10000000000012,0.4607823661759107
0.5,0.999,3.0,partial_33,20,1,1.0,16625.0,3692,255162.75914776884,65.70000000000054,0.4870066955511845
0.5,0.999,3.0,closed_33,2,0,0.25432525951557095,0.0,1569,242424.00000000003,727.3000000000968,-0.1644198842295728
0.5,0.999,3.0,closed_33,2,1,0.458477508650519,950.0,2280,242424.00000000003,710.0000000000929,0.02554760183668206
0.5,0.999,3.0,closed_33,5,0,0.42560553633217996,1750.0,4399,606060.0,719.7000000000951,-0.03928303637459965
0.5,0.999,3.0,closed_33,5,1,0.8512110726643599,3050.0,5151,606060.0,716.2000000000943,0.3696011287524673
0.5,0.999,3.0,closed_33,10,0,1.0,12275.0,5713,565561.1274798294,317.30000000000365,0.4053227930915454
0.5,0.999,3.0,closed_33,10,1,0.9359861591695502,8900.0,10274,1212120.0,722.7000000000958,0.32177356303267557
0.5,0.999,3.0,closed_33,20,0,1.0,11025.0,3218,269071.0431786813,72.40000000000016,0.5007547635507079
0.5,0.999,3.0,closed_33,20,1,1.0,10325.0,2976,260133.92472805688,70.30000000000028,0.5189305722271169
0.5,0.999,6.0,open_33,2,0,0.9927159209157128,17575.0,3600,242424.00000000003,600.3000000000679,0.39165842929132977
0.5,0.999,6.0,open_33,2,1,1.0,17575.0,3615,241724.02933641215,594.3000000000666,0.3995163472216552
0.5,0.999,6.0,open_33,5,0,1.0,21175.0,4532,293298.3269923312,292.7999999999981,0.418170072289127
0.5,0.999,6.0,open_33,5,1,1.0,22800.0,9150,529519.912438405,526.1000000000511,0.31760769422516466
0.5,0.999,6.0,open_33,10,0,1.0,22375.0,7861,462493.15315176477,230.69999999999118,0.39816937992537077
0.5,0.999,6.0,open_33,10,1,1.0,22675.0,6294,383757.8857008908,190.99999999999343,0.41086435803641663
0.5,0.999,6.0,open_33,20,0,1.0,22325.0,4840,303696.6950634434,75.59999999999998,0.4528309359820936
0.5,0.999,6.0,open_33,20,1,1.0,22275.0,4465,284351.4782796502,70.90000000000025,0.45804267442592955
0.5,0.999,6.0,partial_33,2,0,0.7044025157232704,5725.0,3485,242424.00000000003,648.0000000000788,0.2150757334286966
0.5,0.999,6.0,partial_33,2,1,0.670440251572327,2000.0,3454,242424.00000000003,664.2000000000825,0.23591247024527826
0.5,0.999,6.0,partial_33,5,0,0.969811320754717,14925.0,8529,606060.0,678.6000000000857,0.3249548251842834
0.5,0.999,6.0,partial_33,5,1,0.32452830188679244,1750.0,8910,606060.0,686.8000000000876,-0.13788882852031129
0.5,0.999,6.0,partial_33,10,0,1.0,17850.0,8128,534340.2791861864,283.89999999999606,0.39361910281938756
0.5,0.999,6.0,partial_33,10,1,1.0,17900.0,7911,513111.4888117397,267.6999999999924,0.3960603739277224
0.5,0.999,6.0,partial_33,20,0,1.0,19125.0,7016,457575.50756164687,118.49999999999754,0.41459071596246533
0.5,0.999,6.0,partial_33,20,1,1.0,18425.0,6758,433843.3224322074,111.49999999999794,0.42761379218611584
0.5,0.999,6.0,closed_33,2,0,0.5899653979238755,825.0,2260,242424.00000000003,710.600000000093,0.16772395232602852
0.5,0.999,6.0,closed_33,2,1,0.27335640138408307,0.0,2259,242424.00000000003,720.0000000000952,-0.1514769549345856
0.5,0.999,6.0,closed_33,5,0,0.9377162629757786,10050.0,6250,606060.0,693.5000000000891,0.3085612288288142
0.5,0.999,6.0,closed_33,5,1,0.5017301038062284,2225.0,5414,606060.0,733.3000000000982,0.0263443421534387
0.5,0.999,6.0,closed_33,10,0,1.0,12475.0,7506,698701.6758016457,388.7000000000199,0.379191204583835
0.5,0.999,6.0,closed_33,10,1,0.903114186851211,8100.0,11309,1212120.0,726.0000000000965,0.30374006525516295
0.5,0.999,6.0,closed_33,20,0,1.0,12925.0,5519,445691.2288582963,120.29999999999744,0.4335453205452949
0.5,0.999,6.0,closed_33,20,1,1.0,12500.0,10821,1084954.0610036184,308.8000000000017,0.39105104564190174
0.5,0.999,10.0,open_33,2,0,0.9885535900104059,16900.0,3570,242424.00000000003,600.500000000068,0.39613206601203077
0.5,0.999,10.0,open_33,2,1,0.991675338189386,17975.0,3592,242424.00000000003,599.7000000000678,0.38568149010530606
0.5,0.999,10.0,open_33,5,0,0.9906347554630593,20650.0,10336,606060.0,619.3000000000723,0.3136351162541251
0.5,0.999,10.0,open_33,5,1,0.9947970863683663,21150.0,10288,606060.0,620.3000000000725,0.3117596830152788
0.5,0.999,10.0,open_33,10,0,1.0,22850.0,9318,546955.0002762354,278.6999999999949,0.3775408224981067
0.5,0.999,10.0,open_33,10,1,1.0,21850.0,5592,348474.64556944417,173.9999999999944,0.42962772244058994
0.5,0.999,10.0,open_33,20,0,1.0,22625.0,7611,448748.5535107865,113.69999999999781,0.4243765862337891
0.5,0.999,10.0,open_33,20,1,1.0,22775.0,6703,399097.74225816503,98.99999999999865,0.4294465754560677
0.5,0.999,10.0,partial_33,2,0,0.7433962264150943,4400.0,3465,242424.00000000003,656.3000000000807,0.2762497053825065
0.5,0.999,10.0,partial_33,2,1,0.5761006289308176,4800.0,3407,242424.00000000003,666.8000000000831,0.09475316024853483
0.5,0.999,10.0,partial_33,5,0,0.5987421383647799,6625.0,9726,606060.0,655.3000000000804,0.0682949493604452
0.5,0.999,10.0,partial_33,5,1,0.9610062893081761,13175.0,8720,606060.0,669.4000000000837,0.34186093847123755
0.5,0.999,10.0,partial_33,10,0,0.9710691823899371,15775.0,18024,1212120.0,678.4000000000857,0.30083330098781
0.5,0.999,10.0,partial_33,10,1,1.0,18825.0,6464,421566.0665218858,217.49999999999193,0.39846814869683156
0.5,0.999,10.0,partial_33,20,0,1.0,19025.0,8801,560415.2658059085,144.99999999999605,0.4042928515776492
0.5,0.999,10.0,partial_33,20,1,1.0,18725.0,12095,812376.325634635,218.0999999999919,0.38745706804266816
0.5,0.999,10.0,closed_33,2,0,0.2508650519031142,0.0,2694,242424.00000000003,714.700000000094,-0.17825709595802627
0.5,0.999,10.0,closed_33,2,1,0.1782006920415225,275.0,984,242424.00000000003,731.2000000000977,-0.24352623203799262
0.5,0.999,10.0,closed_33,5,0,0.9446366782006921,7700.0,5952,606060.0,705.7000000000919,0.3655383982934328
0.5,0.999,10.0,closed_33,5,1,0.7560553633217993,3325.0,5218,606060.0,717.6000000000946,0.2657628008815218
0.5,0.999,10.0,closed_33,10,0,0.842560553633218,4900.0,8614,1212120.0,731.4000000000977,0.31243918635166945
0.5,0.999,10.0,closed_33,10,1,0.9134948096885813,9225.0,9406,1212120.0,723.2000000000959,0.29347311246924823
0.5,0.999,10.0,closed_33,20,0,1.0,11900.0,4080,326239.5005339752,87.19999999999932,0.4707289974975786
0.5,0.999,10.0,closed_33,20,1,1.0,12900.0,5682,473380.9339597095,128.499999999997,0.43167396911962164
1.0,0.95,3.0,open_33,2,0,1.0,16775.0,2980,210760.21686021163,518.1000000000492,0.4381066308883351
1.0,0.95,3.0,open_33,2,1,1.0,17625.0,3412,231468.1692650179,569.2000000000609,0.4079274456543276
1.0,0.95,3.0,open_33,5,0,1.0,19750.0,2734,199303.44238842418,196.49999999999312,0.4839055498301324
1.0,0.95,3.0,open_33,5,1,1.0,18975.0,2930,205611.2677710238,202.59999999999278,0.4881493086153941
1.0,0.95,3.0,open_33,10,0,1.0,19750.0,3252,220902.00290113548,109.29999999999806,0.49548875895069006
1.0,0.95,3.0,open_33,10,1,1.0,20625.0,3352,230598.34833885287,113.9999999999978,0.4818205350790049
1.0,0.95,3.0,open_33,20,0,1.0,21725.0,3262,214340.6629695315,53.40000000000049,0.4842179423852532
1.0,0.95,3.0,open_33,20,1,1.0,21750.0,4107,261728.1385994614,65.20000000000057,0.4696996036076854
1.0,0.95,3.0,partial_33,2,0,0.6955974842767295,2450.0,3475,242424.00000000003,657.0000000000808,0.2553586009047776
1.0,0.95,3.0,partial_33,2,1,0.5547169811320755,975.0,3645,242424.00000000003,651.6000000000796,0.1279344101811062
1.0,0.95,3.0,partial_33,5,0,0.7484276729559748,6625.0,8904,606060.0,683.2000000000868,0.22277468024329158
1.0,0.95,3.0,partial_33,5,1,0.8163522012578617,6525.0,6783,606060.0,714.3000000000939,0.29961471499527237
1.0,0.95,3.0,partial_33,10,0,1.0,17375.0,13931,931805.847318974,511.20000000004774,0.3428913852960761
1.0,0.95,3.0,partial_33,10,1,1.0,16750.0,5568,371811.3226093254,193.89999999999327,0.4403445707294541
1.0,0.95,3.0,partial_33,20,0,1.0,16325.0,3235,233023.7366689262,59.90000000000058,0.49888170223871503
1.0,0.95,3.0,partial_33,20,1,1.0,16825.0,4346,298092.03162407735,77.29999999999988,0.47466815378077365
1.0,0.95,3.0,closed_33,2,0,0.5,1025.0,1871,242424.00000000003,716.2000000000943,0.07441416762783545
1.0,0.95,3.0,closed_33,2,1,0.2370242214532872,0.0,1995,242424.00000000003,719.9000000000951,-0.18814254944519104
1.0,0.95,3.0,closed_33,5,0,0.6868512110726643,2300.0,5265,606060.0,722.8000000000958,0.21569087155159058
1.0,0.95,3.0,closed_33,5,1,0.8633217993079585,4525.0,6655,606060.0,689.3000000000882,0.34585807462926077
1.0,0.95,3.0,closed_33,10,0,0.9878892733564014,11500.0,12695,1212120.0,721.3000000000955,0.3176032128338073
1.0,0.95,3.0,closed_33,10,1,1.0,11750.0,5922,537478.5024504317,298.5999999999994,0.418682700807127
1.0,0.95,3.0,closed_33,20,0,1.0,11750.0,3591,305002.9070331189,82.89999999999957,0.4794749633547746
1.0,0.95,3.0,closed_33,20,1,1.0,11975.0,4563,412194.92696691863,113.39999999999783,0.46055295728114437
1.0,0.95,6.0,open_33,2,0,0.9906347554630593,15800.0,3580,242424.00000000003,599.9000000000678,0.41191436097025946
1.0,0.95,6.0,open_33,2,1,0.9885535900104059,17975.0,3620,242424.00000000003,598.2000000000675,0.382018690009318
1.0,0.95,6.0,open_33,5,0,1.0,21650.0,4433,288563.4499748328,285.59999999999644,0.41433052587735497
1.0,0.95,6.0,open_33,5,1,1.0,21600.0,4125,270434.1326586538,268.1999999999925,0.42251244229456475
1.0,0.95,6.0,open_33,10,0,1.0,22075.0,4579,289808.5970401722,143.09999999999616,0.4418537879712019
1.0,0.95,6.0,open_33,10,1,1.0,22000.0,4460,286622.69801580533,141.99999999999622,0.4443123243091163
1.0,0.95,6.0,open_33,20,0,1.0,22850.0,4992,305704.4610532578,76.19999999999995,0.44488667076808686
1.0,0.95,6.0,open_33,20,1,1.0,22500.0,4815,299261.12867274135,74.70000000000003,0.4511251053804156
1.0,0.95,6.0,partial_33,2,0,0.3635220125786163,0.0,3464,242424.00000000003,674.3000000000848,-0.0578209130808561
1.0,0.95,6.0,partial_33,2,1,0.4238993710691824,250.0,3217,242424.00000000003,681.0000000000863,0.004128162203039326
1.0,0.95,6.0,partial_33,5,0,0.9433962264150944,11450.0,9073,606060.0,666.2000000000829,0.34902701933232894
1.0,0.95,6.0,partial_33,5,1,0.8566037735849057,6625.0,9153,606060.0,672.7000000000844,0.33293419186163276
1.0,0.95,6.0,partial_33,10,0,0.9949685534591195,17325.0,18963,1212120.0,670.800000000084,0.3010274319624039
1.0,0.95,6.0,partial_33,10,1,0.9182389937106918,12375.0,17821,1212120.0,688.8000000000881,0.2988073899512331
1.0,0.95,6.0,partial_33,20,0,1.0,18625.0,7455,481988.9516894985,125.19999999999716,0.4190584783473564
1.0,0.95,6.0,partial_33,20,1,1.0,18400.0,6889,444969.151624938,114.69999999999776,0.42678990074963685
1.0,0.95,6.0,closed_33,2,0,0.41522491349480967,0.0,2474,242424.00000000003,702.4000000000912,-0.002690422622442429
1.0,0.95,6.0,closed_33,2,1,0.28719723183391005,0.0,2171,242424.00000000003,705.8000000000919,-0.13593784162208764
1.0,0.95,6.0,closed_33,5,0,0.8494809688581315,4300.0,4154,606060.0,713.8000000000937,0.3474746857733363
1.0,0.95,6.0,closed_33,5,1,0.8235294117647058,4275.0,5125,606060.0,711.7000000000933,0.3158260893023098
1.0,0.95,6.0,closed_33,10,0,0.8737024221453287,7000.0,10093,1212120.0,725.9000000000965,0.298224408006008
1.0,0.95,6.0,closed_33,10,1,1.0,12875.0,11981,1167938.0997782857,665.4000000000827,0.3073263642888283
1.0,0.95,6.0,closed_33,20,0,1.0,13425.0,5684,467749.41073188046,126.69999999999708,0.4211010134898932
1.0,0.95,6.0,closed_33,20,1,1.0,11375.0,3619,299418.9807837573,80.4999999999997,0.4873156568318918
1.0,0.95,10.0,open_33,2,0,0.9885535900104059,16900.0,3570,242424.00000000003,600.500000000068,0.39613206601203077
1.0,0.95,10.0,open_33,2,1,0.991675338189386,17975.0,3592,242424.00000000003,599.7000000000678,0.38568149010530606
1.0,0.95,10.0,open_33,5,0,0.9947970863683663,21350.0,10415,606060.0,618.100000000072,0.3089774035466525
1.0,0.95,10.0,open_33,5,1,0.9947970863683663,22450.0,10290,606060.0,618.6000000000721,0.2955220563051342
1.0,0.95,10.0,open_33,10,0,1.0,22350.0,8140,478803.6163384733,241.39999999999057,0.3955360623949419
1.0,0.95,10.0,open_33,10,1,1.0,22225.0,11046,630843.9834237762,321.1000000000045,0.37131193060874856
1.0,0.95,10.0,open_33,20,0,1.0,22875.0,6603,389401.308762196,96.79999999999878,0.4292729445394044
1.0,0.95,10.0,open_33,20,1,1.0,22775.0,6772,403052.20224878285,100.99999999999854,0.4288753025494026
1.0,0.95,10.0,partial_33,2,0,0.6742138364779874,2600.0,3274,242424.00000000003,674.4000000000848,0.2327288334241239
1.0,0.95,10.0,partial_33,2,1,0.5710691823899371,825.0,3473,242424.00000000003,662.100000000082,0.1488548718515422
1.0,0.95,10.0,partial_33,5,0,0.9119496855345912,9925.0,8958,606060.0,683.6000000000869,0.3401559672217255
1.0,0.95,10.0,partial_33,5,1,0.9886792452830189,17475.0,9114,606060.0,653.10000000008,0.3042793977510958
1.0,0.95,10.0,partial_33,10,0,1.0,18625.0,7791,493370.3702386499,253.0999999999899,0.3878523410592793
1.0,0.95,10.0,partial_33,10,1,1.0,18325.0,7787,504527.3175282867,263.59999999999144,0.39106405239285497
1.0,0.95,10.0,partial_33,20,0,1.0,19250.0,8153,521534.78574159415,134.69999999999663,0.40501315109962355
1.0,0.95,10.0,partial_33,20,1,1.0,18925.0,6434,412665.83189994004,105.69999999999827,0.4227437073280983
1.0,0.95,10.0,closed_33,2,0,0.24740484429065743,0.0,2540,242424.00000000003,718.6000000000948,-0.18105003623280302
1.0,0.95,10.0,closed_33,2,1,0.2768166089965398,725.0,2148,242424.00000000003,712.6000000000935,-0.16188251152569635
1.0,0.95,10.0,closed_33,5,0,0.40657439446366783,900.0,4695,606060.0,728.7000000000971,-0.04225496824828648
1.0,0.95,10.0,closed_33,5,1,0.7508650519031141,3175.0,5534,606060.0,718.7000000000949,0.2623200063287682
1.0,0.95,10.0,closed_33,10,0,1.0,11625.0,5786,498794.0063310233,272.89999999999355,0.4264578549599999
1.0,0.95,10.0,closed_33,10,1,0.9619377162629758,8325.0,12008,1212120.0,716.6000000000944,0.35793192831939236
1.0,0.95,10.0,closed_33,20,0,1.0,12850.0,5086,416928.9385648435,112.2999999999979,0.4389903590943831
1.0,0.95,10.0,closed_33,20,1,1.0,12325.0,5162,423756.82397336885,114.39999999999777,0.4490778369483238
1.0,0.99,3.0,open_33,2,0,1.0,14975.0,2961,211358.0280426821,519.7000000000496,0.46058141384382034
1.0,0.99,3.0,open_33,2,1,1.0,17175.0,3345,229193.67041866656,563.4000000000595,0.41592762363166075
1.0,0.99,3.0,open_33,5,0,1.0,18975.0,2968,208204.74070870096,205.7999999999926,0.48681458345707057
1.0,0.99,3.0,open_33,5,1,1.0,20050.0,3208,221763.03966446163,218.59999999999187,0.46593549290531183
1.0,0.99,3.0,open_33,10,0,1.0,20850.0,3523,235340.56897218502,116.79999999999764,0.47589669477091906
1.0,0.99,3.0,open_33,10,1,1.0,20950.0,3325,227194.25885507022,112.49999999999788,0.47858900864617593
1.0,0.99,3.0,open_33,20,0,1.0,23025.0,4583,289292.4745087167,71.7000000000002,0.4472521300415806
1.0,0.99,3.0,open_33,20,1,1.0,22125.0,3757,245314.80157515453,61.1000000000006,0.47021499896708885
1.0,0.99,3.0,partial_33,2,0,0.5509433962264151,1975.0,3370,242424.00000000003,673.1000000000845,0.1111939335482621
1.0,0.99,3.0,partial_33,2,1,0.5408805031446541,1200.0,3503,242424.00000000003,667.3000000000832,0.11112224093183462
1.0,0.99,3.0,partial_33,5,0,0.9308176100628931,11575.0,8622,606060.0,676.6000000000853,0.33536906634922303
1.0,0.99,3.0,partial_33,5,1,0.9874213836477987,14100.0,8754,606060.0,667.8000000000833,0.35483487296880967
1.0,0.99,3.0,partial_33,10,0,0.9786163522012579,15950.0,17501,1212120.0,686.9000000000876,0.30618594180144865
1.0,0.99,3.0,partial_33,10,1,1.0,17550.0,4687,323284.2521681492,169.59999999999465,0.4400756140820309
1.0,0.99,3.0,partial_33,20,0,1.0,17300.0,3785,265848.26234762976,68.40000000000039,0.4751020188644744
1.0,0.99,3.0,partial_33,20,1,1.0,17200.0,4363,303673.9029874555,78.99999999999979,0.46852228927862966
1.0,0.99,3.0,closed_33,2,0,0.5692041522491349,1175.0,2019,242424.00000000003,717.4000000000946,0.1424010192646387
1.0,0.99,3.0,closed_33,2,1,0.3373702422145329,300.0,2451,242424.00000000003,703.6000000000914,-0.09119373239491871
1.0,0.99,3.0,closed_33,5,0,0.6764705882352942,2525.0,4175,606060.0,720.1000000000952,0.2052938801966898
1.0,0.99,3.0,closed_33,5,1,0.8512110726643599,3100.0,5029,606060.0,724.1000000000961,0.3691410538950194
1.0,0.99,3.0,closed_33,10,0,0.8979238754325259,7925.0,9536,1212120.0,729.1000000000972,0.3044313924319739
1.0,0.99,3.0,closed_33,10,1,0.9688581314878892,9025.0,11581,1212120.0,723.2000000000959,0.350880855256389
1.0,0.99,3.0,closed_33,20,0,1.0,12900.0,14693,1460700.1882504767,419.1000000000268,0.3565013131544536
1.0,0.99,3.0,closed_33,20,1,1.0,11475.0,5158,494544.72075002315,138.39999999999642,0.4625281789940242
1.0,0.99,6.0,open_33,2,0,0.9906347554630593,15800.0,3580,242424.00000000003,599.9000000000678,0.41191436097025946
1.0,0.99,6.0,open_33,2,1,0.9885535900104059,17975.0,3620,242424.00000000003,598.2000000000675,0.382018690009318
1.0,0.99,6.0,open_33,5,0,1.0,21100.0,3591,242202.07558440533,238.8999999999907,0.4421343658459366
1.0,0.99,6.0,open_33,5,1,1.0,20900.0,4900,309318.8836241729,307.70000000000147,0.41449033601497215
1.0,0.99,6.0,open_33,10,0,1.0,22825.0,6379,387542.6511574513,193.1999999999933,0.40808010830261016
1.0,0.99,6.0,open_33,10,1,1.0,21700.0,4744,298625.56536411494,148.39999999999586,0.4439806280278546
1.0,0.99,6.0,open_33,20,0,1.0,22350.0,4425,276401.7402559365,68.70000000000037,0.4579744236215217
1.0,0.99,6.0,open_33,20,1,1.0,22875.0,5450,336856.10468651727,84.19999999999949,0.4392585955096852
1.0,0.99,6.0,partial_33,2,0,0.6226415094339622,1025.0,3379,242424.00000000003,665.0000000000827,0.20105783977254152
1.0,0.99,6.0,partial_33,2,1,0.7069182389937106,3700.0,3265,242424.00000000003,675.200000000085,0.2506801338169323
1.0,0.99,6.0,partial_33,5,0,0.9333333333333333,10925.0,8951,606060.0,671.6000000000842,0.34694825481917513
1.0,0.99,6.0,partial_33,5,1,0.9257861635220126,12525.0,8840,606060.0,672.7000000000844,0.31534275941425893
1.0,0.99,6.0,partial_33,10,0,0.7446540880503144,8925.0,16899,1212120.0,701.2000000000909,0.17564645585324676
1.0,0.99,6.0,partial_33,10,1,1.0,18650.0,6147,409623.67079968797,213.59999999999215,0.4040331231320942
1.0,0.99,6.0,partial_33,20,0,1.0,19325.0,7623,480489.3391628829,123.19999999999727,0.4080048471075212
1.0,0.99,6.0,partial_33,20,1,1.0,18075.0,4764,320746.89557896135,82.49999999999959,0.4509620229067203
1.0,0.99,6.0,closed_33,2,0,0.41522491349480967,0.0,2474,242424.00000000003,702.4000000000912,-0.002690422622442429
1.0,0.99,6.0,closed_33,2,1,0.28719723183391005,0.0,2171,242424.00000000003,705.8000000000919,-0.13593784162208764
1.0,0.99,6.0,closed_33,5,0,0.7993079584775087,4100.0,5337,606060.0,714.3000000000939,0.2936430792963748
1.0,0.99,6.0,closed_33,5,1,0.8806228373702422,5350.0,5229,606060.0,715.000000000094,0.35171778851713864
1.0,0.99,6.0,closed_33,10,0,1.0,12150.0,4871,400401.7176007149,215.19999999999206,0.4318586320485029
1.0,0.99,6.0,closed_33,10,1,0.7335640138408305,5375.0,9605,1212120.0,721.3000000000955,0.1902110925605249
1.0,0.99,6.0,closed_33,20,0,1.0,13075.0,14309,1483122.7246224454,426.90000000002857,0.3518249751137444
1.0,0.99,6.0,closed_33,20,1,1.0,12175.0,6980,702827.6651812661,199.29999999999296,0.42829755438422284
1.0,0.99,10.0,open_33,2,0,0.9885535900104059,16900.0,3570,242424.00000000003,600.500000000068,0.39613206601203077
1.0,0.99,10.0,open_33,2,1,0.9802289281997919,16825.0,3667,242424.00000000003,597.6000000000673,0.3870056501426967
1.0,0.99,10.0,open_33,5,0,0.9958376690946931,21400.0,10368,606060.0,619.2000000000722,0.3095225739070244
1.0,0.99,10.0,open_33,5,1,1.0,22200.0,9047,529652.0487016398,535.7000000000533,0.3253618516352512
1.0,0.99,10.0,open_33,10,0,1.0,22725.0,7218,427583.43444751576,212.6999999999922,0.40052815489468707
1.0,0.99,10.0,open_33,10,1,1.0,23100.0,9875,573330.474861085,288.79999999999717,0.3698342769351672
1.0,0.99,10.0,open_33,20,0,1.0,22275.0,5688,349431.8464612309,87.39999999999931,0.444391805992469
1.0,0.99,10.0,open_33,20,1,1.0,22550.0,6383,383635.5356260063,95.99999999999882,0.4348165433476727
1.0,0.99,10.0,partial_33,2,0,0.21132075471698114,1400.0,3348,242424.00000000003,690.7000000000885,-0.2399212942094003
1.0,0.99,10.0,partial_33,2,1,0.8515723270440252,5925.0,3236,242424.00000000003,660.7000000000817,0.3695978303788747
1.0,0.99,10.0,partial_33,5,0,1.0,19175.0,9445,599253.7671545317,619.1000000000722,0.2910347627000618
1.0,0.99,10.0,partial_33,5,1,0.7836477987421384,9950.0,9541,606060.0,653.9000000000801,0.20740310480447707
1.0,0.99,10.0,partial_33,10,0,0.9974842767295597,17575.0,18825,1212120.0,660.8000000000817,0.2998834318288536
1.0,0.99,10.0,partial_33,10,1,1.0,17325.0,9822,627166.7636756767,327.2000000000059,0.38621709150263017
1.0,0.99,10.0,partial_33,20,0,1.0,18675.0,6733,431401.06538486434,110.89999999999797,0.42409058993644416
1.0,0.99,10.0,partial_33,20,1,0.9723270440251572,15675.0,32762,2424240.0,701.500000000091,0.2981939892580704
1.0,0.99,10.0,closed_33,2,0,0.24740484429065743,0.0,2540,242424.00000000003,718.6000000000948,-0.18105003623280302
1.0,0.99,10.0,closed_33,2,1,0.21453287197231835,800.0,2302,242424.00000000003,710.8000000000931,-0.2311866860770463
1.0,0.99,10.0,closed_33,5,0,0.8875432525951558,5375.0,4512,606060.0,714.6000000000939,0.362133978320623
1.0,0.99,10.0,closed_33,5,1,0.8529411764705882,5325.0,4931,606060.0,710.0000000000929,0.32521079792319496
1.0,0.99,10.0,closed_33,10,0,1.0,11925.0,5541,456093.36098698806,246.99999999999025,0.4264089291794858
1.0,0.99,10.0,closed_33,10,1,0.986159169550173,11075.0,12066,1212120.0,704.5000000000916,0.3253166927907414
1.0,0.99,10.0,closed_33,20,0,0.9238754325259516,9725.0,21136,2424240.0,729.8000000000974,0.2849205827086846
1.0,0.99,10.0,closed_33,20,1,1.0,13350.0,8148,725481.8158087754,200.89999999999287,0.3994823501055994
1.0,0.999,3.0,open_33,2,0,1.0,17675.0,3327,228842.00209416312,562.7000000000594,0.41017471627087454
1.0,0.999,3.0,open_33,2,1,1.0,17125.0,3254,222824.4724333437,548.7000000000562,0.4217924453277282
1.0,0.999,3.0,open_33,5,0,1.0,20200.0,3424,232098.14733943937,228.3999999999913,0.4581928310158656
1.0,0.999,3.0,open_33,5,1,1.0,20600.0,3283,224737.59953811485,221.19999999999172,0.4571366322502411
1.0,0.999,3.0,open_33,10,0,1.0,20750.0,3497,234782.39072793233,115.99999999999768,0.47758689399135346
1.0,0.999,3.0,open_33,10,1,1.0,21850.0,3806,251928.54061624152,124.89999999999718,0.45761598294377026
1.0,0.999,3.0,open_33,20,0,1.0,21800.0,3908,252085.7952205669,62.50000000000062,0.47197476883776257
1.0,0.999,3.0,open_33,20,1,1.0,21100.0,3275,221132.29312270135,55.00000000000051,0.491408131471348
1.0,0.999,3.0,partial_33,2,0,0.8465408805031447,3925.0,3201,242424.00000000003,662.4000000000821,0.3949678283108701
1.0,0.999,3.0,partial_33,2,1,0.7836477987421384,3025.0,3261,242424.00000000003,650.9000000000794,0.3416634712749397
1.0,0.999,3.0,partial_33,5,0,1.0,17450.0,8993,598242.1289940753,646.1000000000784,0.31838916157194463
1.0,0.999,3.0,partial_33,5,1,0.5610062893081761,1675.0,7889,606060.0,726.2000000000966,0.10733161543791872
1.0,0.999,3.0,partial_33,10,0,1.0,17075.0,10025,695051.763712836,380.70000000001806,0.38147958013708155
1.0,0.999,3.0,partial_33,10,1,0.9509433962264151,14525.0,17267,1212120.0,690.0000000000883,0.2998375893090718
1.0,0.999,3.0,partial_33,20,0,1.0,17375.0,3402,237983.55064121168,61.1000000000006,0.4803822861542474
1.0,0.999,3.0,partial_33,20,1,1.0,18325.0,17234,1177447.6297282968,323.6000000000051,0.3664685887693286
1.0,0.999,3.0,closed_33,2,0,0.4688581314878893,600.0,2173,242424.00000000003,711.4000000000932,0.04522207875480347
1.0,0.999,3.0,closed_33,2,1,0.2664359861591695,0.0,2078,242424.00000000003,717.0000000000945,-0.15730953355409213
1.0,0.999,3.0,closed_33,5,0,0.38235294117647056,750.0,5630,606060.0,731.0000000000977,-0.06633104118152375
1.0,0.999,3.0,closed_33,5,1,0.870242214532872,6475.0,4222,606060.0,720.6000000000953,0.32330521228099085
1.0,0.999,3.0,closed_33,10,0,0.9965397923875432,12525.0,11656,1212120.0,718.3000000000948,0.3061876261809048
1.0,0.999,3.0,closed_33,10,1,1.0,11850.0,6660,589058.5695461333,325.70000000000556,0.40773991652352143
1.0,0.999,3.0,closed_33,20,0,1.0,12400.0,5051,432696.8419298325,118.79999999999752,0.4475837687454889
1.0,0.999,3.0,closed_33,20,1,1.0,12000.0,3125,256346.41180767585,68.40000000000039,0.48241796003603543
1.0,0.999,6.0,open_33,2,0,0.991675338189386,17000.0,3632,242424.00000000003,598.0000000000674,0.39730752466261754
1.0,0.999,6.0,open_33,2,1,0.991675338189386,16725.0,3589,242424.00000000003,599.9000000000678,0.4013317794086808
1.0,0.999,6.0,open_33,5,0,1.0,22125.0,5872,362389.4960509647,358.9000000000131,0.3795480052953689
1.0,0.999,6.0,open_33,5,1,1.0,22725.0,4920,310678.3005266484,307.0000000000013,0.39121029665005547
1.0,0.999,6.0,open_33,10,0,1.0,22550.0,5363,330397.3532585141,164.29999999999495,0.4246341589144041
1.0,0.999,6.0,open_33,10,1,1.0,21525.0,4910,311506.5139095285,155.29999999999546,0.44320202590511826
1.0,0.999,6.0,open_33,20,0,1.0,22200.0,5540,333807.7531271642,82.99999999999956,0.4472463867281712
1.0,0.999,6.0,open_33,20,1,1.0,22800.0,6064,363403.4649564177,91.0999999999991,0.43468290054467856
1.0,0.999,6.0,partial_33,2,0,0.5081761006289308,2075.0,3543,242424.00000000003,665.7000000000828,0.06311776744166284
1.0,0.999,6.0,partial_33,2,1,0.6855345911949685,3675.0,3622,242424.00000000003,638.5000000000766,0.22485530968843245
1.0,0.999,6.0,partial_33,5,0,0.9182389937106918,10250.0,8889,606060.0,671.7000000000842,0.3418450075769415
1.0,0.999,6.0,partial_33,5,1,0.929559748427673,12425.0,9136,606060.0,668.6000000000835,0.32001876708330024
1.0,0.999,6.0,partial_33,10,0,0.9245283018867925,11850.0,17736,1212120.0,689.1000000000881,0.31315356487766477
1.0,0.999,6.0,partial_33,10,1,1.0,18350.0,4953,332928.9466200804,171.19999999999456,0.42483748855554343
1.0,0.999,6.0,partial_33,20,0,1.0,17950.0,4907,326933.3585403124,83.9999999999995,0.4514042339863829
1.0,0.999,6.0,partial_33,20,1,1.0,18575.0,4678,315603.2262465884,81.49999999999964,0.44439549305413495
1.0,0.999,6.0,closed_33,2,0,0.2179930795847751,0.0,2531,242424.00000000003,719.7000000000951,-0.21222479353863058
1.0,0.999,6.0,closed_33,2,1,0.3391003460207612,0.0,2211,242424.00000000003,703.0000000000913,-0.08091534894300187
1.0,0.999,6.0,closed_33,5,0,0.9152249134948097,5375.0,5231,606060.0,707.4000000000923,0.38674085688196846
1.0,0.999,6.0,closed_33,5,1,0.9377162629757786,7950.0,5792,606060.0,706.000000000092,0.3538908974190419
1.0,0.999,6.0,closed_33,10,0,0.8581314878892734,5100.0,10139,1212120.0,725.7000000000965,0.3217962278802392
1.0,0.999,6.0,closed_33,10,1,0.7837370242214533,5925.0,10391,1212120.0,722.5000000000957,0.2288144750671187
1.0,0.999,6.0,closed_33,20,0,1.0,13500.0,10181,905886.2895150972,251.09999999999002,0.38186414413887904
1.0,0.999,6.0,closed_33,20,1,1.0,12025.0,6230,548968.905565477,151.99999999999565,0.44310662601451667
1.0,0.999,10.0,open_33,2,0,0.9843912591050988,16250.0,3651,242424.00000000003,597.6000000000673,0.3987690977539353
1.0,0.999,10.0,open_33,2,1,0.9906347554630593,17050.0,3589,242424.00000000003,598.5000000000675,0.39618072097521106
1.0,0.999,10.0,open_33,5,0,1.0,21850.0,8203,480962.17001795565,485.40000000004187,0.3439898384487695
1.0,0.999,10.0,open_33,5,1,1.0,21925.0,7338,442883.2244321727,446.400000000033,0.3554078691889654
1.0,0.999,10.0,open_33,10,0,1.0,22600.0,11544,659157.1335151244,334.3000000000075,0.3622991057487626
1.0,0.999,10.0,open_33,10,1,1.0,22825.0,11670,671534.3281849308,342.7000000000094,0.3577845999289697
1.0,0.999,10.0,open_33,20,0,1.0,22000.0,6003,363761.60463151056,90.89999999999911,0.44501063111486866
1.0,0.999,10.0,open_33,20,1,1.0,22900.0,8054,470041.4425034635,117.79999999999758,0.4180212361274527
1.0,0.999,10.0,partial_33,2,0,0.20628930817610064,1200.0,3192,242424.00000000003,697.9000000000901,-0.24160803392278418
1.0,0.999,10.0,partial_33,2,1,0.35974842767295595,1825.0,3304,242424.00000000003,688.500000000088,-0.0883434651343413
1.0,0.999,10.0,partial_33,5,0,0.9949685534591195,16625.0,9573,606060.0,637.4000000000764,0.3224772778210657
1.0,0.999,10.0,partial_33,5,1,0.9157232704402516,11000.0,8379,606060.0,682.5000000000866,0.32922264279855684
1.0,0.999,10.0,partial_33,10,0,0.9911949685534591,17200.0,18059,1212120.0,678.5000000000857,0.29967099290891364
1.0,0.999,10.0,partial_33,10,1,1.0,18975.0,9297,595792.281121372,310.20000000000203,0.3662188347563561
1.0,0.999,10.0,partial_33,20,0,1.0,18925.0,5978,391820.8702477142,100.79999999999855,0.42620695289010546
1.0,0.999,10.0,partial_33,20,1,1.0,19100.0,9931,623880.4726979951,161.8999999999951,0.39676088684975813
1.0,0.999,10.0,closed_33,2,0,0.3477508650519031,0.0,2120,242424.00000000003,718.4000000000948,-0.07071339843605709
1.0,0.999,10.0,closed_33,2,1,0.19204152249134948,475.0,1516,242424.00000000003,726.8000000000967,-0.24179739625462007
1.0,0.999,10.0,closed_33,5,0,0.47231833910034604,1525.0,2669,606060.0,729.3000000000973,0.024051200304437664
1.0,0.999,10.0,closed_33,5,1,0.9013840830449827,5700.0,5886,606060.0,707.7000000000924,0.3629957310124384
1.0,0.999,10.0,closed_33,10,0,0.9377162629757786,9950.0,11463,1212120.0,713.4000000000937,0.30024178058578377
1.0,0.999,10.0,closed_33,10,1,0.9844290657439446,10300.0,13262,1212120.0,703.1000000000913,0.338485631642096
1.0,0.999,10.0,closed_33,20,0,1.0,12775.0,9130,765618.0965632345,209.99999999999235,0.40701852011187534
1.0,0.999,10.0,closed_33,20,1,1.0,12675.0,5071,411477.46696389094,110.69999999999798,0.44302968583586655
5.0,0.95,3.0,open_33,2,0,1.0,16775.0,2980,210760.21686021163,518.1000000000492,0.4381066308883351
5.0,0.95,3.0,open_33,2,1,1.0,17625.0,3412,231468.1692650179,569.2000000000609,0.4079274456543276
5.0,0.95,3.0,open_33,5,0,1.0,19500.0,2987,210000.02345064038,206.89999999999253,0.4794779025098397
5.0,0.95,3.0,open_33,5,1,1.0,20025.0,3152,220457.31666057697,217.49999999999193,0.4675004124821888
5.0,0.95,3.0,open_33,10,0,1.0,20400.0,3184,219703.13375408063,108.6999999999981,0.48863771143968615
5.0,0.95,3.0,open_33,10,1,1.0,20925.0,3107,214372.5478610983,106.09999999999825,0.4840337964094954
5.0,0.95,3.0,open_33,20,0,1.0,22325.0,3820,246034.6217275723,61.2000000000006,0.4668695022987545
5.0,0.95,3.0,open_33,20,1,1.0,22200.0,3654,238460.15133699076,59.10000000000057,0.4710507026649493
5.0,0.95,3.0,partial_33,2,0,0.3333333333333333,0.0,3613,242424.00000000003,685.2000000000872,-0.09061085324623233
5.0,0.95,3.0,partial_33,2,1,0.7836477987421384,5050.0,3591,242424.00000000003,649.000000000079,0.3073290986717929
5.0,0.95,3.0,partial_33,5,0,0.9735849056603774,13150.0,8921,606060.0,670.5000000000839,0.35460038512146674
5.0,0.95,3.0,partial_33,5,1,0.6528301886792452,2775.0,8679,606060.0,690.5000000000884,0.18342654473696082
5.0,0.95,3.0,partial_33,10,0,1.0,17650.0,10579,717093.1218712662,388.10000000001975,0.3691000995684395
5.0,0.95,3.0,partial_33,10,1,1.0,15400.0,4804,328386.5679543854,171.89999999999452,0.47101129029951483
5.0,0.95,3.0,partial_33,20,0,1.0,16850.0,4187,287920.5855330555,74.10000000000007,0.47637743240739255
5.0,0.95,3.0,partial_33,20,1,1.0,17700.0,5316,355527.4148492664,92.19999999999904,0.4506746413545648
5.0,0.95,3.0,closed_33,2,0,0.5536332179930796,1050.0,1940,242424.00000000003,707.3000000000923,0.12986734169635236
5.0,0.95,3.0,closed_33,2,1,0.6764705882352942,375.0,2106,242424.00000000003,724.3000000000961,0.2712170483087972
5.0,0.95,3.0,closed_33,5,0,0.7110726643598616,3900.0,4381,606060.0,714.700000000094,0.21138974575721806
5.0,0.95,3.0,closed_33,5,1,0.7698961937716263,2675.0,4560,606060.0,723.800000000096,0.29658874382057776
5.0,0.95,3.0,closed_33,10,0,0.9065743944636678,7950.0,10527,1212120.0,721.6000000000955,0.311303003922501
5.0,0.95,3.0,closed_33,10,1,0.856401384083045,6850.0,11947,1212120.0,724.3000000000961,0.2816777869305891
5.0,0.95,3.0,closed_33,20,0,0.9636678200692042,11150.0,22796,2424240.0,722.5000000000957,0.2948908839448603
5.0,0.95,3.0,closed_33,20,1,1.0,11525.0,3527,325025.51940515963,89.49999999999919,0.48360168967366
5.0,0.95,6.0,open_33,2,0,0.9947970863683663,17875.0,3560,242424.00000000003,598.3000000000675,0.3906551759133722
5.0,0.95,6.0,open_33,2,1,0.9875130072840791,16350.0,3621,242424.00000000003,598.3000000000675,0.40120382493213935
5.0,0.95,6.0,open_33,5,0,1.0,20150.0,3724,248471.22819903272,245.8999999999903,0.4507048811381953
5.0,0.95,6.0,open_33,5,1,1.0,21400.0,3931,259043.67514682736,255.19999999998979,0.42997250332179976
5.0,0.95,6.0,open_33,10,0,1.0,22625.0,5909,360832.33566850284,179.4999999999941,0.4164476256380798
5.0,0.95,6.0,open_33,10,1,1.0,21550.0,3744,247957.38317469624,121.79999999999735,0.46263226170263455
5.0,0.95,6.0,open_33,20,0,1.0,23025.0,5689,346679.29651817447,86.49999999999936,0.43518404743403094
5.0,0.95,6.0,open_33,20,1,1.0,21175.0,3942,253136.52947536157,63.000000000000625,0.47930593018740797
5.0,0.95,6.0,partial_33,2,0,0.8830188679245283,7025.0,3231,242424.00000000003,648.6000000000789,0.386083598386176
5.0,0.95,6.0,partial_33,2,1,0.8603773584905661,4425.0,3325,242424.00000000003,652.8000000000799,0.40032529533915573
5.0,0.95,6.0,partial_33,5,0,0.9144654088050315,12250.0,8761,606060.0,675.8000000000851,0.30810223484326227
5.0,0.95,6.0,partial_33,5,1,0.9949685534591195,18100.0,9514,606060.0,641.4000000000773,0.30034421832230185
5.0,0.95,6.0,partial_33,10,0,1.0,17625.0,5484,361219.0073615592,185.89999999999372,0.42890071143677583
5.0,0.95,6.0,partial_33,10,1,1.0,18600.0,5642,375188.05311902124,193.4999999999933,0.4115867501151922
5.0,0.95,6.0,partial_33,20,0,1.0,18600.0,5785,372596.89795848075,94.89999999999888,0.43329089625615713
5.0,0.95,6.0,partial_33,20,1,1.0,18275.0,5680,384699.605767454,100.49999999999856,0.43806321246485136
5.0,0.95,6.0,closed_33,2,0,0.4031141868512111,0.0,2267,242424.00000000003,708.6000000000926,-0.013370257593233376
5.0,0.95,6.0,closed_33,2,1,0.35121107266435986,1225.0,1880,242424.00000000003,708.0000000000924,-0.08942921986318272
5.0,0.95,6.0,closed_33,5,0,0.6349480968858131,1600.0,5430,606060.0,712.8000000000935,0.1762782417319754
5.0,0.95,6.0,closed_33,5,1,0.6937716262975778,1625.0,5644,606060.0,715.9000000000942,0.23549090204855352
5.0,0.95,6.0,closed_33,10,0,0.7629757785467128,5825.0,9341,1212120.0,726.9000000000967,0.2111219195926012
5.0,0.95,6.0,closed_33,10,1,0.8771626297577855,6250.0,10679,1212120.0,730.3000000000975,0.3165577536813641
5.0,0.95,6.0,closed_33,20,0,0.9238754325259516,9075.0,20864,2424240.0,729.5000000000973,0.2985093645814615
5.0,0.95,6.0,closed_33,20,1,1.0,12225.0,5697,462022.8325930219,124.89999999999718,0.44629834979086697
5.0,0.95,10.0,open_33,2,0,0.9864724245577523,17450.0,3574,242424.00000000003,598.7000000000676,0.3870224826517129
5.0,0.95,10.0,open_33,2,1,0.9864724245577523,16400.0,3636,242424.00000000003,598.2000000000675,0.3992831843889588
5.0,0.95,10.0,open_33,5,0,1.0,21650.0,6158,382542.061773843,385.40000000001913,0.3789812526561735
5.0,0.95,10.0,open_33,5,1,1.0,21925.0,9029,536690.6480097544,541.7000000000546,0.3271701445419023
5.0,0.95,10.0,open_33,10,0,1.0,22775.0,6035,365529.4521809842,181.49999999999397,0.4132590333867081
5.0,0.95,10.0,open_33,10,1,1.0,22025.0,5200,323478.0418969281,160.59999999999516,0.43322049845759014
5.0,0.95,10.0,open_33,20,0,1.0,23250.0,5865,355999.6515573794,88.39999999999925,0.43070132211774886
5.0,0.95,10.0,open_33,20,1,1.0,23150.0,5880,355454.3739359309,88.79999999999923,0.4318899025555655
5.0,0.95,10.0,partial_33,2,0,0.21132075471698114,1400.0,3348,242424.00000000003,690.7000000000885,-0.2399212942094003
5.0,0.95,10.0,partial_33,2,1,0.9081761006289308,9075.0,3335,242424.00000000003,644.2000000000779,0.38013972795422046
5.0,0.95,10.0,partial_33,5,0,0.9081761006289308,11200.0,8893,606060.0,670.0000000000838,0.31720235350294523
5.0,0.95,10.0,partial_33,5,1,0.9786163522012579,16950.0,9079,606060.0,655.2000000000804,0.3020014551907795
5.0,0.95,10.0,partial_33,10,0,0.730817610062893,5700.0,17052,1212120.0,691.9000000000888,0.21022030471976907
5.0,0.95,10.0,partial_33,10,1,1.0,19200.0,8812,563019.7188196115,290.39999999999753,0.3679210769577212
5.0,0.95,10.0,partial_33,20,0,1.0,18650.0,5236,348832.55754528753,89.3999999999992,0.4372516193493436
5.0,0.95,10.0,partial_33,20,1,1.0,19125.0,8767,558039.335294073,145.39999999999603,0.40301335839174873
5.0,0.95,10.0,closed_33,2,0,0.2093425605536332,0.0,1758,242424.00000000003,730.4000000000975,-0.21578309730220027
5.0,0.95,10.0,closed_33,2,1,0.25432525951557095,0.0,2110,242424.00000000003,717.6000000000946,-0.17057997358638347
5.0,0.95,10.0,closed_33,5,0,0.6747404844290658,3150.0,4900,606060.0,719.300000000095,0.18701531837761978
5.0,0.95,10.0,closed_33,5,1,0.4809688581314879,2000.0,5822,606060.0,720.9000000000954,0.008674053485103445
5.0,0.95,10.0,closed_33,10,0,0.9584775086505191,8275.0,10537,1212120.0,722.1000000000956,0.3572188793203587
5.0,0.95,10.0,closed_33,10,1,0.9982698961937716,12575.0,12219,1212120.0,704.9000000000917,0.3062804522847453
5.0,0.95,10.0,closed_33,20,0,1.0,13350.0,5598,442659.23408545833,118.79999999999752,0.42453865603994984
5.0,0.95,10.0,closed_33,20,1,1.0,13300.0,9011,799379.3010847657,221.99999999999167,0.3943289218965786
5.0,0.99,3.0,open_33,2,0,1.0,16575.0,3095,213113.00758582077,525.2000000000509,0.43712801672390345
5.0,0.99,3.0,open_33,2,1,1.0,17600.0,3300,227300.52122414077,558.1000000000583,0.4124557392051983
5.0,0.99,3.0,open_33,5,0,1.0,19225.0,2926,204909.91555152717,201.59999999999283,0.48527096428711813
5.0,0.99,3.0,open_33,5,1,1.0,20400.0,3292,224305.50710436364,221.5999999999917,0.45959326009953966
5.0,0.99,3.0,open_33,10,0,1.0,20375.0,3388,226804.53343796264,112.39999999999789,0.4848410575534749
5.0,0.99,3.0,open_33,10,1,1.0,18525.0,2651,191062.6211239684,94.6999999999989,0.5257274172328155
5.0,0.99,3.0,open_33,20,0,1.0,21475.0,3334,221615.8772964431,54.80000000000051,0.48576176897792667
5.0,0.99,3.0,open_33,20,1,1.0,21775.0,4674,295792.82420680113,73.10000000000012,0.46163377153883617
5.0,0.99,3.0,partial_33,2,0,0.7874213836477988,3725.0,3350,242424.00000000003,659.6000000000814,0.3339839245114292
5.0,0.99,3.0,partial_33,2,1,0.4138364779874214,1775.0,3698,242424.00000000003,662.7000000000821,-0.03289085882036294
5.0,0.99,3.0,partial_33,5,0,0.9446540880503145,13825.0,8497,606060.0,676.5000000000853,0.3158924225443045
5.0,0.99,3.0,partial_33,5,1,1.0,14900.0,4722,328618.32516172307,343.30000000000956,0.4400035767848654
5.0,0.99,3.0,partial_33,10,0,0.9647798742138365,15275.0,19184,1212120.0,668.4000000000834,0.301302648511915
5.0,0.99,3.0,partial_33,10,1,1.0,16175.0,3921,271912.7948001253,139.99999999999633,0.474018601904421
5.0,0.99,3.0,partial_33,20,0,1.0,17375.0,4584,312846.0056574065,81.19999999999966,0.4634345190654259
5.0,0.99,3.0,partial_33,20,1,1.0,18475.0,4642,319716.24654850597,82.99999999999956,0.4459483993618645
5.0,0.99,3.0,closed_33,2,0,0.31833910034602075,0.0,1755,242424.00000000003,721.4000000000955,-0.09763706147851656
5.0,0.99,3.0,closed_33,2,1,0.32525951557093424,0.0,2405,242424.00000000003,702.5000000000912,-0.09743406115272349
5.0,0.99,3.0,closed_33,5,0,0.3373702422145329,1000.0,5704,606060.0,728.300000000097,-0.11791851283091073
5.0,0.99,3.0,closed_33,5,1,0.9809688581314879,8325.0,5624,606060.0,702.6000000000912,0.3911624109137354
5.0,0.99,3.0,closed_33,10,0,1.0,11075.0,4424,399445.3970606029,220.19999999999177,0.45713471361515134
5.0,0.99,3.0,closed_33,10,1,0.9152249134948097,7975.0,11431,1212120.0,722.9000000000958,0.3184787655635406
5.0,0.99,3.0,closed_33,20,0,1.0,11200.0,4819,424201.29379584175,117.29999999999761,0.4743276566125151
5.0,0.99,3.0,closed_33,20,1,1.0,11750.0,6294,602084.9203083627,169.29999999999467,0.4454139298166104
5.0,0.99,6.0,open_33,2,0,0.9854318418314256,16975.0,3609,242424.00000000003,600.800000000068,0.39137802702632196
5.0,0.99,6.0,open_33,2,1,0.9947970863683663,16950.0,3585,242424.00000000003,598.5000000000675,0.40185601012590444
5.0,0.99,6.0,open_33,5,0,1.0,21075.0,4586,294415.79392340896,290.89999999999765,0.41864150081268653
5.0,0.99,6.0,open_33,5,1,1.0,21625.0,5261,329039.3374664093,327.80000000000604,0.39788324541462217
5.0,0.99,6.0,open_33,10,0,1.0,21975.0,4542,289121.15470586997,143.19999999999615,0.4435343020145177
5.0,0.99,6.0,open_33,10,1,1.0,21000.0,3514,236383.85669544293,117.29999999999761,0.47402862954593605
5.0,0.99,6.0,open_33,20,0,1.0,22250.0,4827,300165.6862154659,74.70000000000003,0.4540894736729146
5.0,0.99,6.0,open_33,20,1,1.0,22250.0,4253,267227.0845794012,66.10000000000052,0.4615355564287527
5.0,0.99,6.0,partial_33,2,0,0.6742138364779874,2150.0,3081,242424.00000000003,678.3000000000857,0.24177329394328775
5.0,0.99,6.0,partial_33,2,1,0.7018867924528301,1450.0,3668,242424.00000000003,642.1000000000774,0.2751674817268759
5.0,0.99,6.0,partial_33,5,0,0.9119496855345912,10450.0,9502,606060.0,660.6000000000816,0.3310366258264441
5.0,0.99,6.0,partial_33,5,1,0.9849056603773585,14000.0,8633,606060.0,673.5000000000846,0.35408736011142994
5.0,0.99,6.0,partial_33,10,0,1.0,17400.0,6284,422424.8342051052,221.6999999999917,0.4207106801395244
5.0,0.99,6.0,partial_33,10,1,1.0,18900.0,15607,1026070.7869027827,557.2000000000581,0.30698433306443473
5.0,0.99,6.0,partial_33,20,0,1.0,18775.0,5452,357515.6094993637,91.99999999999905,0.43348010614652843
5.0,0.99,6.0,partial_33,20,1,1.0,18550.0,7204,469900.4933687495,121.69999999999736,0.4218179613002248
5.0,0.99,6.0,closed_33,2,0,0.6245674740484429,1100.0,1530,242424.00000000003,709.5000000000928,0.21455694439615727
5.0,0.99,6.0,closed_33,2,1,0.2629757785467128,650.0,2481,242424.00000000003,706.100000000092,-0.17764482765619527
5.0,0.99,6.0,closed_33,5,0,0.9826989619377162,8900.0,6814,606060.0,680.7000000000862,0.37656260627933047
5.0,0.99,6.0,closed_33,5,1,0.8217993079584776,3600.0,5062,606060.0,711.7000000000933,0.3283503371850215
5.0,0.99,6.0,closed_33,10,0,0.9740484429065744,10050.0,10776,1212120.0,720.4000000000952,0.3358489728607439
5.0,0.99,6.0,closed_33,10,1,0.6955017301038062,4025.0,10063,1212120.0,731.0000000000977,0.1790173998643985
5.0,0.99,6.0,closed_33,20,0,0.9982698961937716,13825.0,24269,2424240.0,716.0000000000942,0.2737681464998555
5.0,0.99,6.0,closed_33,20,1,1.0,11800.0,4259,355933.19067978906,95.99999999999882,0.4696582604145246
5.0,0.99,10.0,open_33,2,0,0.9833506763787722,17050.0,3536,242424.00000000003,601.7000000000683,0.38927013400111865
5.0,0.99,10.0,open_33,2,1,0.9791883454734651,15275.0,3510,242424.00000000003,603.1000000000686,0.40742903696755917
5.0,0.99,10.0,open_33,5,0,0.9958376690946931,21875.0,10409,606060.0,619.1000000000722,0.3034998050039076
5.0,0.99,10.0,open_33,5,1,1.0,21025.0,4283,276545.85376437183,273.0999999999936,0.4265279337952319
5.0,0.99,10.0,open_33,10,0,1.0,21775.0,7223,427967.22657604003,216.199999999992,0.41232352750497114
5.0,0.99,10.0,open_33,10,1,1.0,22500.0,8370,492340.3215707673,248.29999999999018,0.39126906020076
5.0,0.99,10.0,open_33,20,0,1.0,22825.0,6842,410524.72741797706,101.6999999999985,0.4274712630741161
5.0,0.99,10.0,open_33,20,1,1.0,23125.0,7499,443615.94929952687,111.39999999999795,0.4188841642174858
5.0,0.99,10.0,partial_33,2,0,0.8276729559748428,2350.0,3123,242424.00000000003,673.0000000000845,0.3999652238906105
5.0,0.99,10.0,partial_33,2,1,0.44654088050314467,1575.0,4017,242424.00000000003,634.3000000000757,0.0026824119947598535
5.0,0.99,10.0,partial_33,5,0,0.9383647798742139,14750.0,8927,606060.0,661.4000000000818,0.29441539169414277
5.0,0.99,10.0,partial_33,5,1,0.4238993710691824,1550.0,8471,606060.0,695.7000000000896,-0.03246309815547896
5.0,0.99,10.0,partial_33,10,0,1.0,18725.0,7975,505000.38452545647,259.9999999999906,0.3843742007937187
5.0,0.99,10.0,partial_33,10,1,1.0,18575.0,5862,379747.3699388746,194.9999999999932,0.4101963170812717
5.0,0.99,10.0,partial_33,20,0,0.9522012578616352,15575.0,33339,2424240.0,695.9000000000897,0.27932307914415044
5.0,0.99,10.0,partial_33,20,1,1.0,18625.0,5441,355315.50276184827,91.0999999999991,0.4359426916193138
5.0,0.99,10.0,closed_33,2,0,0.29411764705882354,0.0,2382,242424.00000000003,713.8000000000937,-0.13034247136681212
5.0,0.99,10.0,closed_33,2,1,0.5,300.0,2203,242424.00000000003,713.7000000000937,0.0841185141163758
5.0,0.99,10.0,closed_33,5,0,0.46539792387543255,950.0,6412,606060.0,726.2000000000966,0.013309326125301252
5.0,0.99,10.0,closed_33,5,1,0.9429065743944637,5050.0,5831,606060.0,701.3000000000909,0.4192608756790289
5.0,0.99,10.0,closed_33,10,0,0.889273356401384,7975.0,11120,1212120.0,723.1000000000959,0.29251223247138447
5.0,0.99,10.0,closed_33,10,1,0.8754325259515571,5650.0,10907,1212120.0,712.9000000000935,0.32698766554243686
5.0,0.99,10.0,closed_33,20,0,1.0,13925.0,9358,715644.6860028468,192.59999999999334,0.38571080628561993
5.0,0.99,10.0,closed_33,20,1,1.0,12500.0,5065,424845.46047080215,115.7999999999977,0.4458990310571186
5.0,0.999,3.0,open_33,2,0,1.0,16250.0,3024,207779.76665798895,510.2000000000475,0.44563043221682286
5.0,0.999,3.0,open_33,2,1,1.0,15000.0,2854,202976.9014746988,499.200000000045,0.46732470248075925
5.0,0.999,3.0,open_33,5,0,1.0,20375.0,3564,240730.2931697244,237.3999999999908,0.4519161200158702
5.0,0.999,3.0,open_33,5,1,1.0,20900.0,4105,270229.9991437368,266.69999999999214,0.4315257751597538
5.0,0.999,3.0,open_33,10,0,1.0,21925.0,4039,261894.491884192,129.39999999999694,0.45267355987810953
5.0,0.999,3.0,open_33,10,1,1.0,21725.0,4010,262785.06956736464,130.69999999999686,0.4554012101394445
5.0,0.999,3.0,open_33,20,0,1.0,22050.0,4447,279349.9387818221,69.70000000000032,0.4613271046928467
5.0,0.999,3.0,open_33,20,1,1.0,22550.0,4339,276519.91912494693,68.90000000000036,0.4563385456805546
5.0,0.999,3.0,partial_33,2,0,0.4679245283018868,1275.0,3422,242424.00000000003,677.3000000000854,0.033649666415801666
5.0,0.999,3.0,partial_33,2,1,0.6993710691823899,3350.0,3617,242424.00000000003,641.2000000000772,0.2443318307116579
5.0,0.999,3.0,partial_33,5,0,0.9471698113207547,10000.0,8947,606060.0,671.9000000000842,0.3750706304437096
5.0,0.999,3.0,partial_33,5,1,1.0,16850.0,8549,558939.5065982682,596.9000000000672,0.33797072909011916
5.0,0.999,3.0,partial_33,10,0,1.0,17500.0,11670,782185.0670064838,424.20000000002796,0.3617721502489075
5.0,0.999,3.0,partial_33,10,1,1.0,17075.0,4932,337399.9404839836,175.6999999999943,0.4437021247260089
5.0,0.999,3.0,partial_33,20,0,1.0,18575.0,7042,475843.4030111339,126.59999999999708,0.4217028405419133
5.0,0.999,3.0,partial_33,20,1,1.0,18200.0,4227,286238.4465651084,73.6000000000001,0.45571900046488556
5.0,0.999,3.0,closed_33,2,0,0.35121107266435986,0.0,1203,242424.00000000003,724.0000000000961,-0.0499190047815071
5.0,0.999,3.0,closed_33,2,1,0.5346020761245674,75.0,1389,242424.00000000003,710.9000000000931,0.14319417783048918
5.0,0.999,3.0,closed_33,5,0,0.7197231833910035,2200.0,4583,606060.0,725.9000000000965,0.25456899146072964
5.0,0.999,3.0,closed_33,5,1,0.8806228373702422,5750.0,5503,606060.0,711.9000000000933,0.3422004318928462
5.0,0.999,3.0,closed_33,10,0,0.9982698961937716,12725.0,12462,1212120.0,699.4000000000905,0.3029141584798144
5.0,0.999,3.0,closed_33,10,1,0.9377162629757786,8925.0,11847,1212120.0,715.4000000000941,0.3211022468524729
5.0,0.999,3.0,closed_33,20,0,0.9982698961937716,12150.0,22425,2424240.0,727.3000000000968,0.30910174937231105
5.0,0.999,3.0,closed_33,20,1,1.0,12525.0,4735,414036.6762484964,113.29999999999784,0.44793261625012804
5.0,0.999,6.0,open_33,2,0,0.9906347554630593,17300.0,3574,242424.00000000003,598.5000000000675,0.39326741392226827
5.0,0.999,6.0,open_33,2,1,0.9864724245577523,16225.0,3616,242424.00000000003,600.1000000000679,0.40174028315726307
5.0,0.999,6.0,open_33,5,0,1.0,22025.0,5639,348410.3424368491,344.4000000000098,0.3856179222949963
5.0,0.999,6.0,open_33,5,1,1.0,21175.0,4887,311065.6817065133,308.7000000000017,0.4107494399050159
5.0,0.999,6.0,open_33,10,0,1.0,22100.0,5609,342345.9702223756,170.79999999999458,0.4271224706025252
5.0,0.999,6.0,open_33,10,1,1.0,22300.0,5869,353612.1085879705,175.5999999999943,0.4216120785761861
5.0,0.999,6.0,open_33,20,0,1.0,22825.0,8549,488639.00718691293,122.49999999999731,0.41618507871269755
5.0,0.999,6.0,open_33,20,1,1.0,22650.0,6512,382043.72635950893,95.59999999999884,0.4329850375076788
5.0,0.999,6.0,partial_33,2,0,0.869182389937107,5125.0,3400,242424.00000000003,646.2000000000784,0.39805166221090726
5.0,0.999,6.0,partial_33,2,1,0.810062893081761,6400.0,3344,242424.00000000003,650.1000000000793,0.317460011060435
5.0,0.999,6.0,partial_33,5,0,0.9232704402515723,13150.0,9340,606060.0,659.2000000000813,0.302193678727105
5.0,0.999,6.0,partial_33,5,1,0.9257861635220126,12875.0,8460,606060.0,678.0000000000856,0.3110125357575029
5.0,0.999,6.0,partial_33,10,0,1.0,18175.0,5120,340605.07670941995,173.9999999999944,0.42539278237276673
5.0,0.999,6.0,partial_33,10,1,1.0,18500.0,9787,628199.2093001415,331.6000000000069,0.36843250888399054
5.0,0.999,6.0,partial_33,20,0,1.0,18725.0,7191,473200.3114587362,124.19999999999722,0.41902837381591235
5.0,0.999,6.0,partial_33,20,1,1.0,18050.0,5573,369286.0705257086,95.69999999999884,0.4429967422197497
5.0,0.999,6.0,closed_33,2,0,0.5432525951557093,1775.0,2634,242424.00000000003,689.7000000000883,0.09391080666709448
5.0,0.999,6.0,closed_33,2,1,0.40484429065743943,350.0,2843,242424.00000000003,697.7000000000901,-0.02405216013390518
5.0,0.999,6.0,closed_33,5,0,0.7993079584775087,4175.0,5190,606060.0,715.7000000000942,0.2927076063346533
5.0,0.999,6.0,closed_33,5,1,0.6418685121107266,1850.0,5006,606060.0,724.7000000000962,0.1797150378565002
5.0,0.999,6.0,closed_33,10,0,0.7525951557093425,3000.0,8312,1212120.0,727.1000000000968,0.26078637517814096
5.0,0.999,6.0,closed_33,10,1,0.889273356401384,8125.0,9852,1212120.0,720.3000000000952,0.29101934554772446
5.0,0.999,6.0,closed_33,20,0,1.0,12475.0,5872,455411.4931281614,121.0999999999974,0.4407522192039969
5.0,0.999,6.0,closed_33,20,1,1.0,13550.0,7949,627060.1012449637,168.7999999999947,0.4016581578959203
5.0,0.999,10.0,open_33,2,0,0.9750260145681582,17100.0,3630,242424.00000000003,599.4000000000677,0.3786042464879035
5.0,0.999,10.0,open_33,2,1,0.991675338189386,16200.0,3557,242424.00000000003,605.200000000069,0.40833407294436197
5.0,0.999,10.0,open_33,5,0,1.0,22600.0,8734,511092.5666386869,514.2000000000484,0.32572042558440395
5.0,0.999,10.0,open_33,5,1,1.0,21175.0,7697,456762.60917067574,460.30000000003616,0.36002474849151617
5.0,0.999,10.0,open_33,10,0,1.0,22900.0,9403,540328.4866582991,271.19999999999317,0.3774761027580178
5.0,0.999,10.0,open_33,10,1,1.0,22325.0,8307,480048.6523931639,240.49999999999062,0.39512906762669064
5.0,0.999,10.0,open_33,20,0,1.0,23200.0,15367,842164.1753461957,214.2999999999921,0.3777795559198616
5.0,0.999,10.0,open_33,20,1,1.0,23000.0,13339,745203.1370537961,189.7999999999935,0.3885582753768048
5.0,0.999,10.0,partial_33,2,0,0.9169811320754717,9225.0,3284,242424.00000000003,642.7000000000776,0.3877892864960367
5.0,0.999,10.0,partial_33,2,1,0.6591194968553459,3300.0,3277,242424.00000000003,672.8000000000844,0.2062212691463187
5.0,0.999,10.0,partial_33,5,0,0.9773584905660377,14775.0,8992,606060.0,666.9000000000831,0.33375637176856665
5.0,0.999,10.0,partial_33,5,1,0.989937106918239,16900.0,9128,606060.0,663.7000000000824,0.31421072829744656
5.0,0.999,10.0,partial_33,10,0,1.0,18675.0,14729,927068.1850579587,487.50000000004235,0.3230007801110242
5.0,0.999,10.0,partial_33,10,1,1.0,16925.0,5922,396146.78401442757,206.39999999999256,0.43282768565089735
5.0,0.999,10.0,partial_33,20,0,1.0,18975.0,14632,909718.5147657976,236.29999999999086,0.3748406979050541
5.0,0.999,10.0,partial_33,20,1,1.0,17900.0,7226,464921.6092077051,120.9999999999974,0.4318441609142421
5.0,0.999,10.0,closed_33,2,0,0.46366782006920415,25.0,2158,242424.00000000003,707.4000000000923,0.051845317277615016
5.0,0.999,10.0,closed_33,2,1,0.2906574394463668,75.0,2405,242424.00000000003,704.8000000000917,-0.13575606888617833
5.0,0.999,10.0,closed_33,5,0,0.726643598615917,1750.0,4460,606060.0,726.5000000000966,0.27168664637182427
5.0,0.999,10.0,closed_33,5,1,1.0,8500.0,6029,494863.8214658752,536.4000000000534,0.4318316414874541
5.0,0.999,10.0,closed_33,10,0,0.9844290657439446,10425.0,11022,1212120.0,706.7000000000921,0.33827557845842227
5.0,0.999,10.0,closed_33,10,1,0.9307958477508651,9350.0,12043,1212120.0,709.7000000000928,0.30506262517693505
5.0,0.999,10.0,closed_33,20,0,1.0,13275.0,9220,719092.7050283416,194.19999999999325,0.3992459697640922
5.0,0.999,10.0,closed_33,20,1,1.0,12900.0,7006,533382.8200517078,143.09999999999616,0.4232630967043083
