elite_fraction,p_crossover,p_mutation,map_label,n_drones,seed,final_coverage,overlap_m2,wasted_visits,energy_used_j,time_to_terminal,score
0.2,0.1,0.05,open_33,2,0,1.0,16275.0,2637,187179.60362750417,467.9000000000379,0.46537408366393207
0.2,0.1,0.05,open_33,2,1,1.0,15750.0,2541,184278.95183143002,461.10000000003635,0.47585459885680564
0.2,0.1,0.05,open_33,5,0,1.0,21000.0,3653,246429.50104269932,246.2999999999903,0.4415244749415981
0.2,0.1,0.05,open_33,5,1,1.0,20475.0,3277,222767.75927157316,220.69999999999175,0.45926315982369664
0.2,0.1,0.05,open_33,10,0,1.0,22475.0,4311,276203.8378204156,136.69999999999652,0.4411256441050624
0.2,0.1,0.05,open_33,10,1,1.0,22450.0,4090,263537.4860553923,131.49999999999682,0.4453399047427013
0.2,0.1,0.05,open_33,20,0,1.0,22650.0,5037,315055.39477220783,78.6999999999998,0.44646356761448025
0.2,0.1,0.05,open_33,20,1,1.0,22075.0,5546,338591.16884194314,85.09999999999944,0.44848135700280173
0.2,0.1,0.05,partial_33,2,0,0.8037735849056604,6900.0,3376,242424.00000000003,657.3000000000809,0.3029241497424491
0.2,0.1,0.05,partial_33,2,1,0.6981132075471698,3400.0,3408,242424.00000000003,662.6000000000821,0.24436163442662226
0.2,0.1,0.05,partial_33,5,0,1.0,17875.0,3597,257126.9694212575,264.89999999999173,0.42320996893975216
0.2,0.1,0.05,partial_33,5,1,0.9748427672955975,12100.0,9140,606060.0,674.0000000000847,0.37120613263050395
0.2,0.1,0.05,partial_33,10,0,1.0,16550.0,4408,299797.20130148693,153.89999999999554,0.4603017494379316
0.2,0.1,0.05,partial_33,10,1,1.0,17600.0,13281,871609.8604056768,469.90000000003835,0.347416411091566
0.2,0.1,0.05,partial_33,20,0,1.0,19000.0,6407,420488.36134517426,108.7999999999981,0.4212692250852142
0.2,0.1,0.05,partial_33,20,1,1.0,18575.0,5446,364157.9049103474,94.39999999999891,0.4361399076201144
0.2,0.1,0.05,closed_33,2,0,0.7041522491349481,3600.0,2711,242424.00000000003,668.1000000000834,0.22412703802923775
0.2,0.1,0.05,closed_33,2,1,0.8200692041522492,3475.0,2904,242424.00000000003,660.0000000000815,0.3455753457305326
0.2,0.1,0.05,closed_33,5,0,0.8494809688581315,6475.0,5440,606060.0,712.3000000000934,0.29544306817910004
0.2,0.1,0.05,closed_33,5,1,0.972318339100346,7100.0,6648,606060.0,699.6000000000905,0.4038532389921511
0.2,0.1,0.05,closed_33,10,0,1.0,12500.0,6050,503441.7743436622,273.79999999999376,0.40665262904378846
0.2,0.1,0.05,closed_33,10,1,0.986159169550173,10875.0,13260,1212120.0,709.1000000000927,0.32830060355561563
0.2,0.1,0.05,closed_33,20,0,1.0,11850.0,4694,391706.1541763246,105.89999999999826,0.4635308006129722
0.2,0.1,0.05,closed_33,20,1,1.0,12425.0,5763,457276.7045057649,123.39999999999726,0.44214126943913823
0.2,0.1,0.15,open_33,2,0,1.0,15275.0,2542,184736.9789080816,462.50000000003666,0.48148951121476824
0.2,0.1,0.15,open_33,2,1,1.0,15850.0,2720,193662.0493082054,484.40000000004164,0.46501185407721934
0.2,0.1,0.15,open_33,5,0,1.0,20075.0,3180,218578.54876553023,219.8999999999918,0.466849879536307
0.2,0.1,0.15,open_33,5,1,1.0,21025.0,3256,223223.77167233126,224.19999999999155,0.4526253964284021
0.2,0.1,0.15,open_33,10,0,1.0,21100.0,4572,291722.5379630483,146.59999999999596,0.4538663650168546
0.2,0.1,0.15,open_33,10,1,1.0,21650.0,3928,263199.4807761838,132.39999999999677,0.4572610858814913
0.2,0.1,0.15,open_33,20,0,1.0,22650.0,4407,279628.2363275904,70.30000000000028,0.45421556941090874
0.2,0.1,0.15,open_33,20,1,1.0,22300.0,3965,259668.5640030331,65.40000000000056,0.4645943159339755
0.2,0.1,0.15,partial_33,2,0,0.4628930817610063,1400.0,3547,242424.00000000003,662.100000000082,0.025515795561338844
0.2,0.1,0.15,partial_33,2,1,0.8075471698113208,2800.0,3311,242424.00000000003,650.9000000000794,0.369561063672152
0.2,0.1,0.15,partial_33,5,0,1.0,15250.0,6447,442731.62546382955,473.1000000000391,0.39722640263447373
0.2,0.1,0.15,partial_33,5,1,1.0,16575.0,3948,274637.05808458687,285.3999999999964,0.4346407197703508
0.2,0.1,0.15,partial_33,10,0,1.0,15400.0,4008,281696.8288431219,146.29999999999598,0.4836347288481662
0.2,0.1,0.15,partial_33,10,1,1.0,17750.0,5047,344041.87965228315,179.2999999999941,0.4319021666188406
0.2,0.1,0.15,partial_33,20,0,1.0,17350.0,4392,301397.49868888967,78.39999999999982,0.46613525741269085
0.2,0.1,0.15,partial_33,20,1,1.0,18450.0,4840,325600.3124639662,84.29999999999949,0.444433818600267
0.2,0.1,0.15,closed_33,2,0,0.8979238754325259,5525.0,2717,242424.00000000003,670.800000000084,0.3868885053718524
0.2,0.1,0.15,closed_33,2,1,0.5743944636678201,2725.0,2637,242424.00000000003,664.4000000000825,0.10692227346297487
0.2,0.1,0.15,closed_33,5,0,0.9948096885813149,8100.0,7492,606060.0,687.2000000000877,0.4035825680799886
0.2,0.1,0.15,closed_33,5,1,1.0,10500.0,6026,589428.4815812041,655.5000000000805,0.3677831392098656
0.2,0.1,0.15,closed_33,10,0,1.0,10275.0,4137,367771.9768713019,200.99999999999287,0.47962824231200346
0.2,0.1,0.15,closed_33,10,1,1.0,10200.0,9236,861851.8328096868,485.2000000000418,0.40319981797857907
0.2,0.1,0.15,closed_33,20,0,1.0,12000.0,5135,411313.8597806301,111.29999999999795,0.45670940574527097
0.2,0.1,0.15,closed_33,20,1,1.0,12375.0,4423,345060.18491645576,92.69999999999901,0.4571927935842137
0.2,0.1,0.3,open_33,2,0,1.0,17175.0,3292,225107.59953750094,565.60000000006,0.41919659874328397
0.2,0.1,0.3,open_33,2,1,1.0,17500.0,3035,214814.62088900903,539.000000000054,0.42563093501165694
0.2,0.1,0.3,open_33,5,0,1.0,18425.0,2770,198789.9166175751,201.09999999999286,0.4998203573491502
0.2,0.1,0.3,open_33,5,1,1.0,20550.0,3365,232981.97025672474,236.59999999999084,0.45450842520668056
0.2,0.1,0.3,open_33,10,0,1.0,20975.0,3444,239455.1823678834,120.9999999999974,0.47499857749263424
0.2,0.1,0.3,open_33,10,1,1.0,20950.0,3617,247907.93117948272,126.49999999999709,0.47183020955637645
0.2,0.1,0.3,open_33,20,0,1.0,20800.0,2992,209802.7309789909,53.30000000000049,0.5007017433713262
0.2,0.1,0.3,open_33,20,1,1.0,21575.0,3341,228642.27469250886,58.30000000000056,0.4839851913651626
0.2,0.1,0.3,partial_33,2,0,0.9056603773584906,5425.0,3278,242424.00000000003,652.3000000000798,0.43335615396796934
0.2,0.1,0.3,partial_33,2,1,0.9547169811320755,7750.0,3242,242424.00000000003,649.000000000079,0.4502021769190826
0.2,0.1,0.3,partial_33,5,0,1.0,13675.0,8023,551569.9927833154,592.9000000000663,0.3891742086776785
0.2,0.1,0.3,partial_33,5,1,0.9773584905660377,12075.0,8975,606060.0,665.1000000000827,0.37455268434964906
0.2,0.1,0.3,partial_33,10,0,1.0,17275.0,4505,313108.9756266959,163.19999999999501,0.4469330927778298
0.2,0.1,0.3,partial_33,10,1,1.0,16975.0,3939,279996.3617159212,145.49999999999602,0.46078754657179544
0.2,0.1,0.3,partial_33,20,0,1.0,17625.0,4136,286502.57647590153,74.10000000000007,0.4652589396663218
0.2,0.1,0.3,partial_33,20,1,1.0,17725.0,4709,329629.78480682615,86.69999999999935,0.4561444912965015
0.2,0.1,0.3,closed_33,2,0,0.6228373702422145,1325.0,2798,242424.00000000003,694.3000000000893,0.18508313531673762
0.2,0.1,0.3,closed_33,2,1,0.5,2875.0,1809,242424.00000000003,699.0000000000904,0.03719204573734017
0.2,0.1,0.3,closed_33,5,0,0.9273356401384083,9225.0,6958,606060.0,695.1000000000895,0.31282587007706897
0.2,0.1,0.3,closed_33,5,1,1.0,7800.0,6600,544245.014067969,599.1000000000677,0.4325075725098593
0.2,0.1,0.3,closed_33,10,0,0.9826989619377162,10550.0,11166,1212120.0,709.4000000000927,0.3337452777894093
0.2,0.1,0.3,closed_33,10,1,0.9792387543252595,9800.0,10607,1212120.0,718.5000000000948,0.34653145302464583
0.2,0.1,0.3,closed_33,20,0,1.0,11525.0,4313,342587.1200835132,92.59999999999901,0.4757670132376558
0.2,0.1,0.3,closed_33,20,1,1.0,11775.0,4354,367602.75159559073,100.19999999999858,0.4687914638459225
0.2,0.4,0.05,open_33,2,0,1.0,16450.0,2574,186977.96269530966,462.7000000000367,0.4647370255153662
0.2,0.4,0.05,open_33,2,1,1.0,16375.0,2571,188305.73030333593,467.80000000003787,0.4649516926683014
0.2,0.4,0.05,open_33,5,0,1.0,22250.0,4371,282872.36149096955,278.19999999999476,0.40881619927262547
0.2,0.4,0.05,open_33,5,1,1.0,22025.0,4039,265299.79203681985,261.09999999999087,0.4194041384332194
0.2,0.4,0.05,open_33,10,0,1.0,23175.0,5356,332297.5321002172,162.79999999999504,0.4166538675401851
0.2,0.4,0.05,open_33,10,1,1.0,22925.0,4918,317798.42018730426,156.2999999999954,0.4249036279135986
0.2,0.4,0.05,open_33,20,0,1.0,23550.0,8065,482194.65038132947,118.09999999999756,0.40914158738646794
0.2,0.4,0.05,open_33,20,1,1.0,23675.0,8220,491782.0970946611,120.79999999999741,0.4064702096118778
0.2,0.4,0.05,partial_33,2,0,0.7383647798742138,5350.0,3322,242424.00000000003,655.8000000000806,0.2582155033296809
0.2,0.4,0.05,partial_33,2,1,0.680503144654088,4100.0,3341,242424.00000000003,661.8000000000819,0.21598025397010542
0.2,0.4,0.05,partial_33,5,0,0.9647798742138365,12650.0,8897,606060.0,664.9000000000826,0.3532020500992683
0.2,0.4,0.05,partial_33,5,1,0.9660377358490566,15225.0,9286,606060.0,662.200000000082,0.31469822288781046
0.2,0.4,0.05,partial_33,10,0,0.9572327044025157,15825.0,18136,1212120.0,674.1000000000847,0.286001618173062
0.2,0.4,0.05,partial_33,10,1,1.0,18975.0,8828,566740.399452718,296.69999999999897,0.3708326446339736
0.2,0.4,0.05,partial_33,20,0,1.0,19200.0,8322,522429.5318787615,133.7999999999967,0.4052204762027029
0.2,0.4,0.05,partial_33,20,1,1.0,19175.0,7071,454040.9643244571,117.29999999999761,0.4138331026909388
0.2,0.4,0.05,closed_33,2,0,0.6072664359861591,2750.0,2596,242424.00000000003,708.0000000000924,0.1414598180569792
0.2,0.4,0.05,closed_33,2,1,0.5346020761245674,3800.0,2783,242424.00000000003,678.7000000000858,0.04124549320019713
0.2,0.4,0.05,closed_33,5,0,0.9532871972318339,9600.0,6149,606060.0,695.0000000000895,0.3342064361009256
0.2,0.4,0.05,closed_33,5,1,0.5899653979238755,4250.0,5093,606060.0,721.0000000000954,0.07611157029295804
0.2,0.4,0.05,closed_33,10,0,0.7750865051903114,6025.0,10467,1212120.0,714.700000000094,0.21786888583498756
0.2,0.4,0.05,closed_33,10,1,0.9394463667820069,8725.0,11800,1212120.0,715.100000000094,0.32705781774022114
0.2,0.4,0.05,closed_33,20,0,1.0,12275.0,4758,375392.4257600163,99.9999999999986,0.45528480681460143
0.2,0.4,0.05,closed_33,20,1,1.0,12250.0,5688,445265.8122231164,119.79999999999747,0.44681744936115375
0.2,0.4,0.15,open_33,2,0,1.0,16550.0,2695,197852.2348966105,491.50000000004326,0.45430986999914996
0.2,0.4,0.15,open_33,2,1,1.0,15700.0,2764,198811.85155855902,493.70000000004376,0.4628913408352493
0.2,0.4,0.15,open_33,5,0,1.0,21450.0,3864,251931.71880058013,248.19999999999018,0.4318615152223593
0.2,0.4,0.15,open_33,5,1,1.0,22200.0,4173,274031.78632449335,272.1999999999934,0.4136328321209538
0.2,0.4,0.15,open_33,10,0,1.0,22950.0,5149,323932.7504599127,159.9999999999952,0.422006435187975
0.2,0.4,0.15,open_33,10,1,1.0,22700.0,5442,343714.09007229423,169.69999999999465,0.42061173115971134
0.2,0.4,0.15,open_33,20,0,1.0,23300.0,7995,478203.4598471741,118.69999999999753,0.41275079521528524
0.2,0.4,0.15,open_33,20,1,1.0,23575.0,9335,543262.5333337942,134.39999999999665,0.40125088724276636
0.2,0.4,0.15,partial_33,2,0,0.5333333333333333,2875.0,3544,242424.00000000003,658.2000000000811,0.07754911408669776
0.2,0.4,0.15,partial_33,2,1,0.24276729559748428,0.0,3520,242424.00000000003,671.5000000000841,-0.18608328943408645
0.2,0.4,0.15,partial_33,5,0,0.9773584905660377,15000.0,8857,606060.0,669.2000000000836,0.3306945091828426
0.2,0.4,0.15,partial_33,5,1,1.0,18300.0,5359,373197.338009149,389.30000000002,0.3735834115193307
0.2,0.4,0.15,partial_33,10,0,0.9987421383647799,18200.0,17489,1212120.0,678.8000000000858,0.2926092092056969
0.2,0.4,0.15,partial_33,10,1,1.0,17675.0,4183,289171.15319463867,148.79999999999583,0.44665875784108766
0.2,0.4,0.15,partial_33,20,0,1.0,19250.0,6344,408097.6469492614,104.79999999999832,0.41852616015936633
0.2,0.4,0.15,partial_33,20,1,1.0,18850.0,5817,378847.77074588137,97.89999999999871,0.42896944293250394
0.2,0.4,0.15,closed_33,2,0,0.6885813148788927,1600.0,2977,242424.00000000003,671.7000000000842,0.24629665513264135
0.2,0.4,0.15,closed_33,2,1,0.6487889273356401,950.0,2229,242424.00000000003,705.7000000000919,0.22782406447715073
0.2,0.4,0.15,closed_33,5,0,0.9619377162629758,9700.0,7036,606060.0,680.4000000000862,0.33807968403171507
0.2,0.4,0.15,closed_33,5,1,1.0,9900.0,6178,550637.2904156297,607.6000000000696,0.3888943903026806
0.2,0.4,0.15,closed_33,10,0,1.0,11775.0,6682,568010.9323328563,311.8000000000024,0.4117325925762228
0.2,0.4,0.15,closed_33,10,1,0.8581314878892734,7750.0,13271,1212120.0,704.2000000000916,0.2635958444666797
0.2,0.4,0.15,closed_33,20,0,1.0,13275.0,5556,441264.63241034234,118.49999999999754,0.4263710861439589
0.2,0.4,0.15,closed_33,20,1,1.0,12400.0,6060,486103.953720083,131.6999999999968,0.43971915676214807
0.2,0.4,0.3,open_33,2,0,1.0,16700.0,3043,213762.0285134889,530.9000000000522,0.43610354929116124
0.2,0.4,0.3,open_33,2,1,1.0,15250.0,2626,192035.9550479892,479.4000000000405,0.47552539467401445
0.2,0.4,0.3,open_33,5,0,1.0,21900.0,4235,278266.0523750208,279.09999999999496,0.415699705837799
0.2,0.4,0.3,open_33,5,1,1.0,21750.0,4468,293196.29900452774,291.0999999999977,0.41163308962674217
0.2,0.4,0.3,open_33,10,0,1.0,21950.0,4194,274160.27107572905,137.59999999999647,0.44916599673825197
0.2,0.4,0.3,open_33,10,1,1.0,22450.0,4696,302871.4911967139,149.89999999999577,0.43453819956795114
0.2,0.4,0.3,open_33,20,0,1.0,23325.0,7358,431750.03787467396,107.69999999999816,0.41767137039779617
0.2,0.4,0.3,open_33,20,1,1.0,22850.0,5179,327098.4779155459,81.79999999999963,0.4421369767032389
0.2,0.4,0.3,partial_33,2,0,0.7849056603773585,4400.0,3433,242424.00000000003,651.5000000000796,0.32018859139856626
0.2,0.4,0.3,partial_33,2,1,0.25660377358490566,1275.0,3562,242424.00000000003,670.2000000000838,-0.19083529004409974
0.2,0.4,0.3,partial_33,5,0,1.0,17400.0,7489,504933.9786112079,538.5000000000539,0.3458062113889034
0.2,0.4,0.3,partial_33,5,1,1.0,16500.0,4088,287885.8385419963,297.59999999999917,0.431173460526081
0.2,0.4,0.3,partial_33,10,0,0.9886792452830189,16275.0,17977,1212120.0,674.6000000000848,0.3111417101613182
0.2,0.4,0.3,partial_33,10,1,1.0,17250.0,4755,331058.86297777016,173.09999999999445,0.44314439385966875
0.2,0.4,0.3,partial_33,20,0,1.0,18050.0,5739,378222.8405209016,98.0999999999987,0.4415127471049519
0.2,0.4,0.3,partial_33,20,1,1.0,18450.0,5439,360944.4557589055,93.69999999999895,0.43826107896090505
0.2,0.4,0.3,closed_33,2,0,0.7525951557093425,3325.0,2194,242424.00000000003,693.000000000089,0.28875821526934153
0.2,0.4,0.3,closed_33,2,1,0.7335640138408305,2650.0,2070,242424.00000000003,700.6000000000907,0.2851046741321811
0.2,0.4,0.3,closed_33,5,0,1.0,10200.0,6578,550139.0303597325,604.0000000000688,0.38135010829652005
0.2,0.4,0.3,closed_33,5,1,0.916955017301038,9075.0,6628,606060.0,691.3000000000886,0.30631517699202027
0.2,0.4,0.3,closed_33,10,0,1.0,9225.0,3661,304737.4133869319,164.79999999999492,0.5130688046008913
0.2,0.4,0.3,closed_33,10,1,1.0,10950.0,5627,476221.70564249787,261.79999999999103,0.4438597553355027
0.2,0.4,0.3,closed_33,20,0,1.0,12650.0,4778,394493.4738570275,106.49999999999822,0.4462398892053767
0.2,0.4,0.3,closed_33,20,1,1.0,11175.0,3863,310609.5667784116,83.69999999999952,0.4885311678002823
0.2,0.7,0.05,open_33,2,0,1.0,16025.0,2454,180453.66498995415,446.10000000003294,0.47679719459065145
0.2,0.7,0.05,open_33,2,1,1.0,16500.0,2590,189151.60520714548,468.60000000003805,0.46245007368290564
0.2,0.7,0.05,open_33,5,0,1.0,21825.0,4337,283648.33002030756,278.7999999999949,0.4142852254258357
0.2,0.7,0.05,open_33,5,1,1.0,22075.0,4047,264346.4888177733,259.29999999999046,0.4189148843323022
0.2,0.7,0.05,open_33,10,0,1.0,23175.0,5436,343251.77237071726,168.7999999999947,0.41477773398877166
0.2,0.7,0.05,open_33,10,1,1.0,22625.0,5639,349133.58016914036,171.29999999999455,0.419558481408825
0.2,0.7,0.05,open_33,20,0,1.0,23200.0,7527,445249.8701666612,109.49999999999805,0.417737869522362
0.2,0.7,0.05,open_33,20,1,1.0,23550.0,6596,414789.1853329707,101.49999999999851,0.41936683408019876
0.2,0.7,0.05,partial_33,2,0,0.11949685534591195,0.0,3651,242424.00000000003,671.100000000084,-0.3173394737755213
0.2,0.7,0.05,partial_33,2,1,0.8855345911949686,7375.0,3361,242424.00000000003,656.8000000000808,0.38172511159073863
0.2,0.7,0.05,partial_33,5,0,0.8855345911949686,10025.0,8577,606060.0,681.8000000000865,0.3125255605498667
0.2,0.7,0.05,partial_33,5,1,0.9987421383647799,18125.0,9291,606060.0,657.0000000000808,0.30433202474979437
0.2,0.7,0.05,partial_33,10,0,1.0,18975.0,8210,523845.77167478856,271.2999999999932,0.37764517472969694
0.2,0.7,0.05,partial_33,10,1,1.0,17950.0,12704,851445.257663398,461.9000000000365,0.3452605845102875
0.2,0.7,0.05,partial_33,20,0,1.0,19100.0,7730,497759.8343455014,128.499999999997,0.4100164330090174
0.2,0.7,0.05,partial_33,20,1,1.0,18725.0,7067,441566.56627354026,112.0999999999979,0.4213842487681035
0.2,0.7,0.05,closed_33,2,0,0.5570934256055363,0.0,2101,242424.00000000003,709.1000000000927,0.15251691347640348
0.2,0.7,0.05,closed_33,2,1,0.15570934256055363,600.0,2646,242424.00000000003,700.8000000000908,-0.2913234282361035
0.2,0.7,0.05,closed_33,5,0,0.8788927335640139,5300.0,5832,606060.0,701.2000000000909,0.34845154193303474
0.2,0.7,0.05,closed_33,5,1,0.9152249134948097,6125.0,6052,606060.0,701.800000000091,0.36773271545121833
0.2,0.7,0.05,closed_33,10,0,0.9446366782006921,10650.0,11634,1212120.0,717.9000000000947,0.29253324318233054
0.2,0.7,0.05,closed_33,10,1,0.870242214532872,7050.0,12909,1212120.0,717.4000000000946,0.2906821064829387
0.2,0.7,0.05,closed_33,20,0,1.0,13425.0,6441,509750.32601343095,137.39999999999648,0.41561199669474913
0.2,0.7,0.05,closed_33,20,1,1.0,12500.0,5022,414329.61425366485,112.0999999999979,0.44676155057691797
0.2,0.7,0.15,open_33,2,0,1.0,16900.0,2652,196826.47561566948,486.60000000004214,0.4514891148282777
0.2,0.7,0.15,open_33,2,1,1.0,16775.0,2596,193045.99518051062,476.60000000003987,0.45655879122132986
0.2,0.7,0.15,open_33,5,0,1.0,22100.0,4169,275326.14578237035,270.59999999999303,0.41461682768990915
0.2,0.7,0.15,open_33,5,1,1.0,21925.0,4185,278961.0596070243,273.9999999999938,0.4157609953968496
0.2,0.7,0.15,open_33,10,0,1.0,23275.0,5175,328853.565551664,161.6999999999951,0.4171618286391832
0.2,0.7,0.15,open_33,10,1,1.0,22625.0,4862,309741.8781165094,151.79999999999566,0.43008140731533084
0.2,0.7,0.15,open_33,20,0,1.0,23550.0,9512,555929.1953217755,136.39999999999654,0.40033510282150897
0.2,0.7,0.15,open_33,20,1,1.0,23625.0,7583,458000.06076569064,112.2999999999979,0.41144857703797166
0.2,0.7,0.15,partial_33,2,0,0.4477987421383648,1650.0,3539,242424.00000000003,671.7000000000842,0.005868406251093333
0.2,0.7,0.15,partial_33,2,1,0.5333333333333333,3325.0,2728,242424.00000000003,696.1000000000897,0.07905553959284442
0.2,0.7,0.15,partial_33,5,0,0.9987421383647799,18400.0,8903,606060.0,665.9000000000829,0.3011261431002997
0.2,0.7,0.15,partial_33,5,1,0.869182389937107,8950.0,8930,606060.0,676.2000000000852,0.31119022264582397
0.2,0.7,0.15,partial_33,10,0,1.0,19350.0,7486,478051.9977790448,245.69999999999033,0.3797574777255074
0.2,0.7,0.15,partial_33,10,1,1.0,18125.0,7007,450946.09226492187,233.699999999991,0.4032463827902948
0.2,0.7,0.15,partial_33,20,0,0.9937106918238994,18250.0,36047,2424240.0,680.6000000000862,0.28022829794284976
0.2,0.7,0.15,partial_33,20,1,1.0,18750.0,9746,615585.0431094002,160.89999999999515,0.4029284233963632
0.2,0.7,0.15,closed_33,2,0,0.444636678200692,50.0,2423,242424.00000000003,699.3000000000904,0.02792282818892841
0.2,0.7,0.15,closed_33,2,1,0.5363321799307958,3375.0,2740,242424.00000000003,685.5000000000873,0.05231033461279075
0.2,0.7,0.15,closed_33,5,0,0.8685121107266436,5000.0,6465,606060.0,714.700000000094,0.34187762852138603
0.2,0.7,0.15,closed_33,5,1,0.8944636678200693,5950.0,5942,606060.0,694.3000000000893,0.3505028167200689
0.2,0.7,0.15,closed_33,10,0,1.0,11300.0,6548,561913.7912907137,309.80000000000194,0.4227698903392831
0.2,0.7,0.15,closed_33,10,1,0.9948096885813149,11825.0,13784,1212120.0,698.2000000000902,0.31687688543775816
0.2,0.7,0.15,closed_33,20,0,1.0,13625.0,8726,710851.2176158023,194.29999999999325,0.3934102455909689
0.2,0.7,0.15,closed_33,20,1,1.0,13025.0,5229,410333.1991622732,109.89999999999803,0.434996244027798
0.2,0.7,0.3,open_33,2,0,1.0,16575.0,2663,194337.49976678463,479.3000000000405,0.45678819979547597
0.2,0.7,0.3,open_33,2,1,1.0,16800.0,2819,202164.70550338336,500.8000000000454,0.4460317728233465
0.2,0.7,0.3,open_33,5,0,1.0,21750.0,3773,256345.14570704522,252.9999999999899,0.42821212753017446
0.2,0.7,0.3,open_33,5,1,1.0,21700.0,4220,278225.18795168295,274.69999999999396,0.4183674835493888
0.2,0.7,0.3,open_33,10,0,1.0,22275.0,4498,292745.93970441655,144.2999999999961,0.43977851485840946
0.2,0.7,0.3,open_33,10,1,1.0,22300.0,5918,364862.24746093247,180.39999999999404,0.41997076249373744
0.2,0.7,0.3,open_33,20,0,1.0,23000.0,6059,373285.57909014774,92.99999999999899,0.4316259222731191
0.2,0.7,0.3,open_33,20,1,1.0,22175.0,6954,419849.8742231978,104.29999999999835,0.43450936692582187
0.2,0.7,0.3,partial_33,2,0,0.15220125786163521,0.0,3611,242424.00000000003,676.9000000000854,-0.28251649847991533
0.2,0.7,0.3,partial_33,2,1,0.3610062893081761,300.0,3524,242424.00000000003,677.8000000000856,-0.06537396161503142
0.2,0.7,0.3,partial_33,5,0,0.989937106918239,17125.0,9122,606060.0,655.2000000000804,0.3108289205353624
0.2,0.7,0.3,partial_33,5,1,0.9383647798742139,13375.0,9036,606060.0,661.6000000000819,0.3149122998773686
0.2,0.7,0.3,partial_33,10,0,1.0,17275.0,11271,799167.4097860534,439.8000000000315,0.3637773568819526
0.2,0.7,0.3,partial_33,10,1,0.9610062893081761,14350.0,18079,1212120.0,680.2000000000861,0.3121217394845257
0.2,0.7,0.3,partial_33,20,0,1.0,19225.0,6850,442412.1192250736,113.59999999999782,0.41464776631707145
0.2,0.7,0.3,partial_33,20,1,1.0,18450.0,5800,375763.9411732103,96.79999999999878,0.43528390383596716
0.2,0.7,0.3,closed_33,2,0,0.7681660899653979,975.0,2968,242424.00000000003,682.9000000000867,0.34251811797518583
0.2,0.7,0.3,closed_33,2,1,0.16608996539792387,600.0,2594,242424.00000000003,701.4000000000909,-0.28010490674876265
0.2,0.7,0.3,closed_33,5,0,0.9446366782006921,6975.0,6421,606060.0,703.9000000000915,0.3788933819769996
0.2,0.7,0.3,closed_33,5,1,0.629757785467128,4400.0,6867,606060.0,701.900000000091,0.10906550574598425
0.2,0.7,0.3,closed_33,10,0,1.0,13625.0,8390,700602.4863706947,384.700000000019,0.352974896042147
0.2,0.7,0.3,closed_33,10,1,1.0,12775.0,8806,739733.5704870769,408.6000000000244,0.3651016754067069
0.2,0.7,0.3,closed_33,20,0,1.0,11025.0,4636,362524.68889126554,97.49999999999874,0.4827634322566846
0.2,0.7,0.3,closed_33,20,1,1.0,13000.0,5221,420467.50506156357,113.49999999999783,0.43495263285647
0.4,0.1,0.05,open_33,2,0,1.0,16275.0,2637,187179.60362750417,467.9000000000379,0.46537408366393207
0.4,0.1,0.05,open_33,2,1,1.0,15750.0,2541,184278.95183143002,461.10000000003635,0.47585459885680564
0.4,0.1,0.05,open_33,5,0,1.0,20350.0,3362,224905.21185154258,223.89999999999156,0.45897703455479677
0.4,0.1,0.05,open_33,5,1,1.0,20450.0,3341,225694.58576883655,224.49999999999153,0.457865743928782
0.4,0.1,0.05,open_33,10,0,1.0,22350.0,5141,317785.4364399677,157.39999999999534,0.43029304808038604
0.4,0.1,0.05,open_33,10,1,1.0,22025.0,3402,233397.56915298454,116.09999999999768,0.46323913372589426
0.4,0.1,0.05,open_33,20,0,1.0,22600.0,6587,394089.36643848615,98.1999999999987,0.43250833154504553
0.4,0.1,0.05,open_33,20,1,1.0,22800.0,5552,336827.5498014558,84.59999999999947,0.43949255335480547
0.4,0.1,0.05,partial_33,2,0,0.8037735849056604,6900.0,3376,242424.00000000003,657.3000000000809,0.3029241497424491
0.4,0.1,0.05,partial_33,2,1,0.6981132075471698,3400.0,3408,242424.00000000003,662.6000000000821,0.24436163442662226
0.4,0.1,0.05,partial_33,5,0,0.9937106918238994,12100.0,9129,606060.0,661.4000000000818,0.3905182756004981
0.4,0.1,0.05,partial_33,5,1,1.0,17175.0,3086,224735.80647467216,230.99999999999116,0.44864586324523514
0.4,0.1,0.05,partial_33,10,0,1.0,16800.0,3561,254272.43477304466,130.99999999999685,0.47086633167737524
0.4,0.1,0.05,partial_33,10,1,1.0,18200.0,5426,363568.12288364395,188.39999999999358,0.4202956620317681
0.4,0.1,0.05,partial_33,20,0,1.0,18775.0,5365,358000.36408463446,92.29999999999903,0.4339904296948523
0.4,0.1,0.05,partial_33,20,1,1.0,18475.0,5014,331811.37817443674,85.39999999999942,0.4424186082991166
0.4,0.1,0.05,closed_33,2,0,0.7041522491349481,3600.0,2711,242424.00000000003,668.1000000000834,0.22412703802923775
0.4,0.1,0.05,closed_33,2,1,0.8200692041522492,3475.0,2904,242424.00000000003,660.0000000000815,0.3455753457305326
0.4,0.1,0.05,closed_33,5,0,0.7923875432525952,4350.0,5274,606060.0,701.500000000091,0.28160237098136875
0.4,0.1,0.05,closed_33,5,1,1.0,8800.0,4382,400256.99008545664,438.60000000003123,0.4568660374499267
0.4,0.1,0.05,closed_33,10,0,0.9878892733564014,12400.0,11515,1212120.0,708.5000000000925,0.3001788063413027
0.4,0.1,0.05,closed_33,10,1,0.9515570934256056,11250.0,13239,1212120.0,701.3000000000909,0.28551469504315174
0.4,0.1,0.05,closed_33,20,0,1.0,11525.0,4185,357088.23437400814,96.99999999999876,0.4758557417298271
0.4,0.1,0.05,closed_33,20,1,1.0,12875.0,4371,342860.0179603067,91.49999999999908,0.4473075800613008
0.4,0.1,0.15,open_33,2,0,1.0,15275.0,2542,184736.9789080816,462.50000000003666,0.48148951121476824
0.4,0.1,0.15,open_33,2,1,1.0,15850.0,2720,193662.0493082054,484.40000000004164,0.46501185407721934
0.4,0.1,0.15,open_33,5,0,1.0,20675.0,3426,231493.0502824654,231.8999999999911,0.45237575092221666
0.4,0.1,0.15,open_33,5,1,1.0,20475.0,3186,217476.73443117237,217.7999999999919,0.4620169523074594
0.4,0.1,0.15,open_33,10,0,1.0,21775.0,3637,238692.69751002686,118.69999999999753,0.46235266647029805
0.4,0.1,0.15,open_33,10,1,1.0,21925.0,3806,246605.82989134267,122.7999999999973,0.4573137488190836
0.4,0.1,0.15,open_33,20,0,1.0,22175.0,4213,269683.6549274917,68.1000000000004,0.46275318160326573
0.4,0.1,0.15,open_33,20,1,1.0,22075.0,3761,246358.70236493275,61.90000000000061,0.4707253862998924
0.4,0.1,0.15,partial_33,2,0,0.4628930817610063,1400.0,3547,242424.00000000003,662.100000000082,0.025515795561338844
0.4,0.1,0.15,partial_33,2,1,0.8075471698113208,2800.0,3311,242424.00000000003,650.9000000000794,0.369561063672152
0.4,0.1,0.15,partial_33,5,0,1.0,15725.0,8683,563001.6354065575,598.4000000000675,0.35362285542430816
0.4,0.1,0.15,partial_33,5,1,0.9962264150943396,14025.0,9010,606060.0,664.9000000000826,0.3643238084727499
0.4,0.1,0.15,partial_33,10,0,1.0,16700.0,4328,297802.570874745,153.69999999999555,0.4589911061921749
0.4,0.1,0.15,partial_33,10,1,1.0,18125.0,6180,414830.70541305444,217.19999999999195,0.41117460089762187
0.4,0.1,0.15,partial_33,20,0,1.0,18350.0,5431,360434.0490158433,93.09999999999899,0.43985008362261363
0.4,0.1,0.15,partial_33,20,1,1.0,17950.0,4922,331603.55140356487,85.6999999999994,0.4510162231777769
0.4,0.1,0.15,closed_33,2,0,0.8979238754325259,5525.0,2717,242424.00000000003,670.800000000084,0.3868885053718524
0.4,0.1,0.15,closed_33,2,1,0.5743944636678201,2725.0,2637,242424.00000000003,664.4000000000825,0.10692227346297487
0.4,0.1,0.15,closed_33,5,0,0.9982698961937716,7825.0,7232,606060.0,687.4000000000877,0.41353543503983436
0.4,0.1,0.15,closed_33,5,1,0.6868512110726643,5950.0,6461,606060.0,701.700000000091,0.13624393404111682
0.4,0.1,0.15,closed_33,10,0,0.9844290657439446,10925.0,10531,1212120.0,721.1000000000954,0.32854639068133884
0.4,0.1,0.15,closed_33,10,1,0.9844290657439446,10250.0,12355,1212120.0,714.1000000000938,0.3403898382773286
0.4,0.1,0.15,closed_33,20,0,1.0,12600.0,13649,1333926.4866723404,381.4000000000182,0.37111653158333047
0.4,0.1,0.15,closed_33,20,1,1.0,11725.0,3315,271390.3248868305,72.50000000000016,0.484945522818295
0.4,0.1,0.3,open_33,2,0,1.0,17175.0,3292,225107.59953750094,565.60000000006,0.41919659874328397
0.4,0.1,0.3,open_33,2,1,1.0,17500.0,3035,214814.62088900903,539.000000000054,0.42563093501165694
0.4,0.1,0.3,open_33,5,0,1.0,16850.0,2664,192639.88332866598,194.39999999999324,0.5232126557802744
0.4,0.1,0.3,open_33,5,1,1.0,21175.0,3732,250174.33609658165,250.39999999999006,0.437394906059753
0.4,0.1,0.3,open_33,10,0,1.0,20850.0,3556,240316.93400684395,120.09999999999745,0.4748339531961456
0.4,0.1,0.3,open_33,10,1,1.0,20775.0,3300,225383.15669763112,113.09999999999785,0.48138471363024193
0.4,0.1,0.3,open_33,20,0,1.0,21600.0,3381,227363.11560369562,57.400000000000546,0.483131864768523
0.4,0.1,0.3,open_33,20,1,1.0,22725.0,4819,304289.85027711093,76.39999999999993,0.4479813615546284
0.4,0.1,0.3,partial_33,2,0,0.9056603773584906,5425.0,3278,242424.00000000003,652.3000000000798,0.43335615396796934
0.4,0.1,0.3,partial_33,2,1,0.9547169811320755,7750.0,3242,242424.00000000003,649.000000000079,0.4502021769190826
0.4,0.1,0.3,partial_33,5,0,0.9635220125786164,13375.0,9164,606060.0,673.3000000000845,0.3403327696390457
0.4,0.1,0.3,partial_33,5,1,0.9924528301886792,12350.0,8818,606060.0,668.9000000000835,0.38623157598876945
0.4,0.1,0.3,partial_33,10,0,1.0,16250.0,5734,388766.87669964763,204.99999999999264,0.4449182126757797
0.4,0.1,0.3,partial_33,10,1,1.0,15025.0,3628,263078.52287957165,136.9999999999965,0.49578000209256073
0.4,0.1,0.3,partial_33,20,0,1.0,16925.0,3800,266996.07138480013,69.60000000000032,0.4805240138014488
0.4,0.1,0.3,partial_33,20,1,1.0,16950.0,3538,253838.14116939064,66.10000000000052,0.48406910128564773
0.4,0.1,0.3,closed_33,2,0,0.6228373702422145,1325.0,2798,242424.00000000003,694.3000000000893,0.18508313531673762
0.4,0.1,0.3,closed_33,2,1,0.5,2875.0,1809,242424.00000000003,699.0000000000904,0.03719204573734017
0.4,0.1,0.3,closed_33,5,0,1.0,8100.0,4999,460743.7032247425,513.2000000000481,0.45311520256015153
0.4,0.1,0.3,closed_33,5,1,1.0,8575.0,4955,459747.36881596764,515.5000000000487,0.44373832316818085
0.4,0.1,0.3,closed_33,10,0,1.0,10000.0,4354,375936.93928508926,205.8999999999926,0.48274649737350683
0.4,0.1,0.3,closed_33,10,1,1.0,10500.0,4989,436545.07986688917,239.99999999999065,0.4611330818350345
0.4,0.1,0.3,closed_33,20,0,1.0,12575.0,4385,336375.19546418544,90.69999999999912,0.45382350543609234
0.4,0.1,0.3,closed_33,20,1,1.0,12200.0,5071,408375.6471544709,110.69999999999798,0.4530760944798298
0.4,0.4,0.05,open_33,2,0,1.0,16450.0,2574,186977.96269530966,462.7000000000367,0.4647370255153662
0.4,0.4,0.05,open_33,2,1,1.0,16375.0,2571,188305.73030333593,467.80000000003787,0.4649516926683014
0.4,0.4,0.05,open_33,5,0,1.0,21600.0,3544,237979.4557129792,234.39999999999097,0.4375580241610341
0.4,0.4,0.05,open_33,5,1,1.0,22075.0,3697,249341.20854714036,246.1999999999903,0.42681677152996306
0.4,0.4,0.05,open_33,10,0,1.0,22850.0,4080,267817.6286754792,131.6999999999968,0.43994828396750746
0.4,0.4,0.05,open_33,10,1,1.0,22450.0,4489,292032.3311928294,143.39999999999614,0.437765541828683
0.4,0.4,0.05,open_33,20,0,1.0,22950.0,9445,546475.6032872982,134.99999999999662,0.4085678166737194
0.4,0.4,0.05,open_33,20,1,1.0,23425.0,6860,417988.6534888833,102.49999999999845,0.4194493072783102
0.4,0.4,0.05,partial_33,2,0,0.7383647798742138,5350.0,3322,242424.00000000003,655.8000000000806,0.2582155033296809
0.4,0.4,0.05,partial_33,2,1,0.680503144654088,4100.0,3341,242424.00000000003,661.8000000000819,0.21598025397010542
0.4,0.4,0.05,partial_33,5,0,1.0,18100.0,4271,286018.2634234474,289.6999999999974,0.40570326151532443
0.4,0.4,0.05,partial_33,5,1,1.0,18750.0,7493,497031.4272639768,524.0000000000506,0.3272984011864931
0.4,0.4,0.05,partial_33,10,0,1.0,19025.0,8311,535224.0937128835,278.3999999999948,0.37524077580421666
0.4,0.4,0.05,partial_33,10,1,1.0,18475.0,6572,428311.38001986477,219.7999999999918,0.4024656856982649
0.4,0.4,0.05,partial_33,20,0,1.0,18875.0,6671,429274.87517486326,109.79999999999804,0.4214615025672923
0.4,0.4,0.05,partial_33,20,1,1.0,18900.0,6507,418314.3876982294,107.69999999999816,0.42245467491280186
0.4,0.4,0.05,closed_33,2,0,0.6072664359861591,2750.0,2596,242424.00000000003,708.0000000000924,0.1414598180569792
0.4,0.4,0.05,closed_33,2,1,0.5346020761245674,3800.0,2783,242424.00000000003,678.7000000000858,0.04124549320019713
0.4,0.4,0.05,closed_33,5,0,0.8460207612456747,4750.0,4934,606060.0,719.8000000000951,0.330011847384476
0.4,0.4,0.05,closed_33,5,1,0.9982698961937716,9625.0,6294,606060.0,689.4000000000882,0.3791913016001872
0.4,0.4,0.05,closed_33,10,0,0.967128027681661,10100.0,12178,1212120.0,708.4000000000925,0.32616136762854786
0.4,0.4,0.05,closed_33,10,1,1.0,10825.0,6195,529420.5852312765,289.3999999999973,0.43777181969954404
0.4,0.4,0.05,closed_33,20,0,1.0,13000.0,16746,1652832.657807822,473.3000000000391,0.34163166429493613
0.4,0.4,0.05,closed_33,20,1,1.0,12950.0,6134,513496.76894031465,139.59999999999636,0.4263803153461316
0.4,0.4,0.15,open_33,2,0,1.0,16550.0,2695,197852.2348966105,491.50000000004326,0.45430986999914996
0.4,0.4,0.15,open_33,2,1,1.0,15700.0,2764,198811.85155855902,493.70000000004376,0.4628913408352493
0.4,0.4,0.15,open_33,5,0,1.0,21200.0,3586,240603.8426364133,237.99999999999076,0.4413362237397118
0.4,0.4,0.15,open_33,5,1,1.0,21850.0,3841,254366.37138284347,251.39999999999,0.42657264773501213
0.4,0.4,0.15,open_33,10,0,1.0,22575.0,4756,305591.2269739895,150.09999999999576,0.4321183615811347
0.4,0.4,0.15,open_33,10,1,1.0,22375.0,5674,354841.1586745023,175.39999999999432,0.4217696517426909
0.4,0.4,0.15,open_33,20,0,1.0,23775.0,8023,486328.86043976154,119.69999999999747,0.4062350075035927
0.4,0.4,0.15,open_33,20,1,1.0,23750.0,9339,544891.7618074641,135.3999999999966,0.39895771431815286
0.4,0.4,0.15,partial_33,2,0,0.5333333333333333,2875.0,3544,242424.00000000003,658.2000000000811,0.07754911408669776
0.4,0.4,0.15,partial_33,2,1,0.24276729559748428,0.0,3520,242424.00000000003,671.5000000000841,-0.18608328943408645
0.4,0.4,0.15,partial_33,5,0,0.9987421383647799,16125.0,9249,606060.0,652.3000000000798,0.33461948005129305
0.4,0.4,0.15,partial_33,5,1,0.9270440251572327,13875.0,8819,606060.0,667.8000000000833,0.2963029143883611
0.4,0.4,0.15,partial_33,10,0,0.589937106918239,7325.0,17711,1212120.0,691.8000000000887,0.04266589866533824
0.4,0.4,0.15,partial_33,10,1,1.0,17950.0,6374,422087.5453375899,220.39999999999176,0.4120260259033849
0.4,0.4,0.15,partial_33,20,0,1.0,18475.0,5793,375166.9881562283,96.49999999999879,0.43498053919935054
0.4,0.4,0.15,partial_33,20,1,1.0,18850.0,5679,375242.68054654263,96.49999999999879,0.429953132396816
0.4,0.4,0.15,closed_33,2,0,0.6885813148788927,1600.0,2977,242424.00000000003,671.7000000000842,0.24629665513264135
0.4,0.4,0.15,closed_33,2,1,0.6487889273356401,950.0,2229,242424.00000000003,705.7000000000919,0.22782406447715073
0.4,0.4,0.15,closed_33,5,0,0.629757785467128,1375.0,5589,606060.0,714.800000000094,0.17511032047592076
0.4,0.4,0.15,closed_33,5,1,0.9775086505190311,8775.0,6237,606060.0,700.2000000000907,0.37580341670773043
0.4,0.4,0.15,closed_33,10,0,1.0,11900.0,5992,502403.07009313046,274.899999999994,0.41946411147865803
0.4,0.4,0.15,closed_33,10,1,1.0,11300.0,5442,463884.6942565474,252.9999999999899,0.4389222625745094
0.4,0.4,0.15,closed_33,20,0,1.0,13600.0,8776,728752.231034345,198.19999999999303,0.3927630523567499
0.4,0.4,0.15,closed_33,20,1,1.0,12700.0,4586,365898.1748074922,97.89999999999871,0.4481093464375855
0.4,0.4,0.3,open_33,2,0,1.0,16700.0,3043,213762.0285134889,530.9000000000522,0.43610354929116124
0.4,0.4,0.3,open_33,2,1,1.0,15250.0,2626,192035.9550479892,479.4000000000405,0.47552539467401445
0.4,0.4,0.3,open_33,5,0,1.0,21525.0,3495,237414.8974516719,235.3999999999909,0.43933282318035877
0.4,0.4,0.3,open_33,5,1,1.0,20725.0,3551,243552.7331600408,242.09999999999053,0.4470565597750146
0.4,0.4,0.3,open_33,10,0,1.0,22325.0,4698,300167.85844933894,149.2999999999958,0.4364032454283473
0.4,0.4,0.3,open_33,10,1,1.0,21950.0,3578,242224.76766627887,119.49999999999748,0.46056155586754216
0.4,0.4,0.3,open_33,20,0,1.0,23600.0,5188,332251.8706201734,81.69999999999963,0.43239595061685515
0.4,0.4,0.3,open_33,20,1,1.0,23000.0,7023,422989.87598032504,104.59999999999833,0.42370571499236376
0.4,0.4,0.3,partial_33,2,0,0.7849056603773585,4400.0,3433,242424.00000000003,651.5000000000796,0.32018859139856626
0.4,0.4,0.3,partial_33,2,1,0.25660377358490566,1275.0,3562,242424.00000000003,670.2000000000838,-0.19083529004409974
0.4,0.4,0.3,partial_33,5,0,0.9132075471698113,12950.0,9198,606060.0,665.2000000000827,0.295238200259076
0.4,0.4,0.3,partial_33,5,1,0.9018867924528302,10275.0,8765,606060.0,672.8000000000844,0.3250330959200197
0.4,0.4,0.3,partial_33,10,0,1.0,18475.0,6061,404439.2156816083,210.8999999999923,0.40772340191522527
0.4,0.4,0.3,partial_33,10,1,1.0,17775.0,4907,327743.00215229136,168.09999999999474,0.43446946203394277
0.4,0.4,0.3,partial_33,20,0,1.0,18625.0,6375,415892.5707359328,107.39999999999817,0.42735123240135525
0.4,0.4,0.3,partial_33,20,1,1.0,17500.0,4083,283321.1218465064,73.4000000000001,0.4678608118090749
0.4,0.4,0.3,closed_33,2,0,0.7525951557093425,3325.0,2194,242424.00000000003,693.000000000089,0.28875821526934153
0.4,0.4,0.3,closed_33,2,1,0.7335640138408305,2650.0,2070,242424.00000000003,700.6000000000907,0.2851046741321811
0.4,0.4,0.3,closed_33,5,0,0.8615916955017301,7875.0,6744,606060.0,695.6000000000896,0.2742821016835345
0.4,0.4,0.3,closed_33,5,1,0.967128027681661,7125.0,7053,606060.0,685.9000000000874,0.3967907114830931
0.4,0.4,0.3,closed_33,10,0,0.9602076124567474,9450.0,12614,1212120.0,713.1000000000936,0.33221272541630376
0.4,0.4,0.3,closed_33,10,1,1.0,11350.0,4947,402730.7892543792,218.79999999999185,0.44775234326469704
0.4,0.4,0.3,closed_33,20,0,1.0,12150.0,4673,384226.0307150199,104.19999999999835,0.4578796559651721
0.4,0.4,0.3,closed_33,20,1,1.0,11275.0,3917,312602.32100481587,83.59999999999953,0.4858672438712717
0.4,0.7,0.05,open_33,2,0,1.0,16025.0,2454,180453.66498995415,446.10000000003294,0.47679719459065145
0.4,0.7,0.05,open_33,2,1,1.0,16500.0,2590,189151.60520714548,468.60000000003805,0.46245007368290564
0.4,0.7,0.05,open_33,5,0,1.0,22475.0,4412,285210.79083479126,279.5999999999951,0.4050367070147815
0.4,0.7,0.05,open_33,5,1,1.0,21300.0,3337,232395.24820280378,228.29999999999131,0.44571717617134604
0.4,0.7,0.05,open_33,10,0,1.0,22675.0,6292,384933.31715466036,189.19999999999354,0.41073524335157696
0.4,0.7,0.05,open_33,10,1,1.0,22600.0,4940,316954.8612758457,155.49999999999545,0.4288795986279824
0.4,0.7,0.05,open_33,20,0,1.0,23400.0,8331,495125.6694144006,122.09999999999734,0.40932979276905956
0.4,0.7,0.05,open_33,20,1,1.0,23475.0,8031,470984.82083013,115.39999999999772,0.4108668050966345
0.4,0.7,0.05,partial_33,2,0,0.11949685534591195,0.0,3651,242424.00000000003,671.100000000084,-0.3173394737755213
0.4,0.7,0.05,partial_33,2,1,0.8855345911949686,7375.0,3361,242424.00000000003,656.8000000000808,0.38172511159073863
0.4,0.7,0.05,partial_33,5,0,0.7572327044025158,7750.0,8806,606060.0,681.8000000000865,0.21500355645402822
0.4,0.7,0.05,partial_33,5,1,0.9949685534591195,17325.0,8954,606060.0,655.0000000000804,0.3133656242571313
0.4,0.7,0.05,partial_33,10,0,0.5232704402515723,4650.0,17428,1212120.0,690.8000000000885,0.015631264107238224
0.4,0.7,0.05,partial_33,10,1,1.0,18775.0,11594,773968.634479022,416.70000000002625,0.3436233675001217
0.4,0.7,0.05,partial_33,20,0,1.0,18750.0,8486,529512.1027790383,134.89999999999662,0.41112866629130895
0.4,0.7,0.05,partial_33,20,1,1.0,19375.0,7100,450313.9815192437,114.39999999999777,0.4109249279481298
0.4,0.7,0.05,closed_33,2,0,0.5570934256055363,0.0,2101,242424.00000000003,709.1000000000927,0.15251691347640348
0.4,0.7,0.05,closed_33,2,1,0.15570934256055363,600.0,2646,242424.00000000003,700.8000000000908,-0.2913234282361035
0.4,0.7,0.05,closed_33,5,0,0.5605536332179931,1425.0,5084,606060.0,709.7000000000928,0.10449778646810862
0.4,0.7,0.05,closed_33,5,1,0.7474048442906575,3200.0,5116,606060.0,709.1000000000927,0.25988418297327276
0.4,0.7,0.05,closed_33,10,0,0.9948096885813149,11000.0,11564,1212120.0,712.5000000000935,0.33620193795823783
0.4,0.7,0.05,closed_33,10,1,0.7854671280276817,7575.0,12206,1212120.0,721.0000000000954,0.19451454143594063
0.4,0.7,0.05,closed_33,20,0,1.0,12675.0,5112,414084.88349794876,112.0999999999979,0.4426531454542871
0.4,0.7,0.05,closed_33,20,1,1.0,13025.0,5534,455194.60886346083,123.19999999999727,0.43083315470118566
0.4,0.7,0.15,open_33,2,0,1.0,16900.0,2652,196826.47561566948,486.60000000004214,0.4514891148282777
0.4,0.7,0.15,open_33,2,1,1.0,16775.0,2596,193045.99518051062,476.60000000003987,0.45655879122132986
0.4,0.7,0.15,open_33,5,0,1.0,21550.0,3826,254582.99674494262,250.39999999999006,0.4304552431018906
0.4,0.7,0.15,open_33,5,1,1.0,21200.0,3768,251997.09317055135,248.69999999999015,0.43618065021519015
0.4,0.7,0.15,open_33,10,0,1.0,23025.0,5265,329748.36450188,162.19999999999507,0.41949775431140995
0.4,0.7,0.15,open_33,10,1,1.0,23075.0,5343,337582.721874336,165.99999999999486,0.41736686318175653
0.4,0.7,0.15,open_33,20,0,1.0,23600.0,7462,449155.74026452564,110.19999999999801,0.41277245879338115
0.4,0.7,0.15,open_33,20,1,1.0,23825.0,10015,582486.5076368642,144.1999999999961,0.39405727550687486
0.4,0.7,0.15,partial_33,2,0,0.4477987421383648,1650.0,3539,242424.00000000003,671.7000000000842,0.005868406251093333
0.4,0.7,0.15,partial_33,2,1,0.5333333333333333,3325.0,2728,242424.00000000003,696.1000000000897,0.07905553959284442
0.4,0.7,0.15,partial_33,5,0,0.8905660377358491,12625.0,8969,606060.0,670.800000000084,0.27750450667677085
0.4,0.7,0.15,partial_33,5,1,0.939622641509434,12300.0,8879,606060.0,670.2000000000838,0.3327985178157863
0.4,0.7,0.15,partial_33,10,0,1.0,18650.0,7398,481916.65392631455,251.89999999998997,0.390172323387806
0.4,0.7,0.15,partial_33,10,1,1.0,18950.0,7711,500519.6579663083,258.9999999999904,0.38235597653668263
0.4,0.7,0.15,partial_33,20,0,1.0,19050.0,9132,569928.4882526733,145.799999999996,0.4025199424514677
0.4,0.7,0.15,partial_33,20,1,1.0,19025.0,7978,497933.96643091366,126.49999999999709,0.41034727685743994
0.4,0.7,0.15,closed_33,2,0,0.444636678200692,50.0,2423,242424.00000000003,699.3000000000904,0.02792282818892841
0.4,0.7,0.15,closed_33,2,1,0.5363321799307958,3375.0,2740,242424.00000000003,685.5000000000873,0.05231033461279075
0.4,0.7,0.15,closed_33,5,0,0.8460207612456747,4675.0,7103,606060.0,686.5000000000875,0.3238404648208174
0.4,0.7,0.15,closed_33,5,1,0.4411764705882353,1425.0,6194,606060.0,702.2000000000911,-0.020990444709499928
0.4,0.7,0.15,closed_33,10,0,0.9775086505190311,11025.0,11965,1212120.0,719.300000000095,0.31769900642916815
0.4,0.7,0.15,closed_33,10,1,0.8148788927335641,7050.0,11845,1212120.0,714.6000000000939,0.2355405470876555
0.4,0.7,0.15,closed_33,20,0,1.0,12750.0,6318,498030.2710054051,133.4999999999967,0.4307647959262483
0.4,0.7,0.15,closed_33,20,1,0.9982698961937716,12425.0,23414,2424240.0,718.7000000000949,0.30308217994281506
0.4,0.7,0.3,open_33,2,0,1.0,16575.0,2663,194337.49976678463,479.3000000000405,0.45678819979547597
0.4,0.7,0.3,open_33,2,1,1.0,16800.0,2819,202164.70550338336,500.8000000000454,0.4460317728233465
0.4,0.7,0.3,open_33,5,0,1.0,21600.0,4022,266632.4546349726,263.19999999999135,0.4245902049242414
0.4,0.7,0.3,open_33,5,1,1.0,22050.0,3842,257383.48537243134,253.89999999998986,0.4233436696418152
0.4,0.7,0.3,open_33,10,0,1.0,22800.0,5133,323622.4541102643,159.6999999999952,0.4240403467529088
0.4,0.7,0.3,open_33,10,1,1.0,23375.0,6049,375489.17808911554,186.0999999999937,0.40449766828081873
0.4,0.7,0.3,open_33,20,0,1.0,23300.0,7699,458426.4633109411,112.79999999999787,0.4150294587037552
0.4,0.7,0.3,open_33,20,1,1.0,22775.0,8034,478923.76222796785,118.29999999999755,0.419123977714872
0.4,0.7,0.3,partial_33,2,0,0.15220125786163521,0.0,3611,242424.00000000003,676.9000000000854,-0.28251649847991533
0.4,0.7,0.3,partial_33,2,1,0.3610062893081761,300.0,3524,242424.00000000003,677.8000000000856,-0.06537396161503142
0.4,0.7,0.3,partial_33,5,0,0.9182389937106918,13925.0,8658,606060.0,691.3000000000886,0.2869335223430778
0.4,0.7,0.3,partial_33,5,1,0.9962264150943396,17300.0,8835,606060.0,661.1000000000818,0.31533048103048744
0.4,0.7,0.3,partial_33,10,0,0.9974842767295597,18075.0,17820,1212120.0,673.9000000000847,0.2929910329573986
0.4,0.7,0.3,partial_33,10,1,1.0,18750.0,5367,354035.7154615668,180.79999999999401,0.41349679971382586
0.4,0.7,0.3,partial_33,20,0,1.0,18975.0,7524,479396.4338155035,122.7999999999973,0.4136901507967612
0.4,0.7,0.3,partial_33,20,1,1.0,19150.0,6606,424590.4921821598,108.99999999999808,0.41787022905135046
0.4,0.7,0.3,closed_33,2,0,0.7681660899653979,975.0,2968,242424.00000000003,682.9000000000867,0.34251811797518583
0.4,0.7,0.3,closed_33,2,1,0.16608996539792387,600.0,2594,242424.00000000003,701.4000000000909,-0.28010490674876265
0.4,0.7,0.3,closed_33,5,0,0.9411764705882353,6625.0,6653,606060.0,693.4000000000891,0.38186488859657175
0.4,0.7,0.3,closed_33,5,1,0.8685121107266436,5850.0,5886,606060.0,704.1000000000915,0.3261898330611728
0.4,0.7,0.3,closed_33,10,0,0.967128027681661,11500.0,11271,1212120.0,714.1000000000938,0.29810508215352516
0.4,0.7,0.3,closed_33,10,1,1.0,13025.0,8595,707499.6105905204,390.5000000000203,0.3641776236863673
0.4,0.7,0.3,closed_33,20,0,1.0,13075.0,5460,425485.23763376614,114.09999999999779,0.4319129772908809
0.4,0.7,0.3,closed_33,20,1,1.0,12750.0,8634,736249.2201012969,203.39999999999273,0.41024916507157727
0.6,0.1,0.05,open_33,2,0,1.0,16275.0,2637,187179.60362750417,467.9000000000379,0.46537408366393207
0.6,0.1,0.05,open_33,2,1,1.0,15750.0,2541,184278.95183143002,461.10000000003635,0.47585459885680564
0.6,0.1,0.05,open_33,5,0,1.0,19700.0,2824,198998.26094490592,197.29999999999308,0.48274736571712124
0.6,0.1,0.05,open_33,5,1,1.0,20100.0,3109,212017.6856713551,211.99999999999224,0.4693158949627651
0.6,0.1,0.05,open_33,10,0,1.0,22350.0,4347,277974.12060136604,137.89999999999645,0.4421046729548221
0.6,0.1,0.05,open_33,10,1,1.0,21200.0,3455,228595.87943661422,114.49999999999777,0.4733200443022004
0.6,0.1,0.05,open_33,20,0,1.0,23225.0,5279,330311.3176449216,82.2999999999996,0.4365104482255809
0.6,0.1,0.05,open_33,20,1,1.0,22575.0,5629,344588.31388935447,85.99999999999939,0.44132250172375015
0.6,0.1,0.05,partial_33,2,0,0.8037735849056604,6900.0,3376,242424.00000000003,657.3000000000809,0.3029241497424491
0.6,0.1,0.05,partial_33,2,1,0.6981132075471698,3400.0,3408,242424.00000000003,662.6000000000821,0.24436163442662226
0.6,0.1,0.05,partial_33,5,0,1.0,17100.0,3963,277760.4191072207,286.59999999999667,0.4258132631041018
0.6,0.1,0.05,partial_33,5,1,1.0,16375.0,3361,241324.59685114014,247.49999999999022,0.45270134607149365
0.6,0.1,0.05,partial_33,10,0,0.9484276729559749,13300.0,18051,1212120.0,687.1000000000877,0.3152572272974815
0.6,0.1,0.05,partial_33,10,1,1.0,16900.0,3374,237849.07023244258,122.09999999999734,0.47376991470470065
0.6,0.1,0.05,partial_33,20,0,1.0,19075.0,6564,417391.6494982545,106.19999999999824,0.41961515578703157
0.6,0.1,0.05,partial_33,20,1,1.0,18625.0,6147,400467.7587174885,102.79999999999843,0.42936279005501443
0.6,0.1,0.05,closed_33,2,0,0.7041522491349481,3600.0,2711,242424.00000000003,668.1000000000834,0.22412703802923775
0.6,0.1,0.05,closed_33,2,1,0.8200692041522492,3475.0,2904,242424.00000000003,660.0000000000815,0.3455753457305326
0.6,0.1,0.05,closed_33,5,0,0.9948096885813149,8975.0,6677,606060.0,698.2000000000902,0.38781960584975905
0.6,0.1,0.05,closed_33,5,1,0.9532871972318339,5975.0,6577,606060.0,705.900000000092,0.4079845455710508
0.6,0.1,0.05,closed_33,10,0,0.9948096885813149,11000.0,12517,1212120.0,707.8000000000924,0.33516752704928066
0.6,0.1,0.05,closed_33,10,1,1.0,11550.0,5995,517953.927138217,282.8999999999958,0.4248653558557595
0.6,0.1,0.05,closed_33,20,0,1.0,12275.0,4799,405666.3659262615,110.19999999999801,0.4532331965556618
0.6,0.1,0.05,closed_33,20,1,1.0,13850.0,5537,450652.17489801114,122.09999999999734,0.41396186220794956
0.6,0.1,0.15,open_33,2,0,1.0,15275.0,2542,184736.9789080816,462.50000000003666,0.48148951121476824
0.6,0.1,0.15,open_33,2,1,1.0,15850.0,2720,193662.0493082054,484.40000000004164,0.46501185407721934
0.6,0.1,0.15,open_33,5,0,1.0,20500.0,2913,204745.45158523857,204.29999999999268,0.46963813952087563
0.6,0.1,0.15,open_33,5,1,1.0,20725.0,3373,227696.89701783576,226.19999999999143,0.453459796541068
0.6,0.1,0.15,open_33,10,0,1.0,20800.0,3514,232584.44758262485,116.09999999999768,0.4769787914611611
0.6,0.1,0.15,open_33,10,1,1.0,21875.0,3910,256351.9934181557,127.69999999999702,0.45548541649307833
0.6,0.1,0.15,open_33,20,0,1.0,21900.0,4121,266525.18473024573,66.80000000000048,0.46738401871970786
0.6,0.1,0.15,open_33,20,1,1.0,21350.0,3730,241749.08060923964,60.50000000000059,0.48045658633480404
0.6,0.1,0.15,partial_33,2,0,0.4628930817610063,1400.0,3547,242424.00000000003,662.100000000082,0.025515795561338844
0.6,0.1,0.15,partial_33,2,1,0.8075471698113208,2800.0,3311,242424.00000000003,650.9000000000794,0.369561063672152
0.6,0.1,0.15,partial_33,5,0,1.0,14450.0,4025,280886.07826538733,293.09999999999815,0.46442353798916053
0.6,0.1,0.15,partial_33,5,1,1.0,15525.0,3372,244593.10334522184,252.89999999998992,0.4646010505994381
0.6,0.1,0.15,partial_33,10,0,0.9849056603773585,16425.0,17595,1212120.0,683.4000000000868,0.305318274310753
0.6,0.1,0.15,partial_33,10,1,1.0,18025.0,14463,957021.8170240183,519.2000000000495,0.329510458712379
0.6,0.1,0.15,partial_33,20,0,1.0,18250.0,5961,394978.048622868,103.3999999999984,0.43629612344104207
0.6,0.1,0.15,partial_33,20,1,1.0,18100.0,5279,345680.12571359007,88.79999999999923,0.44546138082900905
0.6,0.1,0.15,closed_33,2,0,0.8979238754325259,5525.0,2717,242424.00000000003,670.800000000084,0.3868885053718524
0.6,0.1,0.15,closed_33,2,1,0.5743944636678201,2725.0,2637,242424.00000000003,664.4000000000825,0.10692227346297487
0.6,0.1,0.15,closed_33,5,0,0.9930795847750865,10200.0,6932,606060.0,694.7000000000894,0.359812081130943
0.6,0.1,0.15,closed_33,5,1,1.0,6350.0,3683,338779.7793885367,371.00000000001586,0.5281181677472647
0.6,0.1,0.15,closed_33,10,0,0.9878892733564014,10225.0,8821,1212120.0,719.300000000095,0.34940001863390246
0.6,0.1,0.15,closed_33,10,1,1.0,12000.0,5883,527607.3104066481,291.0999999999977,0.414829735321334
0.6,0.1,0.15,closed_33,20,0,1.0,12150.0,16896,1834528.8572129407,532.6000000000525,0.34836672597440377
0.6,0.1,0.15,closed_33,20,1,1.0,12400.0,4663,367859.4469014169,98.79999999999866,0.4537275287373333
0.6,0.1,0.3,open_33,2,0,1.0,17175.0,3292,225107.59953750094,565.60000000006,0.41919659874328397
0.6,0.1,0.3,open_33,2,1,1.0,17500.0,3035,214814.62088900903,539.000000000054,0.42563093501165694
0.6,0.1,0.3,open_33,5,0,1.0,19050.0,2956,207167.1422358111,207.3999999999925,0.4863501504379291
0.6,0.1,0.3,open_33,5,1,1.0,20625.0,3238,223034.81981346244,222.89999999999162,0.45795829459442133
0.6,0.1,0.3,open_33,10,0,1.0,22050.0,4247,277542.81044243695,138.29999999999643,0.4469450688194783
0.6,0.1,0.3,open_33,10,1,1.0,21375.0,3911,260230.56142285583,129.9999999999969,0.46125456796408454
0.6,0.1,0.3,open_33,20,0,1.0,21625.0,3813,247251.60299697844,61.500000000000604,0.4756263034971612
0.6,0.1,0.3,open_33,20,1,1.0,21850.0,4411,280141.0637452067,70.10000000000029,0.4641346171516464
0.6,0.1,0.3,partial_33,2,0,0.9056603773584906,5425.0,3278,242424.00000000003,652.3000000000798,0.43335615396796934
0.6,0.1,0.3,partial_33,2,1,0.9547169811320755,7750.0,3242,242424.00000000003,649.000000000079,0.4502021769190826
0.6,0.1,0.3,partial_33,5,0,1.0,15525.0,4477,310928.2011376341,323.8000000000051,0.43679474713194166
0.6,0.1,0.3,partial_33,5,1,1.0,16375.0,4726,335005.47287848475,353.30000000001183,0.4161858336885815
0.6,0.1,0.3,partial_33,10,0,1.0,16775.0,6703,448168.4316797862,237.79999999999077,0.4251941435768259
0.6,0.1,0.3,partial_33,10,1,1.0,14825.0,3578,255521.47093044594,132.79999999999674,0.5003159606203182
0.6,0.1,0.3,partial_33,20,0,1.0,18475.0,4308,296373.514910758,76.79999999999991,0.45021034928653925
0.6,0.1,0.3,partial_33,20,1,1.0,17025.0,3731,259082.8770913384,66.60000000000049,0.48027736795872233
0.6,0.1,0.3,closed_33,2,0,0.6228373702422145,1325.0,2798,242424.00000000003,694.3000000000893,0.18508313531673762
0.6,0.1,0.3,closed_33,2,1,0.5,2875.0,1809,242424.00000000003,699.0000000000904,0.03719204573734017
0.6,0.1,0.3,closed_33,5,0,0.9394463667820069,8025.0,6434,606060.0,708.5000000000925,0.3517410696991604
0.6,0.1,0.3,closed_33,5,1,0.7335640138408305,5850.0,4514,606060.0,715.2000000000941,0.19342569896707643
0.6,0.1,0.3,closed_33,10,0,0.9948096885813149,10300.0,10859,1212120.0,716.5000000000944,0.35161099755970404
0.6,0.1,0.3,closed_33,10,1,0.9896193771626297,10500.0,12490,1212120.0,705.5000000000919,0.3403191981035526
0.6,0.1,0.3,closed_33,20,0,1.0,12350.0,4052,341944.6955925524,92.59999999999901,0.46067579465136255
0.6,0.1,0.3,closed_33,20,1,1.0,11075.0,3707,307560.01734468946,83.19999999999955,0.492210479250735
0.6,0.4,0.05,open_33,2,0,1.0,16450.0,2574,186977.96269530966,462.7000000000367,0.4647370255153662
0.6,0.4,0.05,open_33,2,1,1.0,16375.0,2571,188305.73030333593,467.80000000003787,0.4649516926683014
0.6,0.4,0.05,open_33,5,0,1.0,21050.0,3370,227345.70697942807,223.89999999999156,0.4495313017738232
0.6,0.4,0.05,open_33,5,1,1.0,21000.0,3253,222811.33699467778,219.29999999999183,0.45308453899541945
0.6,0.4,0.05,open_33,10,0,1.0,22675.0,5537,341842.0172839477,168.39999999999472,0.4204887233955392
0.6,0.4,0.05,open_33,10,1,1.0,23275.0,4763,307908.50762029807,151.39999999999569,0.42303965366332724
0.6,0.4,0.05,open_33,20,0,1.0,22925.0,6246,375844.15862690005,92.49999999999902,0.43134439688837367
0.6,0.4,0.05,open_33,20,1,1.0,23275.0,6485,398645.2163538402,98.0999999999987,0.42433138515786195
0.6,0.4,0.05,partial_33,2,0,0.7383647798742138,5350.0,3322,242424.00000000003,655.8000000000806,0.2582155033296809
0.6,0.4,0.05,partial_33,2,1,0.680503144654088,4100.0,3341,242424.00000000003,661.8000000000819,0.21598025397010542
0.6,0.4,0.05,partial_33,5,0,0.7723270440251573,7675.0,8457,606060.0,684.5000000000871,0.2323400141488057
0.6,0.4,0.05,partial_33,5,1,0.9660377358490566,14450.0,8921,606060.0,662.7000000000821,0.3272596276700134
0.6,0.4,0.05,partial_33,10,0,1.0,17375.0,10091,675394.9620037419,361.20000000001363,0.37916007604935137
0.6,0.4,0.05,partial_33,10,1,1.0,18575.0,7362,488203.85772911995,257.09999999998996,0.39068364764747116
0.6,0.4,0.05,partial_33,20,0,1.0,19025.0,6998,449581.2080053678,114.79999999999775,0.4166470034685154
0.6,0.4,0.05,partial_33,20,1,1.0,19100.0,7698,486916.083436762,124.69999999999719,0.4107679507317067
0.6,0.4,0.05,closed_33,2,0,0.6072664359861591,2750.0,2596,242424.00000000003,708.0000000000924,0.1414598180569792
0.6,0.4,0.05,closed_33,2,1,0.5346020761245674,3800.0,2783,242424.00000000003,678.7000000000858,0.04124549320019713
0.6,0.4,0.05,closed_33,5,0,0.8339100346020761,4775.0,5976,606060.0,718.8000000000949,0.31272147513600135
0.6,0.4,0.05,closed_33,5,1,0.7283737024221453,2775.0,4172,606060.0,718.7000000000949,0.25381516831063566
0.6,0.4,0.05,closed_33,10,0,1.0,11925.0,6947,638836.243825862,357.0000000000127,0.3993372728468468
0.6,0.4,0.05,closed_33,10,1,0.8875432525951558,8075.0,11404,1212120.0,711.8000000000933,0.288366073402033
0.6,0.4,0.05,closed_33,20,0,1.0,13250.0,5548,447963.3387237461,120.29999999999744,0.4265279019482211
0.6,0.4,0.05,closed_33,20,1,1.0,13175.0,6232,495021.38825155655,132.99999999999673,0.4224380894229977
0.6,0.4,0.15,open_33,2,0,1.0,16550.0,2695,197852.2348966105,491.50000000004326,0.45430986999914996
0.6,0.4,0.15,open_33,2,1,1.0,15700.0,2764,198811.85155855902,493.70000000004376,0.4628913408352493
0.6,0.4,0.15,open_33,5,0,1.0,20650.0,3038,213185.47489188355,210.39999999999233,0.4634273680135592
0.6,0.4,0.15,open_33,5,1,1.0,21300.0,3918,261454.83291878132,258.6999999999903,0.4308035684461739
0.6,0.4,0.15,open_33,10,0,1.0,23025.0,5264,329195.2553720374,161.99999999999508,0.4195711052336609
0.6,0.4,0.15,open_33,10,1,1.0,22225.0,5166,325569.8196706462,161.39999999999512,0.4307335010902357
0.6,0.4,0.15,open_33,20,0,1.0,23025.0,8548,504116.77327271365,124.89999999999718,0.4127686504318434
0.6,0.4,0.15,open_33,20,1,1.0,23475.0,6561,399618.5631884895,98.49999999999868,0.4213847885806137
0.6,0.4,0.15,partial_33,2,0,0.5333333333333333,2875.0,3544,242424.00000000003,658.2000000000811,0.07754911408669776
0.6,0.4,0.15,partial_33,2,1,0.24276729559748428,0.0,3520,242424.00000000003,671.5000000000841,-0.18608328943408645
0.6,0.4,0.15,partial_33,5,0,0.8012578616352202,10500.0,8920,606060.0,677.5000000000855,0.21831866573920714
0.6,0.4,0.15,partial_33,5,1,0.9132075471698113,13000.0,8695,606060.0,689.1000000000881,0.2956552525392111
0.6,0.4,0.15,partial_33,10,0,0.9358490566037736,13900.0,18065,1212120.0,682.1000000000865,0.2934599509824738
0.6,0.4,0.15,partial_33,10,1,0.989937106918239,18275.0,18401,1212120.0,674.8000000000849,0.2819481712233668
0.6,0.4,0.15,partial_33,20,0,1.0,18850.0,6426,412172.17368006473,105.29999999999829,0.4239417479291838
0.6,0.4,0.15,partial_33,20,1,1.0,19050.0,6660,429926.5895826947,110.29999999999801,0.418828296986487
0.6,0.4,0.15,closed_33,2,0,0.6885813148788927,1600.0,2977,242424.00000000003,671.7000000000842,0.24629665513264135
0.6,0.4,0.15,closed_33,2,1,0.6487889273356401,950.0,2229,242424.00000000003,705.7000000000919,0.22782406447715073
0.6,0.4,0.15,closed_33,5,0,0.9965397923875432,11275.0,6990,606060.0,694.3000000000893,0.3408513196138494
0.6,0.4,0.15,closed_33,5,1,0.8096885813148789,4625.0,5063,606060.0,719.6000000000951,0.29460757378060853
0.6,0.4,0.15,closed_33,10,0,0.967128027681661,10175.0,12199,1212120.0,709.8000000000928,0.3245826020223631
0.6,0.4,0.15,closed_33,10,1,0.9775086505190311,11125.0,12280,1212120.0,710.300000000093,0.3152911439726822
0.6,0.4,0.15,closed_33,20,0,1.0,12475.0,4537,375534.31612533564,100.89999999999854,0.45252814475133457
0.6,0.4,0.15,closed_33,20,1,1.0,12000.0,5188,414779.6776471492,112.59999999999788,0.4562239121868339
0.6,0.4,0.3,open_33,2,0,1.0,16700.0,3043,213762.0285134889,530.9000000000522,0.43610354929116124
0.6,0.4,0.3,open_33,2,1,1.0,15250.0,2626,192035.9550479892,479.4000000000405,0.47552539467401445
0.6,0.4,0.3,open_33,5,0,1.0,20850.0,3627,242003.88200789306,239.39999999999068,0.4448063901546894
0.6,0.4,0.3,open_33,5,1,1.0,21575.0,3658,245112.0921910999,242.29999999999052,0.4345907991459041
0.6,0.4,0.3,open_33,10,0,1.0,21800.0,3815,256221.06807326805,127.19999999999705,0.45761483925585866
0.6,0.4,0.3,open_33,10,1,1.0,22525.0,4005,261523.01520531997,128.89999999999696,0.4456204043830685
0.6,0.4,0.3,open_33,20,0,1.0,23225.0,8025,474819.2596507766,118.49999999999754,0.41378149225701893
0.6,0.4,0.3,open_33,20,1,1.0,23475.0,6151,378853.68957318086,93.89999999999894,0.4248315781099212
0.6,0.4,0.3,partial_33,2,0,0.7849056603773585,4400.0,3433,242424.00000000003,651.5000000000796,0.32018859139856626
0.6,0.4,0.3,partial_33,2,1,0.25660377358490566,1275.0,3562,242424.00000000003,670.2000000000838,-0.19083529004409974
0.6,0.4,0.3,partial_33,5,0,1.0,16625.0,3902,268730.76470281614,274.69999999999396,0.4357861325658824
0.6,0.4,0.3,partial_33,5,1,0.9987421383647799,16025.0,8653,606060.0,667.9000000000833,0.3376252552306046
0.6,0.4,0.3,partial_33,10,0,1.0,18750.0,5535,374228.0385233939,193.79999999999328,0.4100633046743649
0.6,0.4,0.3,partial_33,10,1,1.0,17225.0,4093,284627.65526280645,146.49999999999596,0.4548747995198115
0.6,0.4,0.3,partial_33,20,0,0.9911949685534591,18075.0,35114,2424240.0,691.8000000000887,0.2805049268174359
0.6,0.4,0.3,partial_33,20,1,1.0,18625.0,5283,351880.54048637254,90.69999999999912,0.4371415695647326
0.6,0.4,0.3,closed_33,2,0,0.7525951557093425,3325.0,2194,242424.00000000003,693.000000000089,0.28875821526934153
0.6,0.4,0.3,closed_33,2,1,0.7335640138408305,2650.0,2070,242424.00000000003,700.6000000000907,0.2851046741321811
0.6,0.4,0.3,closed_33,5,0,0.7681660899653979,3250.0,6144,606060.0,717.1000000000945,0.2764661763130195
0.6,0.4,0.3,closed_33,5,1,0.7854671280276817,5825.0,4766,606060.0,707.4000000000923,0.24618038155086244
0.6,0.4,0.3,closed_33,10,0,0.9636678200692042,9675.0,10644,1212120.0,726.7000000000967,0.33327663458674683
0.6,0.4,0.3,closed_33,10,1,1.0,11775.0,4895,389925.3759112044,209.99999999999235,0.4407529849223511
0.6,0.4,0.3,closed_33,20,0,1.0,12450.0,6476,567532.0701337382,156.69999999999538,0.4322888025835266
0.6,0.4,0.3,closed_33,20,1,0.9965397923875432,12750.0,21892,2424240.0,723.1000000000959,0.2950804038134085
0.6,0.7,0.05,open_33,2,0,1.0,16025.0,2454,180453.66498995415,446.10000000003294,0.47679719459065145
0.6,0.7,0.05,open_33,2,1,1.0,16500.0,2590,189151.60520714548,468.60000000003805,0.46245007368290564
0.6,0.7,0.05,open_33,5,0,1.0,21900.0,3823,255710.83106869413,253.2999999999899,0.4258537617652388
0.6,0.7,0.05,open_33,5,1,1.0,21475.0,3391,231262.84775161743,227.09999999999138,0.44296953533886035
0.6,0.7,0.05,open_33,10,0,1.0,23425.0,5694,357858.8816744215,174.99999999999434,0.4081681143384429
0.6,0.7,0.05,open_33,10,1,1.0,23000.0,5652,350903.4377111895,171.49999999999454,0.41457908010024735
0.6,0.7,0.05,open_33,20,0,1.0,23325.0,6307,382578.29578991234,93.59999999999896,0.42561261555350455
0.6,0.7,0.05,open_33,20,1,1.0,23400.0,5685,357359.2452342883,87.69999999999929,0.42989117050299924
0.6,0.7,0.05,partial_33,2,0,0.11949685534591195,0.0,3651,242424.00000000003,671.100000000084,-0.3173394737755213
0.6,0.7,0.05,partial_33,2,1,0.8855345911949686,7375.0,3361,242424.00000000003,656.8000000000808,0.38172511159073863
0.6,0.7,0.05,partial_33,5,0,1.0,15875.0,3939,272455.9404118067,279.09999999999496,0.44582218922723676
0.6,0.7,0.05,partial_33,5,1,0.8968553459119497,10700.0,8614,606060.0,676.5000000000853,0.31383488661106296
0.6,0.7,0.05,partial_33,10,0,0.9081761006289308,14425.0,17601,1212120.0,693.5000000000891,0.2578170154452979
0.6,0.7,0.05,partial_33,10,1,0.9823899371069182,16425.0,17603,1212120.0,685.5000000000873,0.3027657424284721
0.6,0.7,0.05,partial_33,20,0,1.0,19400.0,8289,517455.3597848909,131.39999999999682,0.402593019066687
0.6,0.7,0.05,partial_33,20,1,1.0,19350.0,7386,462167.8441827041,117.3999999999976,0.4095399153400016
0.6,0.7,0.05,closed_33,2,0,0.5570934256055363,0.0,2101,242424.00000000003,709.1000000000927,0.15251691347640348
0.6,0.7,0.05,closed_33,2,1,0.15570934256055363,600.0,2646,242424.00000000003,700.8000000000908,-0.2913234282361035
0.6,0.7,0.05,closed_33,5,0,0.7958477508650519,5350.0,6127,606060.0,714.6000000000939,0.2612809988240675
0.6,0.7,0.05,closed_33,5,1,0.356401384083045,1075.0,5907,606060.0,720.6000000000953,-0.10025179697524131
0.6,0.7,0.05,closed_33,10,0,1.0,12300.0,5543,463394.3505976184,253.2999999999899,0.4177441673266494
0.6,0.7,0.05,closed_33,10,1,1.0,12900.0,8393,769069.9798845721,427.0000000000286,0.3598612820471408
0.6,0.7,0.05,closed_33,20,0,1.0,12550.0,5541,457275.5262128264,123.49999999999726,0.44053830315202736
0.6,0.7,0.05,closed_33,20,1,0.9515570934256056,11325.0,23053,2424240.0,724.3000000000961,0.27898217849818485
0.6,0.7,0.15,open_33,2,0,1.0,16900.0,2652,196826.47561566948,486.60000000004214,0.4514891148282777
0.6,0.7,0.15,open_33,2,1,1.0,16775.0,2596,193045.99518051062,476.60000000003987,0.45655879122132986
0.6,0.7,0.15,open_33,5,0,1.0,21700.0,3942,264026.6958996706,259.4999999999905,0.4249065668596761
0.6,0.7,0.15,open_33,5,1,1.0,21675.0,4025,264785.7101590857,261.89999999999105,0.42405901017754777
0.6,0.7,0.15,open_33,10,0,1.0,22675.0,5160,322493.29297604365,157.89999999999532,0.42552709802449057
0.6,0.7,0.15,open_33,10,1,1.0,22475.0,5231,325212.8458729198,159.49999999999523,0.42716034667463143
0.6,0.7,0.15,open_33,20,0,1.0,23525.0,8167,483739.1491130465,118.79999999999752,0.40900481328932853
0.6,0.7,0.15,open_33,20,1,1.0,23500.0,8618,506102.7466892144,124.79999999999718,0.4064974397422815
0.6,0.7,0.15,partial_33,2,0,0.4477987421383648,1650.0,3539,242424.00000000003,671.7000000000842,0.005868406251093333
0.6,0.7,0.15,partial_33,2,1,0.5333333333333333,3325.0,2728,242424.00000000003,696.1000000000897,0.07905553959284442
0.6,0.7,0.15,partial_33,5,0,0.9974842767295597,17175.0,9000,606060.0,659.6000000000814,0.31808741151479236
0.6,0.7,0.15,partial_33,5,1,0.9974842767295597,18375.0,9039,606060.0,661.900000000082,0.299877842939582
0.6,0.7,0.15,partial_33,10,0,0.969811320754717,16625.0,17763,1212120.0,680.7000000000862,0.2869032469987166
0.6,0.7,0.15,partial_33,10,1,0.9723270440251572,17850.0,17967,1212120.0,677.1000000000854,0.2708232371031146
0.6,0.7,0.15,partial_33,20,0,1.0,18125.0,7102,461052.23818376055,118.79999999999752,0.42914537995866275
0.6,0.7,0.15,partial_33,20,1,1.0,18925.0,6586,427354.2292228299,109.29999999999806,0.421189102443909
0.6,0.7,0.15,closed_33,2,0,0.444636678200692,50.0,2423,242424.00000000003,699.3000000000904,0.02792282818892841
0.6,0.7,0.15,closed_33,2,1,0.5363321799307958,3375.0,2740,242424.00000000003,685.5000000000873,0.05231033461279075
0.6,0.7,0.15,closed_33,5,0,0.7145328719723183,4350.0,4908,606060.0,715.7000000000942,0.20306210562907115
0.6,0.7,0.15,closed_33,5,1,0.8858131487889274,3750.0,4976,606060.0,719.100000000095,0.391502371256626
0.6,0.7,0.15,closed_33,10,0,0.9792387543252595,10400.0,10672,1212120.0,722.1000000000956,0.33398680494359945
0.6,0.7,0.15,closed_33,10,1,0.9325259515570934,9175.0,12016,1212120.0,708.3000000000925,0.31047640899075213
0.6,0.7,0.15,closed_33,20,0,0.9221453287197232,9900.0,22533,2424240.0,718.9000000000949,0.2790968333751537
0.6,0.7,0.15,closed_33,20,1,1.0,12725.0,4825,389650.64138120506,104.99999999999831,0.4446897230335287
0.6,0.7,0.3,open_33,2,0,1.0,16575.0,2663,194337.49976678463,479.3000000000405,0.45678819979547597
0.6,0.7,0.3,open_33,2,1,1.0,16800.0,2819,202164.70550338336,500.8000000000454,0.4460317728233465
0.6,0.7,0.3,open_33,5,0,1.0,20825.0,3494,237340.4918624782,233.799999999991,0.44810597427798726
0.6,0.7,0.3,open_33,5,1,1.0,21575.0,4136,269087.05652038695,264.59999999999167,0.4230233368158926
0.6,0.7,0.3,open_33,10,0,1.0,21975.0,4506,289354.3408119043,142.5999999999962,0.4438514976604335
0.6,0.7,0.3,open_33,10,1,1.0,22850.0,4697,302619.4727952075,148.29999999999586,0.42956442738594464
0.6,0.7,0.3,open_33,20,0,1.0,22825.0,7864,467642.3175178771,116.09999999999768,0.41978923055074224
0.6,0.7,0.3,open_33,20,1,1.0,23350.0,8786,518635.066877163,127.89999999999701,0.40710501490751033
0.6,0.7,0.3,partial_33,2,0,0.15220125786163521,0.0,3611,242424.00000000003,676.9000000000854,-0.28251649847991533
0.6,0.7,0.3,partial_33,2,1,0.3610062893081761,300.0,3524,242424.00000000003,677.8000000000856,-0.06537396161503142
0.6,0.7,0.3,partial_33,5,0,0.730817610062893,6250.0,8605,606060.0,676.5000000000853,0.21100806943023767
0.6,0.7,0.3,partial_33,5,1,0.959748427672956,12700.0,8556,606060.0,671.7000000000842,0.3481685913429946
0.6,0.7,0.3,partial_33,10,0,0.9207547169811321,14550.0,17557,1212120.0,683.2000000000868,0.2686948484803675
0.6,0.7,0.3,partial_33,10,1,1.0,18125.0,9666,646785.6165008544,348.10000000001065,0.372138698891828
0.6,0.7,0.3,partial_33,20,0,1.0,19175.0,6958,448258.373445706,114.69999999999776,0.4146195685094984
0.6,0.7,0.3,partial_33,20,1,1.0,18500.0,6602,419643.67815886904,107.39999999999817,0.4279937239559676
0.6,0.7,0.3,closed_33,2,0,0.7681660899653979,975.0,2968,242424.00000000003,682.9000000000867,0.34251811797518583
0.6,0.7,0.3,closed_33,2,1,0.16608996539792387,600.0,2594,242424.00000000003,701.4000000000909,-0.28010490674876265
0.6,0.7,0.3,closed_33,5,0,0.8235294117647058,4775.0,6102,606060.0,717.8000000000947,0.30165874527992775
0.6,0.7,0.3,closed_33,5,1,0.903114186851211,8175.0,6517,606060.0,705.5000000000919,0.3111940373507539
0.6,0.7,0.3,closed_33,10,0,1.0,11475.0,5187,458796.05856470834,253.2999999999899,0.4371695114721177
0.6,0.7,0.3,closed_33,10,1,1.0,9125.0,9492,862163.3777699596,483.50000000004144,0.42503185837955826
0.6,0.7,0.3,closed_33,20,0,1.0,13650.0,11428,1055964.3592446637,298.1999999999993,0.36813383582755316
0.6,0.7,0.3,closed_33,20,1,1.0,11875.0,4654,365770.8234823984,97.89999999999871,0.46480854275429295
