inertia,cognitive,social,map_label,n_drones,seed,final_coverage,overlap_m2,wasted_visits,energy_used_j,time_to_terminal,score
0.5,3.0,0.0,open_33,2,0,0.9125910509885536,6250.0,3833,242424.00000000003,592.000000000066,0.4459627746810685
0.5,3.0,0.0,open_33,2,1,0.9698231009365245,7750.0,3691,242424.00000000003,593.1000000000663,0.4890846706010582
0.5,3.0,0.0,open_33,5,0,1.0,17600.0,4893,301044.015836493,293.6999999999983,0.4577284098545301
0.5,3.0,0.0,open_33,5,1,1.0,16200.0,6460,382555.29078968905,372.9000000000163,0.44538416088463995
0.5,3.0,0.0,open_33,10,0,1.0,18975.0,4988,307878.53819004307,150.09999999999576,0.4748323437663719
0.5,3.0,0.0,open_33,10,1,1.0,18075.0,7533,433841.861500259,211.29999999999228,0.45653967230415776
0.5,3.0,0.0,open_33,20,0,1.0,19175.0,4704,290004.3652955834,70.90000000000025,0.4941739092856728
0.5,3.0,0.0,open_33,20,1,1.0,18975.0,3401,225724.4073606059,55.300000000000516,0.5157034222363919
0.5,3.0,0.0,partial_33,2,0,1.0,2725.0,2023,174047.2743994887,442.60000000003214,0.6397991457099081
0.5,3.0,0.0,partial_33,2,1,0.7295597484276729,2150.0,2600,242424.00000000003,681.6000000000864,0.30737945492662466
0.5,3.0,0.0,partial_33,5,0,1.0,11325.0,1875,161818.72470909683,161.99999999999508,0.5798156118477115
0.5,3.0,0.0,partial_33,5,1,1.0,10750.0,4204,416003.6352584383,447.6000000000333,0.4862977587474255
0.5,3.0,0.0,partial_33,10,0,1.0,14075.0,4000,403680.8101285263,217.7999999999919,0.4891811369487676
0.5,3.0,0.0,partial_33,10,1,0.9962264150943396,10925.0,8828,1212120.0,710.700000000093,0.4115748549710815
0.5,3.0,0.0,partial_33,20,0,1.0,14300.0,2420,203301.4301607716,51.700000000000465,0.5462210691769193
0.5,3.0,0.0,partial_33,20,1,0.9987421383647799,15125.0,21825,2424240.0,726.9000000000967,0.3365267766667658
0.5,3.0,0.0,closed_33,2,0,0.8096885813148789,350.0,1307,242424.00000000003,693.000000000089,0.43707629243357105
0.5,3.0,0.0,closed_33,2,1,0.35294117647058826,200.0,891,242424.00000000003,722.1000000000956,-0.03976510614990017
0.5,3.0,0.0,closed_33,5,0,0.8875432525951558,1950.0,3754,606060.0,731.2000000000977,0.4386818738119419
0.5,3.0,0.0,closed_33,5,1,0.7352941176470589,900.0,2140,606060.0,734.7000000000985,0.3218721544345293
0.5,3.0,0.0,closed_33,10,0,0.986159169550173,6625.0,3710,1212120.0,722.8000000000958,0.4441247435386103
0.5,3.0,0.0,closed_33,10,1,0.9186851211072664,5850.0,6855,1212120.0,732.0000000000979,0.37435522049727166
0.5,3.0,0.0,closed_33,20,0,1.0,10550.0,2230,267182.2778171124,72.80000000000014,0.5268013682440618
0.5,3.0,0.0,closed_33,20,1,1.0,9325.0,1472,169791.18763524387,45.300000000000374,0.5808700148900352
0.5,3.0,0.25,open_33,2,0,1.0,11150.0,2864,197387.71517781707,487.00000000004223,0.5185322823333424
0.5,3.0,0.25,open_33,2,1,0.9458896982310093,11450.0,3813,242424.00000000003,592.6000000000662,0.4162201401752933
0.5,3.0,0.25,open_33,5,0,1.0,19475.0,4809,293571.0859837176,288.8999999999972,0.436813309351748
0.5,3.0,0.25,open_33,5,1,1.0,19575.0,3384,224666.38245556923,219.7999999999918,0.4683737051055038
0.5,3.0,0.25,open_33,10,0,1.0,19925.0,3541,235651.8081078811,115.5999999999977,0.4871530068293327
0.5,3.0,0.25,open_33,10,1,1.0,19025.0,3012,206596.6423030547,101.79999999999849,0.5103803182366349
0.5,3.0,0.25,open_33,20,0,1.0,20600.0,3758,243134.09282281436,59.70000000000058,0.48937464787045865
0.5,3.0,0.25,open_33,20,1,1.0,21925.0,3710,239745.9465039922,59.30000000000057,0.4736590666037795
0.5,3.0,0.25,partial_33,2,0,0.8616352201257862,8275.0,2528,242424.00000000003,659.0000000000813,0.35624403220407663
0.5,3.0,0.25,partial_33,2,1,0.9849056603773585,3025.0,2779,242424.00000000003,622.2000000000729,0.560746936272346
0.5,3.0,0.25,partial_33,5,0,0.9987421383647799,14750.0,6987,606060.0,636.000000000076,0.362269216230365
0.5,3.0,0.25,partial_33,5,1,1.0,10825.0,3709,277482.64746881893,283.0999999999959,0.5234232738663149
0.5,3.0,0.25,partial_33,10,0,1.0,14125.0,3264,250281.89830025705,125.89999999999712,0.5157254783133279
0.5,3.0,0.25,partial_33,10,1,0.9974842767295597,13450.0,8656,1212120.0,713.7000000000937,0.3751982317962944
0.5,3.0,0.25,partial_33,20,0,1.0,16125.0,2767,219797.1053806562,55.60000000000052,0.5104642821549262
0.5,3.0,0.25,partial_33,20,1,1.0,16425.0,7499,770315.3977090023,210.09999999999235,0.4349331937182025
0.5,3.0,0.25,closed_33,2,0,0.1453287197231834,0.0,856,242424.00000000003,724.9000000000963,-0.2723072140829632
0.5,3.0,0.25,closed_33,2,1,0.4930795847750865,1875.0,2033,242424.00000000003,671.2000000000841,0.046593050592143
0.5,3.0,0.25,closed_33,5,0,0.527681660899654,2975.0,1814,606060.0,732.400000000098,0.06465325620758991
0.5,3.0,0.25,closed_33,5,1,0.7335640138408305,3100.0,2994,606060.0,726.8000000000967,0.2619744532698749
0.5,3.0,0.25,closed_33,10,0,0.9896193771626297,8575.0,3471,1212120.0,730.3000000000975,0.4095909809608226
0.5,3.0,0.25,closed_33,10,1,1.0,9750.0,2706,323709.90654955734,177.6999999999942,0.5118038471974783
0.5,3.0,0.25,closed_33,20,0,0.9826989619377162,11125.0,13082,2424240.0,731.6000000000978,0.3197691758453003
0.5,3.0,0.25,closed_33,20,1,1.0,9550.0,1794,219093.90758316545,59.500000000000576,0.5617786122041291
0.5,3.0,0.5,open_33,2,0,0.9989594172736732,11750.0,3762,242424.00000000003,606.7000000000694,0.46878391388094454
0.5,3.0,0.5,open_33,2,1,1.0,13100.0,2100,163458.77344143626,401.70000000002284,0.5332110190781357
0.5,3.0,0.5,open_33,5,0,0.9136316337148803,16725.0,10813,606060.0,612.5000000000707,0.2828723874951703
0.5,3.0,0.5,open_33,5,1,1.0,17400.0,3217,213570.53338203102,211.1999999999923,0.500829607000705
0.5,3.0,0.5,open_33,10,0,1.0,21225.0,4933,301612.99063607515,148.29999999999586,0.4479354789278959
0.5,3.0,0.5,open_33,10,1,1.0,20550.0,3593,236484.156669077,116.69999999999764,0.4785182257092371
0.5,3.0,0.5,open_33,20,0,1.0,22300.0,5405,328797.2815455296,81.29999999999966,0.4472366694746698
0.5,3.0,0.5,open_33,20,1,1.0,22475.0,5359,327920.44219767675,81.29999999999966,0.4454333147643816
0.5,3.0,0.5,partial_33,2,0,0.9761006289308176,9250.0,2689,242424.00000000003,634.7000000000758,0.4592196901630864
0.5,3.0,0.5,partial_33,2,1,0.7446540880503144,4750.0,2779,242424.00000000003,653.8000000000801,0.2811961937029802
0.5,3.0,0.5,partial_33,5,0,1.0,9500.0,2103,173547.79849437403,175.39999999999432,0.5975396435607759
0.5,3.0,0.5,partial_33,5,1,1.0,12975.0,7926,520049.5418621652,536.2000000000534,0.40755345985822916
0.5,3.0,0.5,partial_33,10,0,0.9584905660377359,14175.0,15613,1212120.0,678.4000000000857,0.31404416278585956
0.5,3.0,0.5,partial_33,10,1,1.0,17050.0,7180,500840.3744930234,257.19999999999,0.41286392790285864
0.5,3.0,0.5,partial_33,20,0,1.0,18050.0,4989,377499.3221517522,95.39999999999885,0.4462889192077799
0.5,3.0,0.5,partial_33,20,1,1.0,15500.0,4147,363533.12887288677,94.99999999999888,0.492637012433727
0.5,3.0,0.5,closed_33,2,0,0.5536332179930796,625.0,1077,242424.00000000003,710.500000000093,0.1649316778938336
0.5,3.0,0.5,closed_33,2,1,0.596885813148789,1900.0,888,242424.00000000003,707.0000000000922,0.19693660776175362
0.5,3.0,0.5,closed_33,5,0,0.6401384083044983,5300.0,1886,606060.0,718.2000000000947,0.13486148944350376
0.5,3.0,0.5,closed_33,5,1,0.6211072664359861,4025.0,2759,606060.0,729.6000000000973,0.12764018082550274
0.5,3.0,0.5,closed_33,10,0,0.6782006920415224,6550.0,7415,1212120.0,733.3000000000982,0.11283349306439219
0.5,3.0,0.5,closed_33,10,1,0.8927335640138409,8175.0,7280,1212120.0,731.8000000000978,0.298422272761256
0.5,3.0,0.5,closed_33,20,0,0.9584775086505191,11375.0,12544,2424240.0,726.9000000000967,0.2905628548024889
0.5,3.0,0.5,closed_33,20,1,1.0,12600.0,7841,1075209.442550208,301.50000000000006,0.39493994815592226
0.5,5.0,0.0,open_33,2,0,0.8730489073881373,2025.0,3958,242424.00000000003,592.3000000000661,0.4557885966276616
0.5,5.0,0.0,open_33,2,1,0.7513007284079084,3000.0,4047,242424.00000000003,593.1000000000663,0.31481363250892835
0.5,5.0,0.0,open_33,5,0,0.963579604578564,10475.0,11236,606060.0,591.2000000000659,0.4111755493233531
0.5,5.0,0.0,open_33,5,1,0.959417273673257,10375.0,11206,606060.0,592.000000000066,0.4082270080333231
0.5,5.0,0.0,open_33,10,0,1.0,16950.0,22276,1163123.7859731617,566.5000000000603,0.36214668757648705
0.5,5.0,0.0,open_33,10,1,1.0,17700.0,6725,387933.32653755206,189.49999999999352,0.47026121928860176
0.5,5.0,0.0,open_33,20,0,1.0,19350.0,5118,307356.5222108299,75.10000000000001,0.4874889099335592
0.5,5.0,0.0,open_33,20,1,1.0,19200.0,5480,325152.91123758536,79.39999999999976,0.4856361566005639
0.5,5.0,0.0,partial_33,2,0,0.5660377358490566,725.0,2419,242424.00000000003,721.5000000000955,0.15770461807816225
0.5,5.0,0.0,partial_33,2,1,0.6339622641509434,1250.0,3506,242424.00000000003,632.4000000000752,0.20835563083904493
0.5,5.0,0.0,partial_33,5,0,1.0,7150.0,2090,188945.29659133893,192.09999999999337,0.6297124417815073
0.5,5.0,0.0,partial_33,5,1,0.9987421383647799,6525.0,7057,606060.0,662.7000000000821,0.48614721194832355
0.5,5.0,0.0,partial_33,10,0,1.0,9975.0,4023,329769.0594760785,170.5999999999946,0.5596383113740847
0.5,5.0,0.0,partial_33,10,1,1.0,12300.0,11476,1083662.7416469504,578.600000000063,0.40463908557202577
0.5,5.0,0.0,partial_33,20,0,1.0,10475.0,2079,182098.63242447004,46.20000000000039,0.6140221243087788
0.5,5.0,0.0,partial_33,20,1,1.0,12600.0,8048,752443.0844800691,200.5999999999929,0.4919486939341486
0.5,5.0,0.0,closed_33,2,0,0.4411764705882353,0.0,946,242424.00000000003,710.500000000093,0.06042894537776253
0.5,5.0,0.0,closed_33,2,1,0.5553633217993079,0.0,1696,242424.00000000003,677.2000000000854,0.1586630518714723
0.5,5.0,0.0,closed_33,5,0,0.8062283737024222,1850.0,2962,606060.0,732.700000000098,0.36415742172586885
0.5,5.0,0.0,closed_33,5,1,0.773356401384083,1500.0,1560,606060.0,730.1000000000975,0.3645862319252856
0.5,5.0,0.0,closed_33,10,0,0.9844290657439446,6100.0,7679,1212120.0,734.5000000000985,0.4340369489687431
0.5,5.0,0.0,closed_33,10,1,1.0,7775.0,1586,240465.16084247595,133.19999999999672,0.5900552445748549
0.5,5.0,0.0,closed_33,20,0,1.0,8050.0,1370,154849.91954686353,41.100000000000314,0.6126598624354873
0.5,5.0,0.0,closed_33,20,1,0.9896193771626297,7700.0,5627,2424240.0,732.9000000000981,0.4129952251975504
0.5,5.0,0.25,open_33,2,0,0.9958376690946931,10000.0,3875,242424.00000000003,596.000000000067,0.4859396882195163
0.5,5.0,0.25,open_33,2,1,0.951092611862643,9775.0,3892,242424.00000000003,595.4000000000668,0.4416414965164511
0.5,5.0,0.25,open_33,5,0,0.9750260145681582,13625.0,11230,606060.0,592.8000000000662,0.3835497709863702
0.5,5.0,0.25,open_33,5,1,1.0,17250.0,2921,197113.62573437602,193.5999999999933,0.5118864235541813
0.5,5.0,0.25,open_33,10,0,1.0,18775.0,3950,247813.926497075,121.69999999999736,0.4947304707289094
0.5,5.0,0.25,open_33,10,1,1.0,17200.0,3144,211509.0053338129,104.09999999999836,0.5302503020370513
0.5,5.0,0.25,open_33,20,0,1.0,19100.0,3112,205500.97825855576,50.50000000000045,0.5200372000752682
0.5,5.0,0.25,open_33,20,1,1.0,21125.0,4031,253249.82281072112,61.90000000000061,0.478875199023702
0.5,5.0,0.25,partial_33,2,0,0.9647798742138365,2350.0,2138,242424.00000000003,669.1000000000836,0.5640719932740846
0.5,5.0,0.25,partial_33,2,1,1.0,4950.0,1507,137195.3527897132,343.20000000000954,0.6471429331340173
0.5,5.0,0.25,partial_33,5,0,1.0,5700.0,1838,200697.3311055397,212.19999999999223,0.6567104386179894
0.5,5.0,0.25,partial_33,5,1,0.9949685534591195,10600.0,6074,606060.0,699.8000000000906,0.4250907514036043
0.5,5.0,0.25,partial_33,10,0,1.0,12400.0,2540,226295.06380937924,116.09999999999768,0.5573775761536662
0.5,5.0,0.25,partial_33,10,1,0.9836477987421384,11275.0,9211,1212120.0,721.9000000000956,0.3924911085558632
0.5,5.0,0.25,partial_33,20,0,1.0,11925.0,2318,211499.67896109447,54.500000000000504,0.5840123300490254
0.5,5.0,0.25,partial_33,20,1,1.0,11400.0,2668,232148.25085343095,59.80000000000058,0.5829632690229746
0.5,5.0,0.25,closed_33,2,0,0.22145328719723184,0.0,1373,242424.00000000003,723.4000000000959,-0.19740821254368165
0.5,5.0,0.25,closed_33,2,1,0.29411764705882354,0.0,826,242424.00000000003,732.2000000000979,-0.09912197810851248
0.5,5.0,0.25,closed_33,5,0,0.6695501730103807,2450.0,2469,606060.0,726.0000000000965,0.21489193716702368
0.5,5.0,0.25,closed_33,5,1,0.49653979238754326,2200.0,2555,606060.0,733.1000000000981,0.03671617396113283
0.5,5.0,0.25,closed_33,10,0,1.0,8550.0,1845,235449.40139737353,128.99999999999696,0.5659977777305618
0.5,5.0,0.25,closed_33,10,1,0.9896193771626297,6175.0,3777,1212120.0,730.3000000000975,0.4564315871931033
0.5,5.0,0.25,closed_33,20,0,0.9602076124567474,9075.0,11619,2424240.0,730.9000000000976,0.34103155153769005
0.5,5.0,0.25,closed_33,20,1,1.0,9250.0,1850,195828.64826443372,51.90000000000047,0.567707146168631
0.5,5.0,0.5,open_33,2,0,0.8220603537981269,7550.0,4131,242424.00000000003,591.4000000000659,0.3315000572462645
0.5,5.0,0.5,open_33,2,1,0.9979188345473465,9525.0,3872,242424.00000000003,595.6000000000669,0.4940886720846661
0.5,5.0,0.5,open_33,5,0,1.0,14175.0,2897,194952.6417710937,192.79999999999333,0.5512609570907825
0.5,5.0,0.5,open_33,5,1,1.0,18000.0,3018,201925.37789021397,199.69999999999294,0.4995639253923684
0.5,5.0,0.5,open_33,10,0,1.0,19075.0,3812,246010.0613157926,120.9999999999974,0.4928966483819591
0.5,5.0,0.5,open_33,10,1,1.0,19825.0,3140,209164.73944673268,103.3999999999984,0.49781980654441954
0.5,5.0,0.5,open_33,20,0,1.0,21725.0,5258,310946.84707129234,77.39999999999988,0.4565507504407346
0.5,5.0,0.5,open_33,20,1,1.0,21875.0,4607,286411.91932779923,70.80000000000025,0.4615596576552673
0.5,5.0,0.5,partial_33,2,0,0.9987421383647799,950.0,2469,242424.00000000003,647.5000000000787,0.6129583777452678
0.5,5.0,0.5,partial_33,2,1,0.8176100628930818,3275.0,2814,242424.00000000003,640.200000000077,0.38002495872490205
0.5,5.0,0.5,partial_33,5,0,0.9974842767295597,12800.0,6984,606060.0,686.9000000000876,0.3904224869926345
0.5,5.0,0.5,partial_33,5,1,1.0,10975.0,2027,174529.3559188319,176.49999999999426,0.5772579465876972
0.5,5.0,0.5,partial_33,10,0,1.0,12875.0,3455,274340.8841588483,141.39999999999625,0.5290857030293967
0.5,5.0,0.5,partial_33,10,1,1.0,12700.0,2716,264895.64512395766,139.69999999999635,0.5446644890350701
0.5,5.0,0.5,partial_33,20,0,1.0,16975.0,4434,349050.0394398379,90.09999999999916,0.46858701474865133
0.5,5.0,0.5,partial_33,20,1,1.0,15050.0,2702,215373.66288812738,54.90000000000051,0.5281988105126788
0.5,5.0,0.5,closed_33,2,0,0.11764705882352941,0.0,621,242424.00000000003,731.1000000000977,-0.2971892578995798
0.5,5.0,0.5,closed_33,2,1,0.40484429065743943,625.0,747,242424.00000000003,729.2000000000972,0.018983700693805144
0.5,5.0,0.5,closed_33,5,0,0.5899653979238755,4000.0,2242,606060.0,725.6000000000964,0.10208108111728667
0.5,5.0,0.5,closed_33,5,1,0.6833910034602076,4275.0,1653,606060.0,724.9000000000963,0.20805356188124766
0.5,5.0,0.5,closed_33,10,0,1.0,10400.0,1838,210982.72121078754,113.79999999999781,0.530712435408422
0.5,5.0,0.5,closed_33,10,1,0.7820069204152249,5675.0,3312,1212120.0,733.6000000000982,0.2557679115487749
0.5,5.0,0.5,closed_33,20,0,1.0,11125.0,2085,275245.15995869227,76.09999999999995,0.5177456338364291
0.5,5.0,0.5,closed_33,20,1,1.0,10200.0,1947,203449.7716120095,54.500000000000504,0.5447863337636032
0.5,8.0,0.0,open_33,2,0,0.6930280957336108,2425.0,4192,242424.00000000003,595.3000000000668,0.25943073018195884
0.5,8.0,0.0,open_33,2,1,0.8407908428720083,2250.0,4069,242424.00000000003,594.9000000000667,0.41795335089424845
0.5,8.0,0.0,open_33,5,0,1.0,14300.0,6679,379265.10838554666,371.3000000000159,0.4687799983664085
0.5,8.0,0.0,open_33,5,1,1.0,11775.0,7142,403038.9489107642,394.5000000000212,0.4924873635867234
0.5,8.0,0.0,open_33,10,0,1.0,17075.0,6947,391524.30563656916,191.6999999999934,0.4765846589528048
0.5,8.0,0.0,open_33,10,1,1.0,15475.0,5889,342698.0586909114,167.69999999999476,0.50801315279644
0.5,8.0,0.0,open_33,20,0,1.0,17100.0,4669,283238.041549386,69.40000000000033,0.520803956314462
0.5,8.0,0.0,open_33,20,1,1.0,18125.0,6130,357342.343699289,87.5999999999993,0.49303875881542436
0.5,8.0,0.0,partial_33,2,0,0.7371069182389937,775.0,1860,242424.00000000003,700.3000000000907,0.3528368053948515
0.5,8.0,0.0,partial_33,2,1,0.7748427672955975,550.0,2430,242424.00000000003,666.8000000000831,0.3827661668531849
0.5,8.0,0.0,partial_33,5,0,0.9056603773584906,6225.0,4886,606060.0,706.200000000092,0.4057838150349543
0.5,8.0,0.0,partial_33,5,1,0.9320754716981132,2725.0,5282,606060.0,708.7000000000926,0.4834074691321284
0.5,8.0,0.0,partial_33,10,0,0.9421383647798742,9450.0,8827,1212120.0,727.0000000000967,0.37851732318216924
0.5,8.0,0.0,partial_33,10,1,0.9811320754716981,10800.0,11212,1212120.0,703.2000000000913,0.39318177177517366
0.5,8.0,0.0,partial_33,20,0,1.0,13400.0,2753,249756.86733733257,63.90000000000064,0.5500754570567085
0.5,8.0,0.0,partial_33,20,1,0.9823899371069182,13950.0,19559,2424240.0,725.4000000000964,0.33889862896792267
0.5,8.0,0.0,closed_33,2,0,0.4342560553633218,0.0,997,242424.00000000003,723.600000000096,0.050148149380415785
0.5,8.0,0.0,closed_33,2,1,0.39792387543252594,0.0,2939,242424.00000000003,701.900000000091,-0.02474713890778471
0.5,8.0,0.0,closed_33,5,0,0.42560553633217996,925.0,1598,606060.0,731.2000000000977,0.001978631612570142
0.5,8.0,0.0,closed_33,5,1,0.8667820069204152,1525.0,1657,606060.0,732.2000000000979,0.4603244848794521
0.5,8.0,0.0,closed_33,10,0,0.9359861591695502,6300.0,4988,1212120.0,730.5000000000975,0.39010018059333995
0.5,8.0,0.0,closed_33,10,1,0.773356401384083,5675.0,4143,1212120.0,731.4000000000977,0.24030757400999617
0.5,8.0,0.0,closed_33,20,0,1.0,7025.0,2349,380584.943591482,107.79999999999815,0.5907172511459993
0.5,8.0,0.0,closed_33,20,1,0.9463667820069204,6775.0,6341,2424240.0,732.9000000000981,0.3850889399279558
0.5,8.0,0.25,open_33,2,0,0.6201873048907388,2875.0,4306,242424.00000000003,593.4000000000664,0.17631766458875617
0.5,8.0,0.25,open_33,2,1,0.7200832466181062,5950.0,4229,242424.00000000003,593.9000000000665,0.2435277429636377
0.5,8.0,0.25,open_33,5,0,1.0,14925.0,5685,328944.72328811,322.3000000000048,0.4786125393094114
0.5,8.0,0.25,open_33,5,1,1.0,17500.0,4495,268032.19000283035,263.19999999999135,0.47043746739721604
0.5,8.0,0.25,open_33,10,0,1.0,17775.0,3464,223365.02626840072,109.69999999999804,0.516578554599377
0.5,8.0,0.25,open_33,10,1,1.0,17025.0,2669,179955.894074545,88.39999999999925,0.5453856711261034
0.5,8.0,0.25,open_33,20,0,1.0,18875.0,4328,263962.1677299901,64.8000000000006,0.5030896099790648
0.5,8.0,0.25,open_33,20,1,1.0,18825.0,3663,228520.8551145913,56.10000000000053,0.5136649301397849
0.5,8.0,0.25,partial_33,2,0,0.8805031446540881,1575.0,1313,242424.00000000003,705.7000000000919,0.5166070229045793
0.5,8.0,0.25,partial_33,2,1,0.4025157232704403,175.0,1051,242424.00000000003,725.9000000000965,0.02545165123010798
0.5,8.0,0.25,partial_33,5,0,0.9974842767295597,8075.0,5389,606060.0,711.1000000000931,0.4696357315178238
0.5,8.0,0.25,partial_33,5,1,0.9861635220125786,4300.0,5061,606060.0,726.0000000000965,0.5170529381488594
0.5,8.0,0.25,partial_33,10,0,0.989937106918239,9750.0,8398,1212120.0,727.2000000000968,0.4240278048819456
0.5,8.0,0.25,partial_33,10,1,0.9987421383647799,12500.0,8349,1212120.0,719.7000000000951,0.3916711665635989
0.5,8.0,0.25,partial_33,20,0,1.0,12900.0,2640,241949.50326175895,62.40000000000062,0.5602991609595527
0.5,8.0,0.25,partial_33,20,1,0.989937106918239,13925.0,13871,2424240.0,724.4000000000962,0.3514112284188513
0.5,8.0,0.25,closed_33,2,0,0.22145328719723184,0.0,538,242424.00000000003,731.3000000000977,-0.16533349958955496
0.5,8.0,0.25,closed_33,2,1,0.29411764705882354,75.0,936,242424.00000000003,728.4000000000971,-0.10577177507885757
0.5,8.0,0.25,closed_33,5,0,0.4688581314878893,1225.0,2640,606060.0,732.600000000098,0.026909707982990444
0.5,8.0,0.25,closed_33,5,1,0.7577854671280276,2800.0,2235,606060.0,731.1000000000977,0.30436778395255903
0.5,8.0,0.25,closed_33,10,0,1.0,9050.0,2073,264296.42135776253,144.79999999999606,0.5460246511202735
0.5,8.0,0.25,closed_33,10,1,0.7975778546712803,6400.0,4483,1212120.0,729.2000000000972,0.2482347388793705
0.5,8.0,0.25,closed_33,20,0,0.9446366782006921,7950.0,6217,2424240.0,733.4000000000982,0.3593603513429332
0.5,8.0,0.25,closed_33,20,1,0.9602076124567474,7550.0,7207,2424240.0,733.1000000000981,0.38046642021516497
0.5,8.0,0.5,open_33,2,0,1.0,8825.0,3444,217112.64601685913,534.400000000053,0.525887562476891
0.5,8.0,0.5,open_33,2,1,0.9531737773152965,9000.0,4066,242424.00000000003,596.5000000000671,0.45150496928264205
0.5,8.0,0.5,open_33,5,0,1.0,16300.0,2467,171533.46857729228,169.09999999999468,0.5396813514235368
0.5,8.0,0.5,open_33,5,1,1.0,15875.0,3110,205635.847958697,203.6999999999927,0.523577045368095
0.5,8.0,0.5,open_33,10,0,1.0,17200.0,2904,191430.81817153213,95.19999999999887,0.537004026741038
0.5,8.0,0.5,open_33,10,1,1.0,16500.0,2254,160414.86314290343,79.59999999999975,0.5645219024564497
0.5,8.0,0.5,open_33,20,0,1.0,19425.0,3110,200521.86613327404,49.80000000000044,0.5163103741951106
0.5,8.0,0.5,open_33,20,1,1.0,19650.0,3564,234801.9838925558,57.90000000000055,0.5043530014505774
0.5,8.0,0.5,partial_33,2,0,0.5987421383647799,2250.0,2008,242424.00000000003,693.8000000000892,0.17782335247470601
0.5,8.0,0.5,partial_33,2,1,0.38742138364779877,275.0,822,242424.00000000003,725.4000000000964,0.020595907311552697
0.5,8.0,0.5,partial_33,5,0,0.9471698113207547,5575.0,5492,606060.0,724.7000000000962,0.45474736183076436
0.5,8.0,0.5,partial_33,5,1,1.0,10575.0,2429,229865.44529510534,237.2999999999908,0.5595691327095875
0.5,8.0,0.5,partial_33,10,0,1.0,13150.0,3034,265168.8295096664,136.39999999999654,0.5321979204504526
0.5,8.0,0.5,partial_33,10,1,1.0,9000.0,2043,191436.30447823554,98.59999999999867,0.6253761492680084
0.5,8.0,0.5,partial_33,20,0,1.0,13650.0,2825,238550.9362064344,61.2000000000006,0.5456325678888551
0.5,8.0,0.5,partial_33,20,1,1.0,11975.0,2223,191507.0814490323,49.000000000000426,0.5868604862689722
0.5,8.0,0.5,closed_33,2,0,0.3685121107266436,775.0,1531,242424.00000000003,720.0000000000952,-0.05538239085884403
0.5,8.0,0.5,closed_33,2,1,0.356401384083045,600.0,808,242424.00000000003,728.8000000000972,-0.03955306220411356
0.5,8.0,0.5,closed_33,5,0,0.3373702422145329,1400.0,2426,606060.0,731.1000000000977,-0.1138202208788596
0.5,8.0,0.5,closed_33,5,1,0.5207612456747405,1925.0,2285,606060.0,731.5000000000978,0.0712701968099009
0.5,8.0,0.5,closed_33,10,0,0.7301038062283737,4425.0,3721,1212120.0,733.5000000000982,0.2243484166536515
0.5,8.0,0.5,closed_33,10,1,0.9584775086505191,6175.0,3930,1212120.0,732.300000000098,0.42289749259274123
0.5,8.0,0.5,closed_33,20,0,1.0,9700.0,1811,193892.9436454447,52.00000000000047,0.5596457880834719
0.5,8.0,0.5,closed_33,20,1,1.0,8800.0,1673,216154.62005172763,59.70000000000058,0.5814542424360731
1.0,3.0,0.0,open_33,2,0,0.9157127991675338,9175.0,3812,242424.00000000003,588.5000000000653,0.41296618120924644
1.0,3.0,0.0,open_33,2,1,0.9011446409989594,10700.0,3752,242424.00000000003,587.8000000000651,0.379347494892602
1.0,3.0,0.0,open_33,5,0,0.951092611862643,15625.0,10849,606060.0,586.8000000000649,0.33484928623703514
1.0,3.0,0.0,open_33,5,1,0.9750260145681582,15900.0,10728,606060.0,587.8000000000651,0.3561361141874636
1.0,3.0,0.0,open_33,10,0,1.0,19300.0,4352,277759.19794454006,134.89999999999662,0.4801644979041695
1.0,3.0,0.0,open_33,10,1,1.0,18975.0,4941,306589.20999447885,148.79999999999583,0.4753719106761965
1.0,3.0,0.0,open_33,20,0,1.0,19025.0,3254,217785.78697100095,53.00000000000048,0.5178571239752885
1.0,3.0,0.0,open_33,20,1,1.0,18650.0,3712,244516.9396212548,59.500000000000576,0.5142432796732866
1.0,3.0,0.0,partial_33,2,0,0.45534591194968554,1700.0,1029,242424.00000000003,711.9000000000933,0.06331441868736876
1.0,3.0,0.0,partial_33,2,1,0.6742138364779874,4625.0,3484,242424.00000000003,601.9000000000683,0.19995807127882595
1.0,3.0,0.0,partial_33,5,0,0.9924528301886792,10250.0,7605,606060.0,680.0000000000861,0.42149011797884983
1.0,3.0,0.0,partial_33,5,1,1.0,11050.0,3009,228217.3504839962,226.9999999999914,0.5415128517958834
1.0,3.0,0.0,partial_33,10,0,0.9974842767295597,14000.0,11772,1212120.0,714.4000000000939,0.3606526231312063
1.0,3.0,0.0,partial_33,10,1,1.0,13725.0,3195,258326.98177547334,130.1999999999969,0.5218206286572308
1.0,3.0,0.0,partial_33,20,0,1.0,15650.0,2535,208376.82760944264,52.500000000000476,0.5229794081330876
1.0,3.0,0.0,partial_33,20,1,1.0,14575.0,2426,194199.8484987202,48.60000000000042,0.5424742416605638
1.0,3.0,0.0,closed_33,2,0,0.6418685121107266,0.0,1167,242424.00000000003,692.900000000089,0.26979077767928605
1.0,3.0,0.0,closed_33,2,1,0.4290657439446367,1475.0,675,242424.00000000003,716.9000000000945,0.0346051793563856
1.0,3.0,0.0,closed_33,5,0,0.6608996539792388,1425.0,2115,606060.0,728.100000000097,0.23276550853719588
1.0,3.0,0.0,closed_33,5,1,0.9550173010380623,4925.0,1923,606060.0,720.3000000000952,0.4752328125546118
1.0,3.0,0.0,closed_33,10,0,0.9844290657439446,6575.0,4586,1212120.0,728.6000000000971,0.43659291304433756
1.0,3.0,0.0,closed_33,10,1,0.9463667820069204,6300.0,6792,1212120.0,725.4000000000964,0.393486484361277
1.0,3.0,0.0,closed_33,20,0,1.0,9500.0,1789,186964.1729111746,49.10000000000043,0.564885494020005
1.0,3.0,0.0,closed_33,20,1,1.0,10125.0,1782,186237.74267069623,49.20000000000043,0.5521702872169668
1.0,3.0,0.25,open_33,2,0,0.8158168574401665,9575.0,3851,242424.00000000003,586.7000000000648,0.30255379431035856
1.0,3.0,0.25,open_33,2,1,0.7679500520291364,7200.0,3992,242424.00000000003,587.7000000000651,0.28040687102371886
1.0,3.0,0.25,open_33,5,0,1.0,19325.0,5293,323334.1584956153,314.400000000003,0.4277259778905996
1.0,3.0,0.25,open_33,5,1,1.0,17800.0,4981,306233.6261982762,297.59999999999917,0.4532647929262021
1.0,3.0,0.25,open_33,10,0,1.0,20200.0,3782,247840.60741136293,120.79999999999741,0.47901269227966503
1.0,3.0,0.25,open_33,10,1,1.0,20575.0,9353,535179.6610759373,259.4999999999905,0.407256782663657
1.0,3.0,0.25,open_33,20,0,1.0,21425.0,4168,262358.6476560994,64.00000000000064,0.47304375015594025
1.0,3.0,0.25,open_33,20,1,1.0,21725.0,3994,256983.76486829342,62.80000000000062,0.47159177148713394
1.0,3.0,0.25,partial_33,2,0,0.6893081761006289,1900.0,3350,242424.00000000003,616.7000000000717,0.2583599609755257
1.0,3.0,0.25,partial_33,2,1,0.9937106918238994,4050.0,2809,242424.00000000003,642.7000000000776,0.5539857973592711
1.0,3.0,0.25,partial_33,5,0,0.9987421383647799,12250.0,6924,606060.0,673.8000000000847,0.40025495139734335
1.0,3.0,0.25,partial_33,5,1,1.0,12025.0,3210,261554.6075316557,264.2999999999916,0.5157038840365336
1.0,3.0,0.25,partial_33,10,0,0.989937106918239,13325.0,12352,1212120.0,686.5000000000875,0.3623299910663327
1.0,3.0,0.25,partial_33,10,1,1.0,14175.0,2486,209647.16554195108,106.09999999999825,0.5337460096391985
1.0,3.0,0.25,partial_33,20,0,1.0,16525.0,3916,293322.2963719275,73.80000000000008,0.48371509411389385
1.0,3.0,0.25,partial_33,20,1,1.0,17475.0,3474,287841.4726493177,73.30000000000011,0.47494372828227327
1.0,3.0,0.25,closed_33,2,0,0.5501730103806228,75.0,791,242424.00000000003,713.4000000000937,0.19019491705520766
1.0,3.0,0.25,closed_33,2,1,0.3304498269896194,600.0,854,242424.00000000003,730.3000000000975,-0.07161882897450189
1.0,3.0,0.25,closed_33,5,0,0.5467128027681661,3975.0,2244,606060.0,725.5000000000964,0.056773656766628294
1.0,3.0,0.25,closed_33,5,1,0.972318339100346,6475.0,3556,606060.0,724.5000000000962,0.434387033865818
1.0,3.0,0.25,closed_33,10,0,0.9636678200692042,8875.0,4327,1212120.0,729.4000000000973,0.36918107947519707
1.0,3.0,0.25,closed_33,10,1,1.0,9250.0,2424,269556.4565885954,144.79999999999606,0.5335977933147741
1.0,3.0,0.25,closed_33,20,0,0.9826989619377162,9900.0,11548,2424240.0,731.9000000000979,0.3467822328537833
1.0,3.0,0.25,closed_33,20,1,1.0,10350.0,2360,324087.3063350278,89.69999999999918,0.5248306272743789
1.0,3.0,0.5,open_33,2,0,0.8043704474505723,8450.0,3862,242424.00000000003,587.300000000065,0.30444327701614304
1.0,3.0,0.5,open_33,2,1,1.0,14500.0,2726,194376.4949816457,474.9000000000395,0.48131614825320124
1.0,3.0,0.5,open_33,5,0,1.0,19000.0,5574,336972.3114797268,329.10000000000633,0.42655162071273167
1.0,3.0,0.5,open_33,5,1,1.0,19375.0,4430,281599.4198353775,276.1999999999943,0.4444279395407613
1.0,3.0,0.5,open_33,10,0,1.0,20625.0,6094,360557.598851494,175.19999999999433,0.4403539200818021
1.0,3.0,0.5,open_33,10,1,1.0,21000.0,3964,255118.1821044155,124.89999999999718,0.46590961026259403
1.0,3.0,0.5,open_33,20,0,1.0,22475.0,6557,391936.10471348977,95.99999999999882,0.43434992066856015
1.0,3.0,0.5,open_33,20,1,1.0,22700.0,5709,352344.15140660945,86.49999999999936,0.43877479363927174
1.0,3.0,0.5,partial_33,2,0,0.8037735849056604,3475.0,3782,242424.00000000003,594.6000000000666,0.350237540763376
1.0,3.0,0.5,partial_33,2,1,1.0,7575.0,2284,191263.21378841228,480.40000000004073,0.5491594795370929
1.0,3.0,0.5,partial_33,5,0,1.0,13725.0,5516,407128.5984448792,414.8000000000258,0.4335889339791765
1.0,3.0,0.5,partial_33,5,1,0.8855345911949686,7525.0,8143,606060.0,635.3000000000759,0.35137774024240176
1.0,3.0,0.5,partial_33,10,0,1.0,16550.0,2808,231987.5381931595,117.19999999999762,0.4887383076006928
1.0,3.0,0.5,partial_33,10,1,0.9119496855345912,12000.0,8475,1212120.0,719.400000000095,0.3100144699662748
1.0,3.0,0.5,partial_33,20,0,1.0,16900.0,5185,369566.98036009027,93.29999999999897,0.4627685489213279
1.0,3.0,0.5,partial_33,20,1,1.0,17225.0,4747,343916.1107791411,86.19999999999938,0.46254331665426235
1.0,3.0,0.5,closed_33,2,0,0.8114186851211073,1275.0,1299,242424.00000000003,697.7000000000901,0.42008510040516955
1.0,3.0,0.5,closed_33,2,1,0.2491349480968858,650.0,2689,242424.00000000003,730.9000000000976,-0.1935554532299275
1.0,3.0,0.5,closed_33,5,0,0.7560553633217993,6825.0,2245,606060.0,716.8000000000944,0.21879684891458887
1.0,3.0,0.5,closed_33,5,1,0.7906574394463668,7000.0,4295,606060.0,730.1000000000975,0.22973528537974905
1.0,3.0,0.5,closed_33,10,0,0.8356401384083045,7400.0,6905,1212120.0,727.900000000097,0.2571753617314735
1.0,3.0,0.5,closed_33,10,1,0.8391003460207612,8875.0,6815,1212120.0,729.8000000000974,0.23033135306231003
1.0,3.0,0.5,closed_33,20,0,0.9982698961937716,11250.0,11723,2424240.0,731.2000000000977,0.33433460864020403
1.0,3.0,0.5,closed_33,20,1,1.0,11725.0,3095,294824.1695091082,78.49999999999982,0.48621713577162445
1.0,5.0,0.0,open_33,2,0,0.850156087408949,5625.0,3920,242424.00000000003,587.9000000000651,0.3872139175504955
1.0,5.0,0.0,open_33,2,1,0.7429760665972945,3475.0,4086,242424.00000000003,587.400000000065,0.29976432246502493
1.0,5.0,0.0,open_33,5,0,0.8740894901144641,9900.0,11183,606060.0,587.400000000065,0.326983644780656
1.0,5.0,0.0,open_33,5,1,1.0,17425.0,5115,312368.8968235856,303.4000000000005,0.45541513665929867
1.0,5.0,0.0,open_33,10,0,1.0,18300.0,7147,410438.9210683862,199.29999999999296,0.4581348203936322
1.0,5.0,0.0,open_33,10,1,0.9521331945889698,17100.0,23355,1212120.0,587.600000000065,0.30547143428200585
1.0,5.0,0.0,open_33,20,0,1.0,19575.0,4210,265252.18051863834,64.6000000000006,0.49551573191070747
1.0,5.0,0.0,open_33,20,1,1.0,19900.0,6871,399259.7340409672,96.89999999999877,0.46453011628371754
1.0,5.0,0.0,partial_33,2,0,0.9484276729559749,1750.0,3003,242424.00000000003,623.3000000000732,0.5377757466286551
1.0,5.0,0.0,partial_33,2,1,0.9471698113207547,3075.0,3070,242424.00000000003,603.6000000000687,0.5153999926517805
1.0,5.0,0.0,partial_33,5,0,0.989937106918239,6475.0,3701,606060.0,717.0000000000945,0.5003637652888485
1.0,5.0,0.0,partial_33,5,1,1.0,8575.0,6466,579053.2418057946,602.8000000000685,0.46540492575944126
1.0,5.0,0.0,partial_33,10,0,0.9949685534591195,13525.0,13434,1212120.0,725.3000000000964,0.36305506368523244
1.0,5.0,0.0,partial_33,10,1,0.9849056603773585,10000.0,10656,1212120.0,723.2000000000959,0.4100528315082299
1.0,5.0,0.0,partial_33,20,0,1.0,14650.0,2852,242900.03619076824,61.1000000000006,0.5297913323004615
1.0,5.0,0.0,partial_33,20,1,1.0,15025.0,2445,205190.6909987484,51.40000000000046,0.5345927007162895
1.0,5.0,0.0,closed_33,2,0,0.5432525951557093,75.0,635,242424.00000000003,722.3000000000957,0.19651343873982166
1.0,5.0,0.0,closed_33,2,1,0.45501730103806226,1225.0,827,242424.00000000003,716.8000000000944,0.05752565174297816
1.0,5.0,0.0,closed_33,5,0,0.745674740484429,2175.0,1625,606060.0,727.5000000000969,0.31896369175578987
1.0,5.0,0.0,closed_33,5,1,0.596885813148789,3175.0,1842,606060.0,734.8000000000985,0.13384951656770197
1.0,5.0,0.0,closed_33,10,0,0.8771626297577855,3075.0,3047,1212120.0,730.2000000000975,0.4116742034847858
1.0,5.0,0.0,closed_33,10,1,0.7837370242214533,5500.0,5102,1212120.0,731.6000000000978,0.24957017501058068
1.0,5.0,0.0,closed_33,20,0,0.9498269896193772,9125.0,13112,2424240.0,731.4000000000977,0.3279923968249586
1.0,5.0,0.0,closed_33,20,1,1.0,9650.0,2391,318908.2993951645,87.4999999999993,0.5390558435944041
1.0,5.0,0.25,open_33,2,0,0.7117585848074922,6350.0,4126,242424.00000000003,588.1000000000652,0.2306828592780726
1.0,5.0,0.25,open_33,2,1,0.899063475546306,10150.0,3913,242424.00000000003,589.6000000000655,0.3821360508485361
1.0,5.0,0.25,open_33,5,0,1.0,16800.0,4410,273315.25020798587,266.5999999999921,0.47875547769158716
1.0,5.0,0.25,open_33,5,1,1.0,14925.0,5276,315545.4259267435,307.20000000000135,0.484650711554751
1.0,5.0,0.25,open_33,10,0,1.0,20125.0,3683,236046.19554639352,115.19999999999773,0.48265050851978636
1.0,5.0,0.25,open_33,10,1,1.0,19200.0,5298,316538.8495125249,154.19999999999553,0.46859049375997325
1.0,5.0,0.25,open_33,20,0,1.0,21175.0,3790,243757.19016115274,59.60000000000058,0.4817460104950008
1.0,5.0,0.25,open_33,20,1,1.0,20600.0,3514,228209.87225180445,55.70000000000052,0.4935950125717607
1.0,5.0,0.25,partial_33,2,0,1.0,8300.0,2088,186606.48784704608,470.00000000003837,0.5462568310130429
1.0,5.0,0.25,partial_33,2,1,0.8477987421383648,725.0,1781,242424.00000000003,717.2000000000945,0.47477342692575375
1.0,5.0,0.25,partial_33,5,0,0.9924528301886792,8550.0,6894,606060.0,682.6000000000867,0.4497600599870496
1.0,5.0,0.25,partial_33,5,1,0.9622641509433962,8325.0,5033,606060.0,700.4000000000907,0.4317419438351835
1.0,5.0,0.25,partial_33,10,0,0.9949685534591195,11800.0,9861,1212120.0,717.4000000000946,0.39468840803904104
1.0,5.0,0.25,partial_33,10,1,0.9974842767295597,13875.0,13132,1212120.0,709.4000000000927,0.3606902506313773
1.0,5.0,0.25,partial_33,20,0,1.0,16675.0,3908,320145.2058758619,81.89999999999962,0.4799388604910107
1.0,5.0,0.25,partial_33,20,1,1.0,13925.0,2366,204883.08106694696,51.700000000000465,0.5530544983402541
1.0,5.0,0.25,closed_33,2,0,0.5449826989619377,0.0,960,242424.00000000003,719.100000000095,0.17465590157631686
1.0,5.0,0.25,closed_33,2,1,0.3079584775086505,425.0,774,242424.00000000003,731.0000000000977,-0.08921705937276875
1.0,5.0,0.25,closed_33,5,0,0.9480968858131488,2400.0,1928,606060.0,728.9000000000972,0.5202228669351107
1.0,5.0,0.25,closed_33,5,1,0.9065743944636678,3300.0,2012,606060.0,730.1000000000975,0.4556052209960497
1.0,5.0,0.25,closed_33,10,0,0.9792387543252595,7300.0,4028,1212120.0,728.9000000000972,0.42019847026452595
1.0,5.0,0.25,closed_33,10,1,0.9896193771626297,6625.0,3259,1212120.0,731.3000000000977,0.45242416250360895
1.0,5.0,0.25,closed_33,20,0,0.9930795847750865,9400.0,6813,2424240.0,732.500000000098,0.3767906534058424
1.0,5.0,0.25,closed_33,20,1,0.9982698961937716,9675.0,10672,2424240.0,733.2000000000982,0.3683484343381678
1.0,5.0,0.5,open_33,2,0,0.8563995837669095,11975.0,3984,242424.00000000003,589.0000000000654,0.31378599776316685
1.0,5.0,0.5,open_33,2,1,0.7242455775234131,8700.0,4092,242424.00000000003,588.3000000000652,0.21477331900684768
1.0,5.0,0.5,open_33,5,0,1.0,17925.0,4528,276085.3050445685,269.6999999999928,0.4628934870058299
1.0,5.0,0.5,open_33,5,1,1.0,19225.0,3967,250830.19951503235,244.99999999999037,0.4586587427690154
1.0,5.0,0.5,open_33,10,0,1.0,20200.0,3687,238536.1853150213,116.69999999999764,0.48136383477056965
1.0,5.0,0.5,open_33,10,1,1.0,18725.0,3142,214907.47675448144,105.59999999999827,0.5108368874116741
1.0,5.0,0.5,open_33,20,0,1.0,20900.0,5032,315920.08029301045,77.29999999999988,0.46830438577398376
1.0,5.0,0.5,open_33,20,1,1.0,22075.0,4769,297584.5302242036,73.10000000000012,0.45693267593141207
1.0,5.0,0.5,partial_33,2,0,1.0,7250.0,2042,176325.06512532115,441.30000000003184,0.5695732584952777
1.0,5.0,0.5,partial_33,2,1,0.7157232704402515,3825.0,2093,242424.00000000003,679.700000000086,0.277667695196153
1.0,5.0,0.5,partial_33,5,0,1.0,11750.0,2814,245075.31964921346,250.79999999999004,0.5303166212044821
1.0,5.0,0.5,partial_33,5,1,1.0,12350.0,2901,283736.3505254192,295.8999999999988,0.5104902286071421
1.0,5.0,0.5,partial_33,10,0,1.0,13875.0,2728,249569.34640165675,127.79999999999701,0.5285236455547626
1.0,5.0,0.5,partial_33,10,1,0.9735849056603774,11300.0,13219,1212120.0,708.3000000000925,0.3751684347714438
1.0,5.0,0.5,partial_33,20,0,1.0,17075.0,3930,303844.66713672085,77.19999999999989,0.4746362452319276
1.0,5.0,0.5,partial_33,20,1,1.0,15150.0,2943,234534.8288799841,59.60000000000058,0.5211505472099031
1.0,5.0,0.5,closed_33,2,0,0.6003460207612457,75.0,1344,242424.00000000003,718.5000000000948,0.2159056892779491
1.0,5.0,0.5,closed_33,2,1,0.23183391003460208,500.0,1217,242424.00000000003,710.2000000000929,-0.19323542075572483
1.0,5.0,0.5,closed_33,5,0,0.5467128027681661,3600.0,1760,606060.0,731.7000000000978,0.07319261377904904
1.0,5.0,0.5,closed_33,5,1,0.39273356401384085,1375.0,1513,606060.0,732.500000000098,-0.04111966219888899
1.0,5.0,0.5,closed_33,10,0,0.9740484429065744,4725.0,5153,1212120.0,734.4000000000984,0.46105574805835836
1.0,5.0,0.5,closed_33,10,1,0.8356401384083045,6900.0,4849,1212120.0,726.8000000000967,0.27511864269412223
1.0,5.0,0.5,closed_33,20,0,1.0,11925.0,2510,250371.38447052706,66.30000000000051,0.4936570184936403
1.0,5.0,0.5,closed_33,20,1,0.9065743944636678,8600.0,7790,2424240.0,731.8000000000978,0.3024911034661546
1.0,8.0,0.0,open_33,2,0,0.5816857440166493,400.0,4195,242424.00000000003,589.3000000000654,0.1675220599111625
1.0,8.0,0.0,open_33,2,1,0.8397502601456815,1375.0,3936,242424.00000000003,589.1000000000654,0.42917984398060294
1.0,8.0,0.0,open_33,5,0,0.9906347554630593,14175.0,11167,606060.0,589.8000000000656,0.392753490120341
1.0,8.0,0.0,open_33,5,1,0.9146722164412071,6700.0,11190,606060.0,589.1000000000654,0.40841428694476056
1.0,8.0,0.0,open_33,10,0,1.0,16550.0,5577,329474.7633493785,160.29999999999518,0.4981738758290207
1.0,8.0,0.0,open_33,10,1,1.0,16950.0,10629,584894.6396544036,284.29999999999615,0.4435203513547137
1.0,8.0,0.0,open_33,20,0,1.0,18775.0,8639,484526.3610353451,117.79999999999758,0.46671823721050437
1.0,8.0,0.0,open_33,20,1,1.0,18800.0,7054,407281.04395739734,98.99999999999865,0.47694740661576746
1.0,8.0,0.0,partial_33,2,0,0.9660377358490566,1175.0,2974,242424.00000000003,619.0000000000722,0.5654287945660735
1.0,8.0,0.0,partial_33,2,1,0.6578616352201258,2275.0,4067,242424.00000000003,595.0000000000667,0.21326057467011952
1.0,8.0,0.0,partial_33,5,0,0.9937106918238994,10100.0,4803,606060.0,706.200000000092,0.43918781375791316
1.0,8.0,0.0,partial_33,5,1,0.9685534591194969,6375.0,6767,606060.0,720.3000000000952,0.45853139883771166
1.0,8.0,0.0,partial_33,10,0,1.0,8425.0,2934,253574.22002516245,129.29999999999694,0.6065707296366992
1.0,8.0,0.0,partial_33,10,1,0.8943396226415095,7925.0,15606,1212120.0,725.2000000000963,0.3433447926170299
1.0,8.0,0.0,partial_33,20,0,0.9849056603773585,12750.0,25613,2424240.0,718.7000000000949,0.35690746136175255
1.0,8.0,0.0,partial_33,20,1,1.0,12425.0,2626,222924.39982258994,56.20000000000053,0.5688866952595888
1.0,8.0,0.0,closed_33,2,0,0.11418685121107267,0.0,1001,242424.00000000003,733.0000000000981,-0.31170089220244396
1.0,8.0,0.0,closed_33,2,1,0.5103806228373703,100.0,912,242424.00000000003,706.7000000000921,0.13718234048659508
1.0,8.0,0.0,closed_33,5,0,0.7923875432525952,1750.0,2247,606060.0,727.1000000000968,0.36240574327661546
1.0,8.0,0.0,closed_33,5,1,0.5588235294117647,550.0,4037,606060.0,732.1000000000979,0.1251851704884149
1.0,8.0,0.0,closed_33,10,0,0.8927335640138409,4475.0,4540,1212120.0,734.1000000000984,0.38599963378252766
1.0,8.0,0.0,closed_33,10,1,0.8996539792387543,5075.0,5510,1212120.0,732.700000000098,0.3757168597611711
1.0,8.0,0.0,closed_33,20,0,0.9965397923875432,6975.0,8809,2424240.0,734.0000000000983,0.4256980195109581
1.0,8.0,0.0,closed_33,20,1,1.0,8150.0,1453,197635.21964094788,54.1000000000005,0.6043967325477986
1.0,8.0,0.25,open_33,2,0,0.6337148803329865,4625.0,4281,242424.00000000003,589.3000000000654,0.16888005776759182
1.0,8.0,0.25,open_33,2,1,0.5972944849115505,3125.0,4293,242424.00000000003,589.1000000000654,0.14920932650805327
1.0,8.0,0.25,open_33,5,0,1.0,14800.0,4676,283506.0244986657,276.2999999999943,0.49876773004846087
1.0,8.0,0.25,open_33,5,1,0.6670135275754423,8600.0,11569,606060.0,589.5000000000655,0.13093033152346376
1.0,8.0,0.25,open_33,10,0,1.0,17775.0,5746,332619.68315353757,161.99999999999508,0.4813914270344641
1.0,8.0,0.25,open_33,10,1,1.0,20025.0,5152,312240.6989393376,152.09999999999565,0.45990103672163624
1.0,8.0,0.25,open_33,20,0,1.0,18700.0,5920,342436.89827673184,83.49999999999953,0.48798766389784687
1.0,8.0,0.25,open_33,20,1,1.0,19025.0,3562,233280.82095616357,57.00000000000054,0.5122761807115749
1.0,8.0,0.25,partial_33,2,0,0.6251572327044025,175.0,1772,242424.00000000003,715.6000000000942,0.2437830461243651
1.0,8.0,0.25,partial_33,2,1,0.630188679245283,375.0,1156,242424.00000000003,705.7000000000919,0.27078995279539564
1.0,8.0,0.25,partial_33,5,0,0.9761006289308176,7225.0,4869,606060.0,689.2000000000882,0.4638396161423719
1.0,8.0,0.25,partial_33,5,1,1.0,8000.0,2296,204055.16243058164,208.09999999999246,0.6077715826486785
1.0,8.0,0.25,partial_33,10,0,1.0,10950.0,2874,252709.56885856856,128.099999999997,0.569606482369283
1.0,8.0,0.25,partial_33,10,1,1.0,11975.0,2399,198040.67268165713,99.8999999999986,0.5703166712009936
1.0,8.0,0.25,partial_33,20,0,1.0,15200.0,3054,250520.1990481778,63.50000000000063,0.5176033408139517
1.0,8.0,0.25,partial_33,20,1,1.0,12125.0,3819,372521.5056211394,98.29999999999869,0.5464755439882626
1.0,8.0,0.25,closed_33,2,0,0.36505190311418684,175.0,924,242424.00000000003,731.3000000000977,-0.027254834213205043
1.0,8.0,0.25,closed_33,2,1,0.4359861591695502,175.0,526,242424.00000000003,725.6000000000964,0.0850807332358822
1.0,8.0,0.25,closed_33,5,0,0.5588235294117647,1475.0,3308,606060.0,729.5000000000973,0.11044311072018467
1.0,8.0,0.25,closed_33,5,1,0.5570934256055363,3575.0,3848,606060.0,728.4000000000971,0.06159299549979394
1.0,8.0,0.25,closed_33,10,0,0.8183391003460208,5125.0,3641,1212120.0,731.8000000000978,0.30198525042815694
1.0,8.0,0.25,closed_33,10,1,0.8615916955017301,2775.0,4533,1212120.0,732.0000000000979,0.3892306798197197
1.0,8.0,0.25,closed_33,20,0,0.9809688581314879,9950.0,9393,2424240.0,732.0000000000979,0.34702833247638776
1.0,8.0,0.25,closed_33,20,1,0.9982698961937716,9700.0,7928,2424240.0,732.600000000098,0.37279410239041144
1.0,8.0,0.5,open_33,2,0,0.6243496357960457,5000.0,4309,242424.00000000003,588.8000000000653,0.15413757346358367
1.0,8.0,0.5,open_33,2,1,0.47658688865764826,3675.0,4437,242424.00000000003,588.8000000000653,0.014322204613450823
1.0,8.0,0.5,open_33,5,0,1.0,17250.0,3144,207794.80569687462,202.79999999999276,0.5053063225261495
1.0,8.0,0.5,open_33,5,1,1.0,16225.0,4130,254432.0745117315,249.09999999999013,0.49338818402371953
1.0,8.0,0.5,open_33,10,0,1.0,17750.0,3450,228566.25952043477,111.99999999999791,0.5164777017457303
1.0,8.0,0.5,open_33,10,1,1.0,17100.0,3682,231177.17843080987,113.29999999999784,0.5210172572930586
1.0,8.0,0.5,open_33,20,0,1.0,19750.0,2791,188639.16576365242,46.60000000000039,0.5189811515171482
1.0,8.0,0.5,open_33,20,1,1.0,20675.0,3018,203502.36492045317,50.10000000000044,0.5021614550315058
1.0,8.0,0.5,partial_33,2,0,0.9484276729559749,800.0,2988,242424.00000000003,618.5000000000721,0.5523567145900072
1.0,8.0,0.5,partial_33,2,1,1.0,5300.0,1931,177564.5280000185,445.0000000000327,0.601691858654577
1.0,8.0,0.5,partial_33,5,0,1.0,11700.0,2321,199898.86318804056,200.5999999999929,0.5522940528363307
1.0,8.0,0.5,partial_33,5,1,0.9635220125786164,10800.0,5998,606060.0,678.5000000000857,0.3900326801031976
1.0,8.0,0.5,partial_33,10,0,0.9987421383647799,14000.0,10161,1212120.0,718.7000000000949,0.36472043532384724
1.0,8.0,0.5,partial_33,10,1,0.9748427672955975,9725.0,10448,1212120.0,725.5000000000964,0.4043222560140143
1.0,8.0,0.5,partial_33,20,0,1.0,14200.0,2839,240600.2247612374,61.0000000000006,0.5369547592344315
1.0,8.0,0.5,partial_33,20,1,1.0,14150.0,3123,275467.61279216176,70.80000000000025,0.5308746936646386
1.0,8.0,0.5,closed_33,2,0,0.12802768166089964,0.0,749,242424.00000000003,729.7000000000974,-0.289442279186947
1.0,8.0,0.5,closed_33,2,1,0.1314878892733564,125.0,686,242424.00000000003,734.2000000000984,-0.28563045103791096
1.0,8.0,0.5,closed_33,5,0,0.5674740484429066,2325.0,2178,606060.0,730.6000000000976,0.11402546997548066
1.0,8.0,0.5,closed_33,5,1,0.8979238754325259,4750.0,1855,606060.0,723.900000000096,0.42044902372135395
1.0,8.0,0.5,closed_33,10,0,0.6401384083044983,3500.0,4046,1212120.0,734.4000000000984,0.14816547356367957
1.0,8.0,0.5,closed_33,10,1,0.9550173010380623,5600.0,4311,1212120.0,731.5000000000978,0.4283629344856448
1.0,8.0,0.5,closed_33,20,0,1.0,9375.0,1658,189422.10551800858,50.50000000000045,0.5716261050501703
1.0,8.0,0.5,closed_33,20,1,0.9740484429065744,7525.0,5896,2424240.0,734.0000000000983,0.39952518351493305
1.5,3.0,0.0,open_33,2,0,0.922996878251821,9575.0,3574,242424.00000000003,588.0000000000651,0.4186397811751641
1.5,3.0,0.0,open_33,2,1,0.9021852237252862,10300.0,3711,242424.00000000003,586.8000000000649,0.38593995745233467
1.5,3.0,0.0,open_33,5,0,0.9302809573361083,14225.0,10313,606060.0,586.7000000000648,0.3321405129094912
1.5,3.0,0.0,open_33,5,1,0.9947970863683663,17075.0,10460,606060.0,586.3000000000648,0.3622598761979604
1.5,3.0,0.0,open_33,10,0,1.0,20675.0,10632,623492.0829848233,301.7000000000001,0.39240033317864637
1.5,3.0,0.0,open_33,10,1,1.0,19925.0,4797,307156.9924445562,148.99999999999582,0.4646632271648622
1.5,3.0,0.0,open_33,20,0,1.0,19700.0,3285,226165.50572289247,55.00000000000051,0.5084297345510103
1.5,3.0,0.0,open_33,20,1,1.0,20625.0,4418,285946.99286238756,69.40000000000033,0.4790154061275315
1.5,3.0,0.0,partial_33,2,0,1.0,4425.0,2766,214995.6561919994,530.6000000000521,0.5720814092475272
1.5,3.0,0.0,partial_33,2,1,0.9735849056603774,675.0,3271,242424.00000000003,607.2000000000695,0.5763559846900566
1.5,3.0,0.0,partial_33,5,0,0.9911949685534591,11550.0,8617,606060.0,637.0000000000763,0.3975464676557029
1.5,3.0,0.0,partial_33,5,1,0.9987421383647799,12450.0,7682,606060.0,634.6000000000757,0.3944760443348242
1.5,3.0,0.0,partial_33,10,0,1.0,16350.0,3376,274632.8571810366,138.5999999999964,0.4776609645417532
1.5,3.0,0.0,partial_33,10,1,1.0,14675.0,5454,419060.76269754814,211.1999999999923,0.46671854845520633
1.5,3.0,0.0,partial_33,20,0,1.0,14975.0,2615,213183.3892262848,53.00000000000048,0.5312014234809613
1.5,3.0,0.0,partial_33,20,1,1.0,17400.0,5406,414559.60527678765,104.29999999999835,0.45111916117896644
1.5,3.0,0.0,closed_33,2,0,0.3875432525951557,0.0,1460,242424.00000000003,702.3000000000911,-0.01699620372577329
1.5,3.0,0.0,closed_33,2,1,0.44982698961937717,625.0,1467,242424.00000000003,720.4000000000952,0.03757179268496577
1.5,3.0,0.0,closed_33,5,0,0.9100346020761245,4050.0,1920,606060.0,719.500000000095,0.4460206040635355
1.5,3.0,0.0,closed_33,5,1,0.9740484429065744,5900.0,2446,606060.0,715.100000000094,0.46324425416560777
1.5,3.0,0.0,closed_33,10,0,1.0,7325.0,2592,367616.8638852807,203.9999999999927,0.5588164708025565
1.5,3.0,0.0,closed_33,10,1,0.9965397923875432,9525.0,4729,1212120.0,727.8000000000969,0.38691752718902783
1.5,3.0,0.0,closed_33,20,0,0.9567474048442907,9725.0,11246,2424240.0,728.000000000097,0.32446035981584276
1.5,3.0,0.0,closed_33,20,1,1.0,11175.0,2167,236036.09551829658,62.80000000000062,0.5170986470700824
1.5,3.0,0.25,open_33,2,0,0.9906347554630593,15025.0,3616,242424.00000000003,589.5000000000655,0.42109513688046707
1.5,3.0,0.25,open_33,2,1,0.9115504682622269,9275.0,3703,242424.00000000003,588.1000000000652,0.40868161014263016
1.5,3.0,0.25,open_33,5,0,0.7700312174817898,11050.0,10571,606060.0,586.4000000000648,0.2072324153821349
1.5,3.0,0.25,open_33,5,1,1.0,19775.0,3563,238249.858629809,231.39999999999114,0.46001356973721463
1.5,3.0,0.25,open_33,10,0,1.0,21000.0,3480,233826.0169003643,113.39999999999783,0.4748266693911663
1.5,3.0,0.25,open_33,10,1,1.0,20900.0,5162,323007.9888279033,156.5999999999954,0.4476147907814906
1.5,3.0,0.25,open_33,20,0,1.0,21725.0,5116,317529.77909112116,77.19999999999989,0.4572417532870094
1.5,3.0,0.25,open_33,20,1,1.0,21475.0,4360,281744.77966669947,68.50000000000038,0.4692360663388827
1.5,3.0,0.25,partial_33,2,0,0.9849056603773585,8200.0,2898,242424.00000000003,625.8000000000737,0.480501811956349
1.5,3.0,0.25,partial_33,2,1,0.9660377358490566,11425.0,3182,242424.00000000003,606.2000000000693,0.4074695751399836
1.5,3.0,0.25,partial_33,5,0,0.9987421383647799,11900.0,6537,606060.0,682.0000000000865,0.40716720900618175
1.5,3.0,0.25,partial_33,5,1,0.9987421383647799,11650.0,4805,606060.0,711.6000000000932,0.42099194862215206
1.5,3.0,0.25,partial_33,10,0,1.0,15025.0,3396,254521.74373445427,125.99999999999712,0.4997846683141148
1.5,3.0,0.25,partial_33,10,1,1.0,14300.0,7919,915412.1130216526,504.5000000000462,0.4024339740022902
1.5,3.0,0.25,partial_33,20,0,1.0,15600.0,2499,195581.88018771866,48.40000000000042,0.525279241456875
1.5,3.0,0.25,partial_33,20,1,1.0,17100.0,4514,345483.76026059873,86.79999999999934,0.4662254122660401
1.5,3.0,0.25,closed_33,2,0,0.8494809688581315,2175.0,1119,242424.00000000003,704.0000000000915,0.45137149830094014
1.5,3.0,0.25,closed_33,2,1,0.7249134948096886,750.0,1223,242424.00000000003,700.7000000000908,0.3414511002748404
1.5,3.0,0.25,closed_33,5,0,0.513840830449827,1975.0,2520,606060.0,727.4000000000968,0.060022318769016064
1.5,3.0,0.25,closed_33,5,1,0.8788927335640139,4025.0,3569,606060.0,731.8000000000978,0.38826470206313923
1.5,3.0,0.25,closed_33,10,0,0.9826989619377162,7175.0,4591,1212120.0,728.000000000097,0.42232223668726265
1.5,3.0,0.25,closed_33,10,1,0.9878892733564014,8450.0,5012,1212120.0,732.0000000000979,0.39869473176211934
1.5,3.0,0.25,closed_33,20,0,1.0,11650.0,2540,248827.50568201672,65.20000000000057,0.4989180730113749
1.5,3.0,0.25,closed_33,20,1,1.0,10550.0,2190,218012.21169431787,57.20000000000054,0.5306234595319811
1.5,3.0,0.5,open_33,2,0,1.0,15900.0,3274,222405.82836009644,541.8000000000546,0.437015438038195
1.5,3.0,0.5,open_33,2,1,0.7180020811654526,9475.0,3897,242424.00000000003,587.200000000065,0.2003709150738249
1.5,3.0,0.5,open_33,5,0,0.7127991675338189,11050.0,11026,606060.0,586.4000000000648,0.14792105839443329
1.5,3.0,0.5,open_33,5,1,1.0,21225.0,4143,270348.68483927497,263.3999999999914,0.42701552166925205
1.5,3.0,0.5,open_33,10,0,1.0,21500.0,4135,267622.76661946997,130.1999999999969,0.45621169505329956
1.5,3.0,0.5,open_33,10,1,1.0,21800.0,4585,292522.67161030415,142.5999999999962,0.44490798370143403
1.5,3.0,0.5,open_33,20,0,1.0,22575.0,5542,343849.68069256796,83.89999999999951,0.44195179340081614
1.5,3.0,0.5,open_33,20,1,1.0,22000.0,5421,335229.202816749,81.79999999999963,0.4504859936099044
1.5,3.0,0.5,partial_33,2,0,0.7396226415094339,4400.0,3139,242424.00000000003,613.0000000000708,0.2760933951857907
1.5,3.0,0.5,partial_33,2,1,0.9572327044025157,5450.0,2134,242424.00000000003,687.2000000000877,0.509384212641618
1.5,3.0,0.5,partial_33,5,0,1.0,12675.0,3261,277848.1343110928,283.699999999996,0.5012604821995993
1.5,3.0,0.5,partial_33,5,1,0.9132075471698113,8275.0,4203,606060.0,711.6000000000932,0.3880449043078379
1.5,3.0,0.5,partial_33,10,0,0.8779874213836478,14025.0,10604,1212120.0,708.7000000000926,0.24037255794506976
1.5,3.0,0.5,partial_33,10,1,1.0,15975.0,3189,254292.35331491265,127.29999999999704,0.48842917995306445
1.5,3.0,0.5,partial_33,20,0,1.0,18425.0,4813,353222.2599739609,88.09999999999927,0.4433691424203385
1.5,3.0,0.5,partial_33,20,1,1.0,18250.0,4638,345765.2588090487,86.99999999999933,0.44782483328898476
1.5,3.0,0.5,closed_33,2,0,0.527681660899654,0.0,1084,242424.00000000003,723.0000000000958,0.14911194647680778
1.5,3.0,0.5,closed_33,2,1,0.7975778546712803,1725.0,1807,242424.00000000003,707.9000000000924,0.3782990974167444
1.5,3.0,0.5,closed_33,5,0,0.47750865051903113,2475.0,1980,606060.0,729.3000000000973,0.018382250689178453
1.5,3.0,0.5,closed_33,5,1,0.7889273356401384,7125.0,5492,606060.0,672.5000000000844,0.2195583432682117
1.5,3.0,0.5,closed_33,10,0,1.0,10575.0,3095,464476.88556146994,259.3999999999905,0.47230897508449204
1.5,3.0,0.5,closed_33,10,1,0.9844290657439446,9925.0,7376,1212120.0,730.7000000000976,0.3554144688021188
1.5,3.0,0.5,closed_33,20,0,1.0,11850.0,2606,286781.238526287,77.19999999999989,0.4913516385330431
1.5,3.0,0.5,closed_33,20,1,1.0,9650.0,3386,375728.8390009911,101.89999999999849,0.5210104734335654
1.5,5.0,0.0,open_33,2,0,0.7981269510926119,5825.0,3974,242424.00000000003,586.4000000000648,0.3294798386212735
1.5,5.0,0.0,open_33,2,1,0.7929240374609782,6100.0,3924,242424.00000000003,586.6000000000648,0.3210925482048579
1.5,5.0,0.0,open_33,5,0,0.9323621227887617,11975.0,10909,606060.0,586.6000000000648,0.3611559532776446
1.5,5.0,0.0,open_33,5,1,0.9209157127991675,11625.0,10757,606060.0,587.0000000000649,0.35411533793593897
1.5,5.0,0.0,open_33,10,0,1.0,18900.0,4521,284484.7113480361,137.89999999999645,0.4826850045115785
1.5,5.0,0.0,open_33,10,1,0.9823100936524454,18275.0,22500,1212120.0,586.6000000000648,0.3217457071795198
1.5,5.0,0.0,open_33,20,0,1.0,20125.0,4696,296484.38137976406,72.00000000000018,0.4819971343695415
1.5,5.0,0.0,open_33,20,1,1.0,21400.0,6473,384690.5020754384,93.19999999999898,0.4486384657647521
1.5,5.0,0.0,partial_33,2,0,0.9811320754716981,7825.0,2257,242424.00000000003,652.7000000000799,0.49562414359862184
1.5,5.0,0.0,partial_33,2,1,0.9169811320754717,3775.0,2655,242424.00000000003,620.0000000000724,0.4801832151300236
1.5,5.0,0.0,partial_33,5,0,0.9459119496855346,11875.0,5532,606060.0,697.0000000000899,0.35812292241318344
1.5,5.0,0.0,partial_33,5,1,1.0,10950.0,2556,216154.80065896246,215.89999999999202,0.5543728197015865
1.5,5.0,0.0,partial_33,10,0,0.9635220125786164,10700.0,12056,1212120.0,713.4000000000937,0.37549045518267044
1.5,5.0,0.0,partial_33,10,1,1.0,12850.0,3176,249639.60513022798,124.5999999999972,0.5363494246657368
1.5,5.0,0.0,partial_33,20,0,1.0,15850.0,3456,267221.8202422429,66.80000000000048,0.5009371802824186
1.5,5.0,0.0,partial_33,20,1,1.0,14600.0,2580,214223.89157054992,53.40000000000049,0.5375251218725025
1.5,5.0,0.0,closed_33,2,0,0.4982698961937716,0.0,1679,242424.00000000003,695.1000000000895,0.09775021026483302
1.5,5.0,0.0,closed_33,2,1,0.3546712802768166,325.0,831,242424.00000000003,726.6000000000967,-0.03715763464898414
1.5,5.0,0.0,closed_33,5,0,0.7698961937716263,3375.0,1937,606060.0,726.8000000000967,0.3114278852253105
1.5,5.0,0.0,closed_33,5,1,0.48961937716262977,4050.0,2136,606060.0,734.7000000000985,-0.0038109646828683175
1.5,5.0,0.0,closed_33,10,0,0.8460207612456747,2875.0,5453,1212120.0,734.4000000000984,0.3665763925041905
1.5,5.0,0.0,closed_33,10,1,0.7335640138408305,6250.0,6626,1212120.0,734.8000000000985,0.1774043371207474
1.5,5.0,0.0,closed_33,20,0,0.9619377162629758,9450.0,8392,2424240.0,730.2000000000975,0.339940537295497
1.5,5.0,0.0,closed_33,20,1,1.0,9825.0,2264,245087.56243793527,65.50000000000055,0.5424309835795202
1.5,5.0,0.25,open_33,2,0,0.9115504682622269,11500.0,3811,242424.00000000003,587.500000000065,0.3795755883826436
1.5,5.0,0.25,open_33,2,1,0.47658688865764826,2950.0,4383,242424.00000000003,585.9000000000647,0.023688381286859878
1.5,5.0,0.25,open_33,5,0,0.6951092611862643,8075.0,11305,606060.0,586.3000000000648,0.16657001029516086
1.5,5.0,0.25,open_33,5,1,0.6014568158168574,7075.0,11304,606060.0,586.2000000000647,0.08326040068458276
1.5,5.0,0.25,open_33,10,0,1.0,19800.0,4956,302495.92069927,146.69999999999595,0.4654340931757228
1.5,5.0,0.25,open_33,10,1,1.0,18200.0,6622,389282.8997216781,189.09999999999354,0.46436639422404535
1.5,5.0,0.25,open_33,20,0,1.0,21750.0,4561,285891.488470708,69.50000000000033,0.4635828679800423
1.5,5.0,0.25,open_33,20,1,1.0,20725.0,7315,425090.42855884787,103.19999999999841,0.45071441533808765
1.5,5.0,0.25,partial_33,2,0,0.7811320754716982,4700.0,3271,242424.00000000003,601.7000000000683,0.31361165515027334
1.5,5.0,0.25,partial_33,2,1,1.0,8100.0,2477,204749.0284359141,506.7000000000467,0.5286306289944632
1.5,5.0,0.25,partial_33,5,0,0.9823899371069182,10625.0,5414,606060.0,697.50000000009,0.41538895741645987
1.5,5.0,0.25,partial_33,5,1,1.0,12000.0,3219,261023.17735844525,262.5999999999912,0.516074378739364
1.5,5.0,0.25,partial_33,10,0,1.0,11575.0,2405,201205.24360151053,100.69999999999855,0.5758372866950957
1.5,5.0,0.25,partial_33,10,1,1.0,12675.0,2783,237851.53694725037,119.89999999999746,0.5469925925945942
1.5,5.0,0.25,partial_33,20,0,1.0,14825.0,3330,267764.686466692,67.40000000000045,0.5180902683895525
1.5,5.0,0.25,partial_33,20,1,1.0,15575.0,2762,219571.66722311405,54.600000000000506,0.5188737210335571
1.5,5.0,0.25,closed_33,2,0,0.10380622837370242,0.0,376,242424.00000000003,729.6000000000973,-0.2993538124010173
1.5,5.0,0.25,closed_33,2,1,0.22491349480968859,875.0,2902,242424.00000000003,713.9000000000938,-0.22483424276638067
1.5,5.0,0.25,closed_33,5,0,0.7923875432525952,4900.0,2298,606060.0,725.9000000000965,0.2960678571209354
1.5,5.0,0.25,closed_33,5,1,0.532871972318339,2475.0,2061,606060.0,732.0000000000979,0.07604724390025
1.5,5.0,0.25,closed_33,10,0,0.9965397923875432,6625.0,4382,1212120.0,730.3000000000975,0.4494048585589152
1.5,5.0,0.25,closed_33,10,1,0.9152249134948097,7475.0,3492,1212120.0,728.6000000000971,0.35505795171275456
1.5,5.0,0.25,closed_33,20,0,0.9584775086505191,8925.0,8379,2424240.0,730.7000000000976,0.34734411839378576
1.5,5.0,0.25,closed_33,20,1,1.0,9550.0,1805,213058.58219476603,57.300000000000544,0.5618007723263428
1.5,5.0,0.5,open_33,2,0,0.9739854318418314,14050.0,3784,242424.00000000003,589.2000000000654,0.4135902651624269
1.5,5.0,0.5,open_33,2,1,0.9458896982310093,11625.0,3832,242424.00000000003,588.4000000000652,0.4138034741157455
1.5,5.0,0.5,open_33,5,0,1.0,16125.0,6606,387363.47018774616,376.4000000000171,0.44442516626016776
1.5,5.0,0.5,open_33,5,1,1.0,18825.0,3686,239549.81806101836,233.699999999991,0.46987962421526075
1.5,5.0,0.5,open_33,10,0,1.0,19900.0,3215,214921.25117854588,104.59999999999833,0.4949347265647614
1.5,5.0,0.5,open_33,10,1,1.0,21150.0,4720,292373.4890794114,143.29999999999615,0.45180700282927994
1.5,5.0,0.5,open_33,20,0,1.0,21875.0,5080,314306.12204424385,76.49999999999993,0.4558434959470482
1.5,5.0,0.5,open_33,20,1,1.0,21725.0,3799,249921.2638305435,61.1000000000006,0.4743961532763143
1.5,5.0,0.5,partial_33,2,0,0.9383647798742139,6800.0,2787,242424.00000000003,618.5000000000721,0.45462442463718844
1.5,5.0,0.5,partial_33,2,1,0.9773584905660377,2850.0,2464,242424.00000000003,647.6000000000787,0.5618174244173674
1.5,5.0,0.5,partial_33,5,0,1.0,13475.0,2685,234368.6893618584,237.2999999999908,0.5092803295210232
1.5,5.0,0.5,partial_33,5,1,1.0,10350.0,2012,177551.72078316705,177.6999999999942,0.5864232051742783
1.5,5.0,0.5,partial_33,10,0,0.9987421383647799,16025.0,8364,1212120.0,711.9000000000933,0.33842094732904704
1.5,5.0,0.5,partial_33,10,1,0.9949685534591195,11250.0,5332,1212120.0,731.2000000000977,0.4194683002638777
1.5,5.0,0.5,partial_33,20,0,1.0,16875.0,3041,241028.2683520862,60.40000000000059,0.49309587657954823
1.5,5.0,0.5,partial_33,20,1,1.0,14725.0,2429,205495.0301959403,51.60000000000046,0.539468184729012
1.5,5.0,0.5,closed_33,2,0,0.2837370242214533,50.0,465,242424.00000000003,722.2000000000957,-0.0835260866402735
1.5,5.0,0.5,closed_33,2,1,0.3754325259515571,750.0,465,242424.00000000003,722.9000000000958,0.010871692705602704
1.5,5.0,0.5,closed_33,5,0,0.6332179930795848,4000.0,1861,606060.0,727.8000000000969,0.15503256234390175
1.5,5.0,0.5,closed_33,5,1,0.8685121107266436,3150.0,2434,606060.0,729.2000000000972,0.40996402033592194
1.5,5.0,0.5,closed_33,10,0,0.745674740484429,5800.0,2677,1212120.0,732.1000000000979,0.22241738772880645
1.5,5.0,0.5,closed_33,10,1,0.9965397923875432,7675.0,5109,1212120.0,727.5000000000969,0.42314856575358173
1.5,5.0,0.5,closed_33,20,0,1.0,11300.0,2285,235078.06406801613,62.200000000000614,0.5119570152459072
1.5,5.0,0.5,closed_33,20,1,1.0,10325.0,2193,250168.7046217732,67.70000000000043,0.5333109253019214
1.5,8.0,0.0,open_33,2,0,0.7991675338189386,5025.0,3964,242424.00000000003,587.7000000000651,0.34066572274368645
1.5,8.0,0.0,open_33,2,1,0.42039542143600417,0.0,4350,242424.00000000003,587.200000000065,0.0014452975637095078
1.5,8.0,0.0,open_33,5,0,0.9365244536940687,12550.0,11180,606060.0,587.7000000000651,0.35771924404230016
1.5,8.0,0.0,open_33,5,1,0.9073881373569199,11825.0,11243,606060.0,587.7000000000651,0.33687807049326446
1.5,8.0,0.0,open_33,10,0,1.0,17925.0,16962,909747.2873286889,440.80000000003173,0.3838444721771582
1.5,8.0,0.0,open_33,10,1,0.9396462018730489,13600.0,22873,1212120.0,587.8000000000651,0.3367724990223627
1.5,8.0,0.0,open_33,20,0,1.0,19450.0,6347,367613.3344213129,89.1999999999992,0.47467425982727895
1.5,8.0,0.0,open_33,20,1,1.0,20075.0,6041,355660.8487540232,86.39999999999937,0.4693060914313947
1.5,8.0,0.0,partial_33,2,0,0.8955974842767296,875.0,1845,242424.00000000003,701.800000000091,0.521480885701191
1.5,8.0,0.0,partial_33,2,1,0.8389937106918239,1025.0,2896,242424.00000000003,633.5000000000755,0.43523810700590915
1.5,8.0,0.0,partial_33,5,0,0.9031446540880503,4050.0,4427,606060.0,724.3000000000961,0.4394340233847357
1.5,8.0,0.0,partial_33,5,1,0.9949685534591195,7900.0,4044,606060.0,697.10000000009,0.4803584537103883
1.5,8.0,0.0,partial_33,10,0,0.9761006289308176,9925.0,14982,1212120.0,717.8000000000947,0.3966183121388145
1.5,8.0,0.0,partial_33,10,1,0.9811320754716981,10675.0,12119,1212120.0,710.9000000000931,0.3936964967137849
1.5,8.0,0.0,partial_33,20,0,1.0,11325.0,2067,185981.25016115233,46.800000000000395,0.6013085432034223
1.5,8.0,0.0,partial_33,20,1,0.9949685534591195,11950.0,26381,2424240.0,727.7000000000969,0.37888000534524846
1.5,8.0,0.0,closed_33,2,0,0.38235294117647056,0.0,720,242424.00000000003,728.7000000000971,0.008365457412153637
1.5,8.0,0.0,closed_33,2,1,0.4688581314878893,225.0,1176,242424.00000000003,729.2000000000972,0.07592761754755428
1.5,8.0,0.0,closed_33,5,0,0.5121107266435986,950.0,2546,606060.0,730.9000000000976,0.07918870049710217
1.5,8.0,0.0,closed_33,5,1,0.49653979238754326,875.0,1983,606060.0,734.8000000000985,0.07185877339620309
1.5,8.0,0.0,closed_33,10,0,0.8806228373702422,3725.0,4624,1212120.0,731.8000000000978,0.3885914377669335
1.5,8.0,0.0,closed_33,10,1,0.6920415224913494,4600.0,2905,1212120.0,730.9000000000976,0.18840397124113198
1.5,8.0,0.0,closed_33,20,0,1.0,9875.0,2237,358698.31156103685,100.59999999999856,0.5352088155664828
1.5,8.0,0.0,closed_33,20,1,1.0,8250.0,1379,169102.77307027625,45.20000000000037,0.6072490138770298
1.5,8.0,0.25,open_33,2,0,0.5941727367325702,4850.0,4213,242424.00000000003,587.500000000065,0.12497323380320033
1.5,8.0,0.25,open_33,2,1,0.7585848074921956,6625.0,4080,242424.00000000003,587.9000000000651,0.2768912664981624
1.5,8.0,0.25,open_33,5,0,0.9209157127991675,13125.0,11104,606060.0,587.7000000000651,0.3347247888164644
1.5,8.0,0.25,open_33,5,1,0.5910509885535901,6225.0,11592,606060.0,587.8000000000651,0.08288817234727477
1.5,8.0,0.25,open_33,10,0,1.0,19500.0,17294,921428.4385090864,446.60000000003305,0.3624929100897696
1.5,8.0,0.25,open_33,10,1,1.0,17225.0,4173,263279.19802516815,128.099999999997,0.5096924594621707
1.5,8.0,0.25,open_33,20,0,1.0,19850.0,4147,260885.0330969235,63.50000000000063,0.49302965621146166
1.5,8.0,0.25,open_33,20,1,1.0,19550.0,5477,324806.04633532977,78.99999999999979,0.48130723400765585
1.5,8.0,0.25,partial_33,2,0,0.8955974842767296,3500.0,2623,242424.00000000003,667.1000000000831,0.46237082716503386
1.5,8.0,0.25,partial_33,2,1,0.9433962264150944,4400.0,1944,242424.00000000003,684.000000000087,0.516055618588711
1.5,8.0,0.25,partial_33,5,0,1.0,8975.0,3777,329924.4814731692,338.2000000000084,0.538061576167649
1.5,8.0,0.25,partial_33,5,1,0.9723270440251572,4375.0,6867,606060.0,689.9000000000883,0.4921982668730175
1.5,8.0,0.25,partial_33,10,0,1.0,8100.0,1826,164142.92160222726,81.89999999999962,0.6491712678005308
1.5,8.0,0.25,partial_33,10,1,0.9987421383647799,11925.0,12483,1212120.0,659.7000000000814,0.39223849379982634
1.5,8.0,0.25,partial_33,20,0,1.0,14600.0,2913,251579.00365351653,63.50000000000063,0.5289530992346625
1.5,8.0,0.25,partial_33,20,1,0.9962264150943396,15300.0,21776,2424240.0,714.900000000094,0.33136675591940346
1.5,8.0,0.25,closed_33,2,0,0.39273356401384085,0.0,619,242424.00000000003,722.5000000000957,0.02878557347010563
1.5,8.0,0.25,closed_33,2,1,0.41522491349480967,1050.0,538,242424.00000000003,724.4000000000962,0.04152614823841727
1.5,8.0,0.25,closed_33,5,0,0.7941176470588235,2850.0,2361,606060.0,725.2000000000963,0.3393334396754112
1.5,8.0,0.25,closed_33,5,1,0.9083044982698962,2125.0,1742,606060.0,721.7000000000955,0.4892174839611585
1.5,8.0,0.25,closed_33,10,0,0.8373702422145328,4475.0,3273,1212120.0,731.9000000000979,0.3386670807086031
1.5,8.0,0.25,closed_33,10,1,0.8235294117647058,5025.0,3667,1212120.0,732.2000000000979,0.3092274847778983
1.5,8.0,0.25,closed_33,20,0,0.9896193771626297,9100.0,9288,2424240.0,732.2000000000979,0.37365124819366546
1.5,8.0,0.25,closed_33,20,1,0.9982698961937716,9375.0,6769,2424240.0,732.0000000000979,0.38275261781762515
1.5,8.0,0.5,open_33,2,0,0.6711758584807492,6375.0,4196,242424.00000000003,587.500000000065,0.18709791582760746
1.5,8.0,0.5,open_33,2,1,0.8126951092611863,7250.0,3951,242424.00000000003,589.1000000000654,0.3272339152171859
1.5,8.0,0.5,open_33,5,0,1.0,18400.0,5956,352373.6332399536,342.30000000000933,0.4279367864957793
1.5,8.0,0.5,open_33,5,1,0.9604578563995838,16900.0,11144,606060.0,588.2000000000652,0.32793011497652014
1.5,8.0,0.5,open_33,10,0,1.0,18325.0,8668,488944.20306148473,237.79999999999077,0.44285075317180156
1.5,8.0,0.5,open_33,10,1,1.0,18750.0,3509,228167.45493096905,111.49999999999794,0.5031755486358622
1.5,8.0,0.5,open_33,20,0,1.0,18850.0,4212,261664.71202775743,64.10000000000063,0.5047609996982081
1.5,8.0,0.5,open_33,20,1,1.0,20025.0,3550,225959.85254999483,55.40000000000052,0.5003949573296622
1.5,8.0,0.5,partial_33,2,0,0.8654088050314466,1475.0,2299,242424.00000000003,639.7000000000769,0.46779964051069667
1.5,8.0,0.5,partial_33,2,1,0.9622641509433962,1975.0,2070,242424.00000000003,686.6000000000876,0.5689607666966158
1.5,8.0,0.5,partial_33,5,0,1.0,9525.0,2781,256309.3352959964,265.2999999999918,0.5618339266341577
1.5,8.0,0.5,partial_33,5,1,1.0,9300.0,2622,258942.95412589866,270.399999999993,0.5677059108757528
1.5,8.0,0.5,partial_33,10,0,0.9974842767295597,11675.0,14900,1212120.0,634.6000000000757,0.39197304250142373
1.5,8.0,0.5,partial_33,10,1,1.0,12975.0,1935,167405.8911402612,83.89999999999951,0.571564358782094
1.5,8.0,0.5,partial_33,20,0,1.0,14775.0,3127,262194.6772717787,66.70000000000049,0.5221694944097239
1.5,8.0,0.5,partial_33,20,1,1.0,13300.0,2217,185901.0748006017,46.50000000000039,0.5673519331676529
1.5,8.0,0.5,closed_33,2,0,0.12975778546712802,0.0,877,242424.00000000003,730.4000000000975,-0.29105220519580377
1.5,8.0,0.5,closed_33,2,1,0.4982698961937716,1775.0,958,242424.00000000003,717.7000000000946,0.08631613473765795
1.5,8.0,0.5,closed_33,5,0,0.5363321799307958,1150.0,1292,606060.0,733.1000000000981,0.12606473741732863
1.5,8.0,0.5,closed_33,5,1,0.8875432525951558,3425.0,1817,606060.0,731.7000000000978,0.43804304386064785
1.5,8.0,0.5,closed_33,10,0,0.9359861591695502,7000.0,4001,1212120.0,731.9000000000979,0.38194615220139394
1.5,8.0,0.5,closed_33,10,1,0.801038062283737,6000.0,5356,1212120.0,730.7000000000976,0.25589622456074135
1.5,8.0,0.5,closed_33,20,0,0.9982698961937716,10325.0,11683,2424240.0,731.6000000000978,0.35358467661766424
1.5,8.0,0.5,closed_33,20,1,1.0,10650.0,3153,513449.17431672197,144.99999999999605,0.49477516541170036
