lane_spacing,attract_gain,drone_repel_gain,map_label,n_drones,seed,final_coverage,overlap_m2,wasted_visits,energy_used_j,time_to_terminal,score
1.0,1.0,2.0,open_33,2,0,0.4464099895941727,1675.0,3705,242424.00000000003,643.9000000000779,0.012181907822258836
1.0,1.0,2.0,open_33,2,1,0.37356919875130074,1350.0,3712,242424.00000000003,643.2000000000777,-0.06127726950002013
1.0,1.0,2.0,open_33,5,0,0.5130072840790842,6575.0,9875,606060.0,655.3000000000804,0.0007259088237560329
1.0,1.0,2.0,open_33,5,1,0.481789802289282,6325.0,9874,606060.0,650.7000000000794,-0.02819770362665333
1.0,1.0,2.0,open_33,10,0,0.8168574401664932,14725.0,19910,1212120.0,653.9000000000801,0.19992158826037423
1.0,1.0,2.0,open_33,10,1,0.922996878251821,18800.0,19976,1212120.0,653.10000000008,0.2565516081444109
1.0,1.0,2.0,open_33,20,0,1.0,21700.0,8019,504181.9587765476,132.99999999999673,0.43109606337334205
1.0,1.0,2.0,open_33,20,1,1.0,22500.0,8124,506871.6390364105,133.7999999999967,0.42057515872218526
1.0,1.0,2.0,partial_33,2,0,0.3081761006289308,1775.0,3522,242424.00000000003,678.2000000000857,-0.14354924899505192
1.0,1.0,2.0,partial_33,2,1,0.37484276729559746,1150.0,3610,242424.00000000003,660.5000000000816,-0.06408401623074958
1.0,1.0,2.0,partial_33,5,0,0.5132075471698113,4675.0,9471,606060.0,682.8000000000867,0.010586982997413313
1.0,1.0,2.0,partial_33,5,1,0.5949685534591195,4700.0,9306,606060.0,682.9000000000867,0.09409139895248939
1.0,1.0,2.0,partial_33,10,0,1.0,13050.0,12280,789742.2624598915,430.0000000000293,0.4271487386523709
1.0,1.0,2.0,partial_33,10,1,1.0,14300.0,15147,952825.6409438275,517.8000000000492,0.3855662560515816
1.0,1.0,2.0,partial_33,20,0,1.0,18875.0,12849,817022.7588582514,220.99999999999173,0.3838935626414768
1.0,1.0,2.0,partial_33,20,1,1.0,17725.0,12241,778262.7722229795,210.49999999999233,0.4043767830527875
1.0,1.0,2.0,closed_33,2,0,0.27854671280276816,0.0,1661,242424.00000000003,719.200000000095,-0.13938840123552923
1.0,1.0,2.0,closed_33,2,1,0.2889273356401384,25.0,2147,242424.00000000003,728.100000000097,-0.13438531885715124
1.0,1.0,2.0,closed_33,5,0,0.18166089965397925,400.0,5856,606060.0,724.0000000000961,-0.2658036947966472
1.0,1.0,2.0,closed_33,5,1,0.4100346020761246,1750.0,6722,606060.0,725.3000000000964,-0.060525037100092854
1.0,1.0,2.0,closed_33,10,0,0.6643598615916955,4125.0,13336,1212120.0,728.300000000097,0.14267178019667245
1.0,1.0,2.0,closed_33,10,1,0.6228373702422145,5875.0,13095,1212120.0,727.5000000000969,0.06444736331151249
1.0,1.0,2.0,closed_33,20,0,0.7802768166089965,7675.0,25122,2424240.0,733.5000000000982,0.18178054793438495
1.0,1.0,2.0,closed_33,20,1,0.9653979238754326,9700.0,27106,2424240.0,728.5000000000971,0.32562058204245425
1.0,1.0,5.0,open_33,2,0,0.5202913631633714,2125.0,3694,242424.00000000003,639.3000000000768,0.08507743831061362
1.0,1.0,5.0,open_33,2,1,0.9157127991675338,4400.0,3353,242424.00000000003,628.3000000000743,0.47869270229394445
1.0,1.0,5.0,open_33,5,0,0.4630593132154006,7275.0,9864,606060.0,651.4000000000796,-0.059278153591428046
1.0,1.0,5.0,open_33,5,1,0.5005202913631633,7625.0,9832,606060.0,651.4000000000796,-0.025145423669820283
1.0,1.0,5.0,open_33,10,0,0.7440166493236212,12375.0,19592,1212120.0,665.9000000000829,0.15560853011715872
1.0,1.0,5.0,open_33,10,1,1.0,20575.0,18624,1123709.9888362074,598.6000000000676,0.3238916666148334
1.0,1.0,5.0,open_33,20,0,1.0,21550.0,10585,656751.7827463984,175.19999999999433,0.4167434939232704
1.0,1.0,5.0,open_33,20,1,1.0,20775.0,9994,614949.3687225175,163.89999999999498,0.430258706808566
1.0,1.0,5.0,partial_33,2,0,0.2880503144654088,1325.0,3701,242424.00000000003,664.5000000000825,-0.1589132139485013
1.0,1.0,5.0,partial_33,2,1,0.39245283018867927,1250.0,3630,242424.00000000003,662.6000000000821,-0.04711524654662416
1.0,1.0,5.0,partial_33,5,0,0.5207547169811321,4925.0,9438,606060.0,671.3000000000841,0.01457722723987978
1.0,1.0,5.0,partial_33,5,1,0.5182389937106918,4725.0,9487,606060.0,665.9000000000829,0.014959904257317552
1.0,1.0,5.0,partial_33,10,0,1.0,13925.0,14343,907004.5150941035,491.50000000004326,0.39748156146225244
1.0,1.0,5.0,partial_33,10,1,0.8553459119496856,10975.0,18845,1212120.0,687.2000000000877,0.2556892335526404
1.0,1.0,5.0,partial_33,20,0,1.0,17275.0,12676,811658.1843580119,220.29999999999177,0.4085886334891884
1.0,1.0,5.0,partial_33,20,1,1.0,17425.0,15874,1033076.9998871535,284.79999999999626,0.38973489615839946
1.0,1.0,5.0,closed_33,2,0,0.27854671280276816,0.0,1661,242424.00000000003,719.200000000095,-0.13938840123552923
1.0,1.0,5.0,closed_33,2,1,0.2889273356401384,25.0,2147,242424.00000000003,728.100000000097,-0.13438531885715124
1.0,1.0,5.0,closed_33,5,0,0.17474048442906576,375.0,6607,606060.0,719.300000000095,-0.2729724325101327
1.0,1.0,5.0,closed_33,5,1,0.40657439446366783,2150.0,6445,606060.0,725.3000000000964,-0.07195283596589983
1.0,1.0,5.0,closed_33,10,0,0.6557093425605537,4750.0,13040,1212120.0,728.000000000097,0.12112204174682864
1.0,1.0,5.0,closed_33,10,1,0.7006920415224913,6850.0,13309,1212120.0,727.5000000000969,0.12289262378023239
1.0,1.0,5.0,closed_33,20,0,0.9221453287197232,8450.0,24916,2424240.0,728.9000000000972,0.30855151286810456
1.0,1.0,5.0,closed_33,20,1,0.9048442906574394,10225.0,27392,2424240.0,727.2000000000968,0.2537367432564791
1.0,1.0,10.0,open_33,2,0,0.9073881373569199,4950.0,3322,242424.00000000003,624.1000000000734,0.46350790014177135
1.0,1.0,10.0,open_33,2,1,0.5286160249739854,2300.0,3659,242424.00000000003,640.200000000077,0.09202457143699053
1.0,1.0,10.0,open_33,5,0,0.4588969823100936,5275.0,9955,606060.0,649.8000000000792,-0.03869030023064898
1.0,1.0,10.0,open_33,5,1,0.4984391259105099,6375.0,9872,606060.0,657.1000000000809,-0.011727180452195701
1.0,1.0,10.0,open_33,10,0,0.8407908428720083,16825.0,20167,1212120.0,649.000000000079,0.19780936100007293
1.0,1.0,10.0,open_33,10,1,0.8959417273673257,17300.0,20085,1212120.0,654.9000000000804,0.24780401904916524
1.0,1.0,10.0,open_33,20,0,1.0,21075.0,9306,581984.1834698841,155.29999999999546,0.4302402933714692
1.0,1.0,10.0,open_33,20,1,1.0,21975.0,8361,522276.6596385045,138.6999999999964,0.4254061593791242
1.0,1.0,10.0,partial_33,2,0,0.38238993710691827,1200.0,3570,242424.00000000003,664.9000000000826,-0.05662615577266708
1.0,1.0,10.0,partial_33,2,1,0.40125786163522015,1600.0,3609,242424.00000000003,662.200000000082,-0.04297398241726333
1.0,1.0,10.0,partial_33,5,0,0.4540880503144654,5000.0,9675,606060.0,662.5000000000821,-0.05503694038985854
1.0,1.0,10.0,partial_33,5,1,0.43018867924528303,4475.0,9210,606060.0,679.600000000086,-0.07106172898033139
1.0,1.0,10.0,partial_33,10,0,0.8465408805031447,10875.0,19221,1212120.0,698.3000000000902,0.24809428124194507
1.0,1.0,10.0,partial_33,10,1,0.979874213836478,16075.0,19136,1212120.0,685.8000000000874,0.30452313316921875
1.0,1.0,10.0,partial_33,20,0,1.0,18725.0,16512,1058728.0814149422,288.79999999999717,0.36805643052116843
1.0,1.0,10.0,partial_33,20,1,1.0,18725.0,15113,991463.6409199387,269.9999999999929,0.3732761795120542
1.0,1.0,10.0,closed_33,2,0,0.27854671280276816,0.0,1661,242424.00000000003,719.200000000095,-0.13938840123552923
1.0,1.0,10.0,closed_33,2,1,0.2889273356401384,25.0,2147,242424.00000000003,728.100000000097,-0.13438531885715124
1.0,1.0,10.0,closed_33,5,0,0.17993079584775087,75.0,5814,606060.0,726.0000000000965,-0.2607986906535934
1.0,1.0,10.0,closed_33,5,1,0.4134948096885813,2025.0,6458,606060.0,725.3000000000964,-0.06228487085031845
1.0,1.0,10.0,closed_33,10,0,0.6851211072664359,5000.0,13291,1212120.0,726.5000000000966,0.1455502035722753
1.0,1.0,10.0,closed_33,10,1,0.6608996539792388,6675.0,13380,1212120.0,727.5000000000969,0.08620117266781854
1.0,1.0,10.0,closed_33,20,0,0.9740484429065744,9900.0,25322,2424240.0,733.4000000000982,0.330592680769354
1.0,1.0,10.0,closed_33,20,1,0.9740484429065744,10300.0,28088,2424240.0,724.7000000000962,0.3216582502083869
1.0,2.5,2.0,open_33,2,0,0.5005202913631633,1425.0,4795,242424.00000000003,612.1000000000706,0.06563214765107142
1.0,2.5,2.0,open_33,2,1,0.9292403746097815,3350.0,4335,242424.00000000003,607.4000000000696,0.49420780984626744
1.0,2.5,2.0,open_33,5,0,0.3590010405827263,2725.0,13655,606060.0,626.3000000000739,-0.1120776018697455
1.0,2.5,2.0,open_33,5,1,0.36940686784599375,3150.0,13935,606060.0,625.4000000000736,-0.10691883948285283
1.0,2.5,2.0,open_33,10,0,1.0,16050.0,13276,631447.3302613244,318.900000000004,0.4445862708187502
1.0,2.5,2.0,open_33,10,1,0.7419354838709677,8100.0,26991,1212120.0,629.3000000000745,0.20406730515583424
1.0,2.5,2.0,open_33,20,0,1.0,18975.0,4124,245046.8050471726,61.4000000000006,0.505154758339027
1.0,2.5,2.0,open_33,20,1,1.0,18575.0,4094,247860.7594761122,62.00000000000061,0.5103183662308205
1.0,2.5,2.0,partial_33,2,0,0.26540880503144654,825.0,3218,242424.00000000003,677.5000000000855,-0.17302827712573668
1.0,2.5,2.0,partial_33,2,1,0.2968553459119497,475.0,2664,242424.00000000003,699.3000000000904,-0.13034511674980123
1.0,2.5,2.0,partial_33,5,0,0.5220125786163522,2900.0,8523,606060.0,698.9000000000904,0.047723839935300855
1.0,2.5,2.0,partial_33,5,1,0.7660377358490567,3050.0,8246,606060.0,705.0000000000917,0.2961879666227494
1.0,2.5,2.0,partial_33,10,0,0.9861635220125786,12375.0,18430,1212120.0,701.3000000000909,0.3671676989546625
1.0,2.5,2.0,partial_33,10,1,0.9823899371069182,10075.0,16484,1212120.0,695.8000000000897,0.3994408289574102
1.0,2.5,2.0,partial_33,20,0,1.0,18500.0,6536,423382.4403485842,111.19999999999796,0.4280612333906613
1.0,2.5,2.0,partial_33,20,1,1.0,16200.0,7029,438631.34737791074,114.89999999999775,0.45981968303115234
1.0,2.5,2.0,closed_33,2,0,0.25951557093425603,0.0,1826,242424.00000000003,726.4000000000966,-0.16215559415796169
1.0,2.5,2.0,closed_33,2,1,0.03806228373702422,0.0,1409,242424.00000000003,734.9000000000985,-0.4017700013782798
1.0,2.5,2.0,closed_33,5,0,0.12802768166089964,275.0,2599,606060.0,733.5000000000982,-0.3138208303721568
1.0,2.5,2.0,closed_33,5,1,0.3615916955017301,675.0,5860,606060.0,733.4000000000982,-0.08653539847311473
1.0,2.5,2.0,closed_33,10,0,0.527681660899654,2250.0,10323,1212120.0,733.4000000000982,0.04513374752219587
1.0,2.5,2.0,closed_33,10,1,0.5190311418685121,2475.0,8232,1212120.0,734.3000000000984,0.03375113758583595
1.0,2.5,2.0,closed_33,20,0,0.9065743944636678,7100.0,15644,2424240.0,734.5000000000985,0.32444801517933297
1.0,2.5,2.0,closed_33,20,1,0.7301038062283737,5250.0,13818,2424240.0,734.3000000000984,0.1855532714297439
1.0,2.5,5.0,open_33,2,0,0.44432882414151925,1250.0,4905,242424.00000000003,615.9000000000715,0.0083003949912209
1.0,2.5,5.0,open_33,2,1,1.0,6125.0,3945,240277.84727100967,597.4000000000673,0.5391162536067211
1.0,2.5,5.0,open_33,5,0,0.3392299687825182,2975.0,13476,606060.0,629.2000000000745,-0.13527734941636707
1.0,2.5,5.0,open_33,5,1,0.31633714880332986,1600.0,13793,606060.0,624.2000000000734,-0.14161702239901622
1.0,2.5,5.0,open_33,10,0,0.7242455775234131,7225.0,27253,1212120.0,628.8000000000744,0.1970533610016206
1.0,2.5,5.0,open_33,10,1,0.8002081165452654,8725.0,27440,1212120.0,628.2000000000743,0.2549929016413299
1.0,2.5,5.0,open_33,20,0,1.0,18200.0,7724,404818.7415674543,102.49999999999845,0.4818114225073642
1.0,2.5,5.0,open_33,20,1,1.0,19800.0,4926,287675.4912338825,72.60000000000015,0.4845891742716852
1.0,2.5,5.0,partial_33,2,0,0.2679245283018868,975.0,3097,242424.00000000003,683.2000000000868,-0.17193176132297153
1.0,2.5,5.0,partial_33,2,1,0.2968553459119497,475.0,2664,242424.00000000003,699.3000000000904,-0.13034511674980123
1.0,2.5,5.0,partial_33,5,0,0.5106918238993711,2875.0,7824,606060.0,690.5000000000884,0.03765066701310085
1.0,2.5,5.0,partial_33,5,1,0.7773584905660378,3175.0,7763,606060.0,704.8000000000917,0.30711098303865425
1.0,2.5,5.0,partial_33,10,0,1.0,13725.0,10637,669614.0044013642,359.3000000000132,0.4338969312782916
1.0,2.5,5.0,partial_33,10,1,1.0,14275.0,8552,614589.2907086781,333.60000000000736,0.43680587991449316
1.0,2.5,5.0,partial_33,20,0,1.0,16900.0,7013,453875.1870214767,119.99999999999746,0.44840783103620035
1.0,2.5,5.0,partial_33,20,1,0.9987421383647799,18600.0,31846,2424240.0,720.5000000000953,0.28084077105685035
1.0,2.5,5.0,closed_33,2,0,0.25951557093425603,0.0,1826,242424.00000000003,726.4000000000966,-0.16215559415796169
1.0,2.5,5.0,closed_33,2,1,0.03806228373702422,0.0,1409,242424.00000000003,734.9000000000985,-0.4017700013782798
1.0,2.5,5.0,closed_33,5,0,0.12802768166089964,250.0,2258,606060.0,733.7000000000983,-0.3120873486447685
1.0,2.5,5.0,closed_33,5,1,0.34429065743944637,675.0,5956,606060.0,734.0000000000983,-0.10446819647882724
1.0,2.5,5.0,closed_33,10,0,0.5294117647058824,2300.0,9875,1212120.0,733.6000000000982,0.046233251202069864
1.0,2.5,5.0,closed_33,10,1,0.4844290657439446,3850.0,8046,1212120.0,733.2000000000982,-0.029857296335423417
1.0,2.5,5.0,closed_33,20,0,0.916955017301038,7525.0,17873,2424240.0,733.3000000000982,0.32492209482335577
1.0,2.5,5.0,closed_33,20,1,0.8615916955017301,5625.0,12457,2424240.0,734.3000000000984,0.3118974710762761
1.0,2.5,10.0,open_33,2,0,0.3309053069719043,675.0,5324,242424.00000000003,615.3000000000713,-0.10505896000172796
1.0,2.5,10.0,open_33,2,1,1.0,5850.0,2897,200046.71319690422,497.20000000004455,0.5824843117289196
1.0,2.5,10.0,open_33,5,0,0.5858480749219563,6150.0,13659,606060.0,621.5000000000728,0.07648459208657973
1.0,2.5,10.0,open_33,5,1,0.6940686784599376,8000.0,13068,606060.0,624.5000000000734,0.16429691260119453
1.0,2.5,10.0,open_33,10,0,1.0,14500.0,20453,942664.3951532966,476.90000000003994,0.4200674744744557
1.0,2.5,10.0,open_33,10,1,0.7544224765868887,7900.0,27016,1212120.0,628.2000000000743,0.21917117035066805
1.0,2.5,10.0,open_33,20,0,1.0,19425.0,4636,276594.59048652695,70.20000000000029,0.4924694596889361
1.0,2.5,10.0,open_33,20,1,1.0,21150.0,4852,285156.78970529186,72.10000000000018,0.4685052287147169
1.0,2.5,10.0,partial_33,2,0,0.25534591194968553,1000.0,2842,242424.00000000003,686.6000000000876,-0.1841928721174004
1.0,2.5,10.0,partial_33,2,1,0.2968553459119497,475.0,2664,242424.00000000003,699.3000000000904,-0.13034511674980123
1.0,2.5,10.0,partial_33,5,0,0.6880503144654088,3175.0,8972,606060.0,693.8000000000892,0.21292054751800601
1.0,2.5,10.0,partial_33,5,1,0.5522012578616352,3050.0,7640,606060.0,699.4000000000905,0.07802060003378589
1.0,2.5,10.0,partial_33,10,0,0.989937106918239,12175.0,18178,1212120.0,698.6000000000903,0.37416832618400553
1.0,2.5,10.0,partial_33,10,1,1.0,11525.0,13410,962414.5262513817,531.0000000000522,0.42813975284064737
1.0,2.5,10.0,partial_33,20,0,1.0,16675.0,7408,492796.7065765904,131.19999999999683,0.44801411575420286
1.0,2.5,10.0,partial_33,20,1,1.0,17625.0,7620,505146.5012560822,133.6999999999967,0.43220616767539743
1.0,2.5,10.0,closed_33,2,0,0.25951557093425603,0.0,1826,242424.00000000003,726.4000000000966,-0.16215559415796169
1.0,2.5,10.0,closed_33,2,1,0.03806228373702422,0.0,1409,242424.00000000003,734.9000000000985,-0.4017700013782798
1.0,2.5,10.0,closed_33,5,0,0.13494809688581316,300.0,2640,606060.0,733.5000000000982,-0.30711544973787464
1.0,2.5,10.0,closed_33,5,1,0.34429065743944637,675.0,6133,606060.0,734.0000000000983,-0.10473932714056475
1.0,2.5,10.0,closed_33,10,0,0.7941176470588235,2925.0,8030,1212120.0,733.6000000000982,0.3051675508875973
1.0,2.5,10.0,closed_33,10,1,0.5294117647058824,2525.0,8384,1212120.0,733.2000000000982,0.04310904144595176
1.0,2.5,10.0,closed_33,20,0,0.7145328719723183,6275.0,16200,2424240.0,733.7000000000983,0.14726962572655813
1.0,2.5,10.0,closed_33,20,1,0.7214532871972318,6225.0,13432,2424240.0,733.7000000000983,0.15680323161476165
1.0,5.0,2.0,open_33,2,0,0.32049947970863685,675.0,5484,242424.00000000003,615.9000000000715,-0.1164206461450211
1.0,5.0,2.0,open_33,2,1,0.29656607700312176,875.0,4940,242424.00000000003,616.6000000000716,-0.1424408497041171
1.0,5.0,2.0,open_33,5,0,0.3600416233090531,2500.0,13479,606060.0,625.3000000000736,-0.10811216549300559
1.0,5.0,2.0,open_33,5,1,0.30697190426638915,1325.0,13765,606060.0,626.4000000000739,-0.14772335317956656
1.0,5.0,2.0,open_33,10,0,1.0,15500.0,20979,970725.7597115637,490.8000000000431,0.40391372705501427
1.0,5.0,2.0,open_33,10,1,0.8272632674297606,9600.0,26790,1212120.0,628.0000000000742,0.2715896961751182
1.0,5.0,2.0,open_33,20,0,1.0,19975.0,4927,285604.52977424813,71.10000000000024,0.4825190281483612
1.0,5.0,2.0,open_33,20,1,1.0,19750.0,5258,301306.63721924974,75.2,0.48178695746609235
1.0,5.0,2.0,partial_33,2,0,0.21635220125786164,825.0,2637,242424.00000000003,714.0000000000938,-0.2221755468533681
1.0,5.0,2.0,partial_33,2,1,0.18742138364779873,0.0,1187,242424.00000000003,731.8000000000978,-0.22356497696431038
1.0,5.0,2.0,partial_33,5,0,0.26540880503144654,2050.0,7250,606060.0,728.200000000097,-0.20149491822887822
1.0,5.0,2.0,partial_33,5,1,0.2641509433962264,1575.0,7278,606060.0,731.8000000000978,-0.19565362441541684
1.0,5.0,2.0,partial_33,10,0,0.8264150943396227,6575.0,15929,1212120.0,734.1000000000984,0.2946088830948078
1.0,5.0,2.0,partial_33,10,1,0.8779874213836478,8600.0,13869,1212120.0,733.3000000000982,0.3181066132792897
1.0,5.0,2.0,partial_33,20,0,1.0,18225.0,5677,421386.98702275427,111.69999999999793,0.436649044639438
1.0,5.0,2.0,partial_33,20,1,1.0,15225.0,6127,446946.2216844661,118.39999999999755,0.47801346662863475
1.0,5.0,2.0,closed_33,2,0,0.04498269896193772,0.0,267,242424.00000000003,734.1000000000984,-0.3728405850729504
1.0,5.0,2.0,closed_33,2,1,0.0328719723183391,0.0,841,242424.00000000003,734.9000000000985,-0.40494456514936117
1.0,5.0,2.0,closed_33,5,0,0.10034602076124567,175.0,1529,606060.0,734.2000000000984,-0.336767558500475
1.0,5.0,2.0,closed_33,5,1,0.33217993079584773,525.0,4068,606060.0,734.9000000000985,-0.10964304086727208
1.0,5.0,2.0,closed_33,10,0,0.39965397923875434,850.0,5733,1212120.0,734.4000000000984,-0.05081780571936037
1.0,5.0,2.0,closed_33,10,1,0.46539792387543255,3300.0,7551,1212120.0,734.8000000000985,-0.037238938201026334
1.0,5.0,2.0,closed_33,20,0,0.7768166089965398,5900.0,12543,2424240.0,734.9000000000985,0.22024873379033835
1.0,5.0,2.0,closed_33,20,1,0.5103806228373703,3175.0,9555,2424240.0,734.9000000000985,0.00900399494922885
1.0,5.0,5.0,open_33,2,0,0.27991675338189387,575.0,4946,242424.00000000003,614.8000000000712,-0.1562331193526327
1.0,5.0,5.0,open_33,2,1,0.6514047866805411,1900.0,4744,242424.00000000003,610.5000000000703,0.21820712311495313
1.0,5.0,5.0,open_33,5,0,0.3350676378772112,2825.0,13610,606060.0,624.7000000000735,-0.1377188831257994
1.0,5.0,5.0,open_33,5,1,0.3673257023933403,2950.0,13631,606060.0,621.0000000000726,-0.10638243005963835
1.0,5.0,5.0,open_33,10,0,0.8314255983350677,9350.0,27392,1212120.0,616.4000000000716,0.2787304856287729
1.0,5.0,5.0,open_33,10,1,1.0,14175.0,21748,996290.7059969609,505.50000000004644,0.41696752416973626
1.0,5.0,5.0,open_33,20,0,1.0,20700.0,5471,301385.39206075016,75.59999999999998,0.4683844477399497
1.0,5.0,5.0,open_33,20,1,1.0,19175.0,5286,298746.6130404859,74.70000000000003,0.48891172991787907
1.0,5.0,5.0,partial_33,2,0,0.21761006289308177,875.0,2502,242424.00000000003,714.1000000000938,-0.22064005956229552
1.0,5.0,5.0,partial_33,2,1,0.18742138364779873,0.0,1187,242424.00000000003,731.8000000000978,-0.22356497696431038
1.0,5.0,5.0,partial_33,5,0,0.2679245283018868,2050.0,6986,606060.0,728.6000000000971,-0.19858707955886024
1.0,5.0,5.0,partial_33,5,1,0.30440251572327043,1950.0,5643,606060.0,731.8000000000978,-0.1571394423871941
1.0,5.0,5.0,partial_33,10,0,0.939622641509434,10050.0,12337,1212120.0,721.6000000000955,0.36060787352421086
1.0,5.0,5.0,partial_33,10,1,0.6628930817610063,6375.0,14416,1212120.0,733.3000000000982,0.13280242700037923
1.0,5.0,5.0,partial_33,20,0,0.9974842767295597,16225.0,28899,2424240.0,725.1000000000963,0.31614643110215257
1.0,5.0,5.0,partial_33,20,1,1.0,15500.0,5458,412063.7478369172,109.09999999999808,0.47962727164279667
1.0,5.0,5.0,closed_33,2,0,0.04498269896193772,0.0,267,242424.00000000003,734.1000000000984,-0.3728405850729504
1.0,5.0,5.0,closed_33,2,1,0.0328719723183391,0.0,841,242424.00000000003,734.9000000000985,-0.40494456514936117
1.0,5.0,5.0,closed_33,5,0,0.10034602076124567,125.0,1182,606060.0,734.2000000000984,-0.3326613213280252
1.0,5.0,5.0,closed_33,5,1,0.33217993079584773,525.0,4068,606060.0,734.9000000000985,-0.10964304086727208
1.0,5.0,5.0,closed_33,10,0,0.39965397923875434,850.0,6009,1212120.0,734.4000000000984,-0.051331754798450285
1.0,5.0,5.0,closed_33,10,1,0.47231833910034604,3200.0,7768,1212120.0,734.9000000000985,-0.02837679116748884
1.0,5.0,5.0,closed_33,20,0,0.726643598615917,6050.0,13467,2424240.0,734.9000000000985,0.1656668517991111
1.0,5.0,5.0,closed_33,20,1,0.6695501730103807,3725.0,7618,2424240.0,734.9000000000985,0.16227352378043233
1.0,5.0,10.0,open_33,2,0,0.4432882414151925,950.0,5149,242424.00000000003,613.900000000071,0.009904920706766712
1.0,5.0,10.0,open_33,2,1,0.47658688865764826,1350.0,5059,242424.00000000003,613.600000000071,0.040189843633442496
1.0,5.0,10.0,open_33,5,0,0.41935483870967744,3975.0,13428,606060.0,627.8000000000742,-0.06598416831948697
1.0,5.0,10.0,open_33,5,1,0.4745057232049948,4100.0,13167,606060.0,629.1000000000745,-0.0110935503705413
1.0,5.0,10.0,open_33,10,0,0.659729448491155,8050.0,27144,1212120.0,628.5000000000744,0.12161185790638543
1.0,5.0,10.0,open_33,10,1,1.0,13275.0,6138,318395.5941373415,160.59999999999516,0.5369043458310608
1.0,5.0,10.0,open_33,20,0,1.0,19150.0,4969,288386.1202947777,72.60000000000015,0.49230826664739663
1.0,5.0,10.0,open_33,20,1,1.0,20200.0,5636,318383.4377447469,80.39999999999971,0.4724940642520665
1.0,5.0,10.0,partial_33,2,0,0.2138364779874214,975.0,2662,242424.00000000003,712.4000000000934,-0.22731647301282734
1.0,5.0,10.0,partial_33,2,1,0.18742138364779873,0.0,1187,242424.00000000003,731.8000000000978,-0.22356497696431038
1.0,5.0,10.0,partial_33,5,0,0.27672955974842767,2200.0,7108,606060.0,728.7000000000971,-0.1919158816474875
1.0,5.0,10.0,partial_33,5,1,0.31069182389937106,2075.0,3902,606060.0,731.8000000000978,-0.14721365002705813
1.0,5.0,10.0,partial_33,10,0,1.0,12075.0,8356,699805.2764241499,388.10000000001975,0.46040502894105095
1.0,5.0,10.0,partial_33,10,1,0.6691823899371069,6175.0,12344,1212120.0,731.7000000000978,0.1439255520973153
1.0,5.0,10.0,partial_33,20,0,1.0,17775.0,8799,603253.6419369611,160.39999999999517,0.42061350148598015
1.0,5.0,10.0,partial_33,20,1,1.0,16375.0,5455,400314.47361600306,106.09999999999825,0.46713809410753043
1.0,5.0,10.0,closed_33,2,0,0.04498269896193772,0.0,267,242424.00000000003,734.1000000000984,-0.3728405850729504
1.0,5.0,10.0,closed_33,2,1,0.0328719723183391,0.0,841,242424.00000000003,734.9000000000985,-0.40494456514936117
1.0,5.0,10.0,closed_33,5,0,0.10380622837370242,150.0,887,606060.0,734.2000000000984,-0.3247450111584895
1.0,5.0,10.0,closed_33,5,1,0.33217993079584773,525.0,4068,606060.0,734.9000000000985,-0.10964304086727208
1.0,5.0,10.0,closed_33,10,0,0.39965397923875434,850.0,5561,1212120.0,734.4000000000984,-0.05047274502369467
1.0,5.0,10.0,closed_33,10,1,0.4740484429065744,3075.0,6713,1212120.0,734.9000000000985,-0.022472126105344076
1.0,5.0,10.0,closed_33,20,0,0.671280276816609,5450.0,11840,2424240.0,734.9000000000985,0.12320617985307228
1.0,5.0,10.0,closed_33,20,1,0.6868512110726643,3825.0,9287,2424240.0,734.9000000000985,0.1752936388492273
1.6,1.0,2.0,open_33,2,0,0.2809573361082206,875.0,3924,242424.00000000003,646.3000000000784,-0.15509992224162458
1.6,1.0,2.0,open_33,2,1,0.3215400624349636,1300.0,3840,242424.00000000003,648.800000000079,-0.11679473935145787
1.6,1.0,2.0,open_33,5,0,0.5286160249739854,8300.0,9908,606060.0,647.4000000000786,-0.004839122607072671
1.6,1.0,2.0,open_33,5,1,0.4984391259105099,6025.0,9824,606060.0,643.7000000000778,-0.007292055684434667
1.6,1.0,2.0,open_33,10,0,0.9781477627471384,19775.0,19898,1212120.0,653.20000000008,0.30030600596038803
1.6,1.0,2.0,open_33,10,1,1.0,22625.0,16486,1000799.8491216366,532.2000000000525,0.31474401935037494
1.6,1.0,2.0,open_33,20,0,1.0,21325.0,7532,474507.6925356509,124.4999999999972,0.43938770430731094
1.6,1.0,2.0,open_33,20,1,1.0,21675.0,6525,422990.3410157319,110.89999999999797,0.4426531220528976
1.6,1.0,2.0,partial_33,2,0,0.3660377358490566,1150.0,3657,242424.00000000003,663.5000000000823,-0.07365273715534656
1.6,1.0,2.0,partial_33,2,1,0.37484276729559746,1250.0,3634,242424.00000000003,661.5000000000819,-0.06573308082262194
1.6,1.0,2.0,partial_33,5,0,0.5006289308176101,4875.0,9550,606060.0,675.8000000000851,-0.005398006741976519
1.6,1.0,2.0,partial_33,5,1,0.549685534591195,4775.0,9354,606060.0,678.4000000000857,0.04655546626806331
1.6,1.0,2.0,partial_33,10,0,0.9647798742138365,12750.0,19176,1212120.0,696.0000000000897,0.3394204825471673
1.6,1.0,2.0,partial_33,10,1,0.9962264150943396,14500.0,19166,1212120.0,683.1000000000868,0.3448190466226455
1.6,1.0,2.0,partial_33,20,0,1.0,18425.0,9828,626141.0707905856,168.4999999999947,0.40703046795836995
1.6,1.0,2.0,partial_33,20,1,1.0,18525.0,13874,883286.9092489542,239.1999999999907,0.3840069045313329
1.6,1.0,2.0,closed_33,2,0,0.25951557093425603,0.0,1613,242424.00000000003,719.200000000095,-0.15940419965879873
1.6,1.0,2.0,closed_33,2,1,0.27335640138408307,25.0,2054,242424.00000000003,728.100000000097,-0.1501785027736585
1.6,1.0,2.0,closed_33,5,0,0.18166089965397925,400.0,5856,606060.0,724.0000000000961,-0.2658036947966472
1.6,1.0,2.0,closed_33,5,1,0.39965397923875434,1775.0,6294,606060.0,727.0000000000967,-0.0710209866231821
1.6,1.0,2.0,closed_33,10,0,0.6660899653979239,5600.0,12678,1212120.0,728.300000000097,0.11422431199725533
1.6,1.0,2.0,closed_33,10,1,0.6920415224913494,7375.0,13244,1212120.0,727.5000000000969,0.10327796595382929
1.6,1.0,2.0,closed_33,20,0,0.7820069204152249,8175.0,24237,2424240.0,733.5000000000982,0.1733316170967684
1.6,1.0,2.0,closed_33,20,1,1.0,9800.0,20106,1789314.9284667308,515.8000000000487,0.39830962938593784
1.6,1.0,5.0,open_33,2,0,0.4172736732570239,1675.0,3660,242424.00000000003,661.0000000000817,-0.01846323848055506
1.6,1.0,5.0,open_33,2,1,0.6586888657648283,3150.0,3574,242424.00000000003,637.4000000000764,0.22004944822292258
1.6,1.0,5.0,open_33,5,0,0.5650364203954215,7650.0,9741,606060.0,655.8000000000806,0.04090662169751921
1.6,1.0,5.0,open_33,5,1,0.48283038501560877,6450.0,9946,606060.0,650.2000000000793,-0.02878340452145353
1.6,1.0,5.0,open_33,10,0,0.931321540062435,18500.0,19931,1212120.0,654.0000000000801,0.2687602685468906
1.6,1.0,5.0,open_33,10,1,0.8678459937565036,17250.0,20029,1212120.0,648.700000000079,0.21999344761017295
1.6,1.0,5.0,open_33,20,0,1.0,22000.0,9203,570141.0616354835,150.49999999999574,0.419680038357534
1.6,1.0,5.0,open_33,20,1,1.0,21875.0,7968,501886.7224210156,132.59999999999675,0.4292309707311223
1.6,1.0,5.0,partial_33,2,0,0.32075471698113206,1150.0,3672,242424.00000000003,666.9000000000831,-0.12156769854883062
1.6,1.0,5.0,partial_33,2,1,0.3522012578616352,1025.0,3601,242424.00000000003,665.5000000000828,-0.08607097848627701
1.6,1.0,5.0,partial_33,5,0,0.5207547169811321,4600.0,9565,606060.0,667.6000000000832,0.01932244716000034
1.6,1.0,5.0,partial_33,5,1,0.5886792452830188,5150.0,9195,606060.0,688.2000000000879,0.08102860095924472
1.6,1.0,5.0,partial_33,10,0,0.9911949685534591,14250.0,18994,1212120.0,680.3000000000861,0.3436064422965036
1.6,1.0,5.0,partial_33,10,1,0.9660377358490566,13450.0,19082,1212120.0,683.6000000000869,0.3301814763768093
1.6,1.0,5.0,partial_33,20,0,1.0,19250.0,13320,844963.9498740169,228.19999999999132,0.37598506141049576
1.6,1.0,5.0,partial_33,20,1,1.0,17250.0,10843,691517.7680075094,186.3999999999937,0.4189128785214227
1.6,1.0,5.0,closed_33,2,0,0.25951557093425603,0.0,1613,242424.00000000003,719.200000000095,-0.15940419965879873
1.6,1.0,5.0,closed_33,2,1,0.27335640138408307,25.0,2054,242424.00000000003,728.100000000097,-0.1501785027736585
1.6,1.0,5.0,closed_33,5,0,0.17474048442906576,375.0,6607,606060.0,719.300000000095,-0.2729724325101327
1.6,1.0,5.0,closed_33,5,1,0.39273356401384085,1125.0,5840,606060.0,726.6000000000967,-0.06384262382886172
1.6,1.0,5.0,closed_33,10,0,0.6228373702422145,4700.0,13092,1212120.0,728.000000000097,0.08884361706761387
1.6,1.0,5.0,closed_33,10,1,0.671280276816609,6600.0,13376,1212120.0,727.5000000000969,0.09826845485959226
1.6,1.0,5.0,closed_33,20,0,0.9826989619377162,11625.0,24566,2424240.0,729.5000000000973,0.30368469754136285
1.6,1.0,5.0,closed_33,20,1,0.7889273356401384,9300.0,28193,2424240.0,727.2000000000968,0.15617834219847057
1.6,1.0,10.0,open_33,2,0,0.35796045785639957,1200.0,3771,242424.00000000003,642.9000000000776,-0.07638939850328605
1.6,1.0,10.0,open_33,2,1,0.5535900104058272,2425.0,3622,242424.00000000003,646.1000000000784,0.11728540785493266
1.6,1.0,10.0,open_33,5,0,0.4287200832466181,5025.0,10164,606060.0,647.0000000000786,-0.06678466147127451
1.6,1.0,10.0,open_33,5,1,0.5744016649323621,8975.0,9982,606060.0,646.7000000000785,0.03360698487999472
1.6,1.0,10.0,open_33,10,0,0.813735691987513,14200.0,20233,1212120.0,655.0000000000804,0.20313940565222358
1.6,1.0,10.0,open_33,10,1,0.9760665972944849,16400.0,19764,1212120.0,650.0000000000792,0.34042836188482384
1.6,1.0,10.0,open_33,20,0,1.0,22350.0,10028,621886.05625821,165.0999999999949,0.41009695779502753
1.6,1.0,10.0,open_33,20,1,1.0,22650.0,9670,604452.7149226745,160.19999999999519,0.408273074870772
1.6,1.0,10.0,partial_33,2,0,0.33459119496855344,1125.0,3695,242424.00000000003,666.8000000000831,-0.10668795388158234
1.6,1.0,10.0,partial_33,2,1,0.4176100628930818,925.0,3562,242424.00000000003,663.2000000000822,-0.015218833683816074
1.6,1.0,10.0,partial_33,5,0,0.5018867924528302,4800.0,9357,606060.0,677.5000000000855,-0.002741109486566612
1.6,1.0,10.0,partial_33,5,1,0.5924528301886792,4750.0,9403,606060.0,683.1000000000868,0.0906205824414881
1.6,1.0,10.0,partial_33,10,0,1.0,13150.0,14104,916662.9039733052,499.30000000004503,0.40828144776044006
1.6,1.0,10.0,partial_33,10,1,1.0,14450.0,14091,900552.0211995217,490.0000000000429,0.39059266802783454
1.6,1.0,10.0,partial_33,20,0,1.0,18150.0,13796,890882.6139124366,241.89999999999054,0.38930161957183396
1.6,1.0,10.0,partial_33,20,1,1.0,18300.0,14217,923295.0242668055,250.09999999999008,0.3846478248645787
1.6,1.0,10.0,closed_33,2,0,0.25951557093425603,0.0,1613,242424.00000000003,719.200000000095,-0.15940419965879873
1.6,1.0,10.0,closed_33,2,1,0.27335640138408307,25.0,2054,242424.00000000003,728.100000000097,-0.1501785027736585
1.6,1.0,10.0,closed_33,5,0,0.17993079584775087,75.0,5814,606060.0,726.0000000000965,-0.2607986906535934
1.6,1.0,10.0,closed_33,5,1,0.40657439446366783,2400.0,5763,606060.0,725.3000000000964,-0.0759431216274962
1.6,1.0,10.0,closed_33,10,0,0.6349480968858131,5150.0,12854,1212120.0,726.5000000000966,0.0919108977565051
1.6,1.0,10.0,closed_33,10,1,0.610726643598616,6050.0,13621,1212120.0,727.5000000000969,0.04825502263306933
1.6,1.0,10.0,closed_33,20,0,0.9740484429065744,12175.0,25627,2424240.0,724.7000000000962,0.28328485871809816
1.6,1.0,10.0,closed_33,20,1,0.7906574394463668,10000.0,27663,2424240.0,723.0000000000958,0.14347607168268253
1.6,2.5,2.0,open_33,2,0,0.2861602497398543,600.0,5512,242424.00000000003,610.9000000000703,-0.15152029909515877
1.6,2.5,2.0,open_33,2,1,0.24765868886576484,750.0,5599,242424.00000000003,610.7000000000703,-0.19391868899689493
1.6,2.5,2.0,open_33,5,0,0.32882414151925077,2000.0,13997,606060.0,603.8000000000687,-0.13397093895439458
1.6,2.5,2.0,open_33,5,1,0.3215400624349636,1800.0,13405,606060.0,627.6000000000741,-0.13862145307489218
1.6,2.5,2.0,open_33,10,0,0.5411030176899063,6425.0,27404,1212120.0,625.2000000000736,0.022016237224440932
1.6,2.5,2.0,open_33,10,1,0.5983350676378772,7350.0,28193,1212120.0,621.4000000000727,0.06810747256011265
1.6,2.5,2.0,open_33,20,0,1.0,20175.0,5241,292366.0092439465,73.20000000000012,0.4771397679891676
1.6,2.5,2.0,open_33,20,1,1.0,20625.0,4898,282476.2041388694,70.70000000000026,0.47483123377964875
1.6,2.5,2.0,partial_33,2,0,0.25660377358490566,850.0,3050,242424.00000000003,686.4000000000875,-0.18186323814972447
1.6,2.5,2.0,partial_33,2,1,0.31949685534591193,400.0,2956,242424.00000000003,689.6000000000882,-0.10724700719057975
1.6,2.5,2.0,partial_33,5,0,0.2930817610062893,2350.0,10445,606060.0,684.000000000087,-0.1802882118566633
1.6,2.5,2.0,partial_33,5,1,0.38742138364779877,2600.0,9360,606060.0,693.100000000089,-0.08671104137447103
1.6,2.5,2.0,partial_33,10,0,0.9408805031446541,8175.0,18814,1212120.0,700.6000000000907,0.38451105199680125
1.6,2.5,2.0,partial_33,10,1,0.9949685534591195,11975.0,19516,1212120.0,698.1000000000902,0.3814550176798718
1.6,2.5,2.0,partial_33,20,0,1.0,16625.0,5524,349446.49563339585,90.89999999999911,0.4659787097363643
1.6,2.5,2.0,partial_33,20,1,1.0,17325.0,6213,396508.716500625,103.89999999999837,0.4488977656341476
1.6,2.5,2.0,closed_33,2,0,0.2301038062283737,0.0,1363,242424.00000000003,726.4000000000966,-0.18766951522141834
1.6,2.5,2.0,closed_33,2,1,0.03806228373702422,0.0,1409,242424.00000000003,734.9000000000985,-0.4017700013782798
1.6,2.5,2.0,closed_33,5,0,0.12802768166089964,275.0,2599,606060.0,733.5000000000982,-0.3138208303721568
1.6,2.5,2.0,closed_33,5,1,0.3166089965397924,725.0,5379,606060.0,734.0000000000983,-0.13301680085702663
1.6,2.5,2.0,closed_33,10,0,0.5103806228373703,2175.0,11466,1212120.0,733.4000000000982,0.02830533938452054
1.6,2.5,2.0,closed_33,10,1,0.5190311418685121,2500.0,12277,1212120.0,734.3000000000984,0.029839502772876697
1.6,2.5,2.0,closed_33,20,0,0.8494809688581315,6325.0,16060,2424240.0,734.5000000000985,0.28262140988564455
1.6,2.5,2.0,closed_33,20,1,0.6833910034602076,5200.0,14372,2424240.0,734.3000000000984,0.13901273106355608
1.6,2.5,5.0,open_33,2,0,1.0,5850.0,3115,194325.15697580524,484.1000000000416,0.5818966797252474
1.6,2.5,5.0,open_33,2,1,0.7960457856399584,2675.0,4104,242424.00000000003,610.2000000000702,0.3653335709854163
1.6,2.5,5.0,open_33,5,0,0.45161290322580644,4150.0,13059,606060.0,626.800000000074,-0.035003113127855506
1.6,2.5,5.0,open_33,5,1,0.6056191467221644,6075.0,12607,606060.0,626.800000000074,0.09855452617631302
1.6,2.5,5.0,open_33,10,0,0.7710718002081165,13050.0,27340,1212120.0,624.1000000000734,0.1715884855650371
1.6,2.5,5.0,open_33,10,1,0.6118626430801248,8550.0,27655,1212120.0,622.1000000000729,0.06690020633289032
1.6,2.5,5.0,open_33,20,0,1.0,20350.0,6264,340675.4791558301,86.09999999999938,0.4654942114862248
1.6,2.5,5.0,open_33,20,1,1.0,20400.0,4071,247158.21258923085,62.200000000000614,0.48783214643641265
1.6,2.5,5.0,partial_33,2,0,0.2578616352201258,1000.0,3311,242424.00000000003,676.8000000000853,-0.18418568127016835
1.6,2.5,5.0,partial_33,2,1,0.31949685534591193,400.0,2956,242424.00000000003,689.6000000000882,-0.10724700719057975
1.6,2.5,5.0,partial_33,5,0,0.3949685534591195,2525.0,11285,606060.0,686.9000000000876,-0.0794677087575141
1.6,2.5,5.0,partial_33,5,1,0.49433962264150944,2850.0,8599,606060.0,705.4000000000918,0.01998796507680714
1.6,2.5,5.0,partial_33,10,0,0.9748427672955975,10025.0,17844,1212120.0,722.0000000000956,0.39156481234707263
1.6,2.5,5.0,partial_33,10,1,0.949685534591195,10500.0,17765,1212120.0,710.9000000000931,0.3589805457072869
1.6,2.5,5.0,partial_33,20,0,1.0,18650.0,9720,614873.6043755175,163.599999999995,0.4045361934983568
1.6,2.5,5.0,partial_33,20,1,1.0,17225.0,6480,419946.8078531367,110.19999999999801,0.4477616494982008
1.6,2.5,5.0,closed_33,2,0,0.2301038062283737,0.0,1363,242424.00000000003,726.4000000000966,-0.18766951522141834
1.6,2.5,5.0,closed_33,2,1,0.03806228373702422,0.0,1409,242424.00000000003,734.9000000000985,-0.4017700013782798
1.6,2.5,5.0,closed_33,5,0,0.12802768166089964,250.0,2258,606060.0,733.7000000000983,-0.3120873486447685
1.6,2.5,5.0,closed_33,5,1,0.36505190311418684,1075.0,2570,606060.0,733.6000000000982,-0.07894928388259934
1.6,2.5,5.0,closed_33,10,0,0.8044982698961938,3200.0,9268,1212120.0,733.6000000000982,0.3079505219186971
1.6,2.5,5.0,closed_33,10,1,0.5501730103806228,4425.0,10306,1212120.0,734.2000000000984,0.02283972250015051
1.6,2.5,5.0,closed_33,20,0,0.8304498269896193,7125.0,16699,2424240.0,733.6000000000982,0.2464638343726757
1.6,2.5,5.0,closed_33,20,1,0.7058823529411765,5025.0,13478,2424240.0,734.3000000000984,0.16592728242491747
1.6,2.5,10.0,open_33,2,0,0.7065556711758585,2325.0,4724,242424.00000000003,609.30000000007,0.2707802457351933
1.6,2.5,10.0,open_33,2,1,0.5431841831425598,1725.0,5080,242424.00000000003,609.30000000007,0.1051539782981393
1.6,2.5,10.0,open_33,5,0,0.8407908428720083,10025.0,12287,606060.0,613.5000000000709,0.2896751784664935
1.6,2.5,10.0,open_33,5,1,0.413111342351717,2950.0,13051,606060.0,627.6000000000741,-0.059313395090119486
1.6,2.5,10.0,open_33,10,0,0.5369406867845994,5825.0,28000,1212120.0,628.3000000000743,0.02518804112073622
1.6,2.5,10.0,open_33,10,1,0.6233090530697191,7925.0,27775,1212120.0,628.3000000000743,0.08623845419786905
1.6,2.5,10.0,open_33,20,0,1.0,19500.0,6331,343041.89998837514,86.79999999999934,0.47560052005805353
1.6,2.5,10.0,open_33,20,1,1.0,18000.0,4244,255039.2721096389,64.50000000000061,0.5154270749454736
1.6,2.5,10.0,partial_33,2,0,0.24779874213836478,925.0,3020,242424.00000000003,689.8000000000883,-0.19223681320865504
1.6,2.5,10.0,partial_33,2,1,0.31949685534591193,400.0,2956,242424.00000000003,689.6000000000882,-0.10724700719057975
1.6,2.5,10.0,partial_33,5,0,0.42012578616352203,2975.0,9286,606060.0,688.400000000088,-0.058808518242480484
1.6,2.5,10.0,partial_33,5,1,0.4930817610062893,2625.0,9082,606060.0,688.2000000000879,0.02142759462175861
1.6,2.5,10.0,partial_33,10,0,0.9836477987421384,12050.0,18348,1212120.0,702.5000000000912,0.36958002237805754
1.6,2.5,10.0,partial_33,10,1,0.9987421383647799,13875.0,18796,1212120.0,692.900000000089,0.35702299658727177
1.6,2.5,10.0,partial_33,20,0,1.0,18000.0,6793,449895.5617223899,119.1999999999975,0.43292678993607103
1.6,2.5,10.0,partial_33,20,1,1.0,15775.0,5250,352815.1645793789,92.49999999999902,0.48031896216752157
1.6,2.5,10.0,closed_33,2,0,0.2301038062283737,0.0,1363,242424.00000000003,726.4000000000966,-0.18766951522141834
1.6,2.5,10.0,closed_33,2,1,0.03806228373702422,0.0,1409,242424.00000000003,734.9000000000985,-0.4017700013782798
1.6,2.5,10.0,closed_33,5,0,0.13494809688581316,300.0,2640,606060.0,733.5000000000982,-0.30711544973787464
1.6,2.5,10.0,closed_33,5,1,0.3460207612456747,1050.0,3656,606060.0,734.1000000000984,-0.10466282518214351
1.6,2.5,10.0,closed_33,10,0,0.6176470588235294,2600.0,10048,1212120.0,733.6000000000982,0.12951650392845984
1.6,2.5,10.0,closed_33,10,1,0.4083044982698962,1475.0,8503,1212120.0,733.2000000000982,-0.05866117008787322
1.6,2.5,10.0,closed_33,20,0,0.7041522491349481,6075.0,13873,2424240.0,733.7000000000983,0.14213365738452247
1.6,2.5,10.0,closed_33,20,1,0.7301038062283737,5800.0,12632,2424240.0,733.7000000000983,0.17494231367447918
1.6,5.0,2.0,open_33,2,0,0.25078043704474506,450.0,5241,242424.00000000003,611.3000000000704,-0.186094536828905
1.6,5.0,2.0,open_33,2,1,0.24869927159209157,725.0,5564,242424.00000000003,611.6000000000705,-0.1924425644738598
1.6,5.0,2.0,open_33,5,0,0.34235171696149846,2650.0,12757,606060.0,598.3000000000675,-0.1276408464424014
1.6,5.0,2.0,open_33,5,1,0.33298647242455776,1525.0,12923,606060.0,602.2000000000684,-0.12325152317286067
1.6,5.0,2.0,open_33,10,0,0.554630593132154,6300.0,28375,1212120.0,624.3000000000734,0.037049435382721235
1.6,5.0,2.0,open_33,10,1,0.4599375650364204,5575.0,28143,1212120.0,618.7000000000721,-0.04948306722765464
1.6,5.0,2.0,open_33,20,0,1.0,19275.0,4579,267809.1282315068,66.30000000000051,0.4953959500778563
1.6,5.0,2.0,open_33,20,1,1.0,19275.0,4364,252981.03215060802,62.900000000000624,0.49838059223193826
1.6,5.0,2.0,partial_33,2,0,0.19748427672955976,775.0,2581,242424.00000000003,717.7000000000946,-0.2414559434498241
1.6,5.0,2.0,partial_33,2,1,0.1811320754716981,0.0,1146,242424.00000000003,731.8000000000978,-0.2298239968797231
1.6,5.0,2.0,partial_33,5,0,0.37358490566037733,2050.0,8083,606060.0,726.0000000000965,-0.09117047677659204
1.6,5.0,2.0,partial_33,5,1,0.39748427672955977,1950.0,7116,606060.0,731.8000000000978,-0.06363847874114545
1.6,5.0,2.0,partial_33,10,0,0.6981132075471698,5100.0,15454,1212120.0,734.1000000000984,0.18708803080238004
1.6,5.0,2.0,partial_33,10,1,0.6880503144654088,5150.0,15673,1212120.0,733.3000000000982,0.17598716029851588
1.6,5.0,2.0,partial_33,20,0,1.0,17325.0,5216,365926.22918001935,95.39999999999885,0.45636469810564073
1.6,5.0,2.0,partial_33,20,1,1.0,15950.0,6279,447920.4987947317,118.29999999999755,0.46627167266637176
1.6,5.0,2.0,closed_33,2,0,0.04498269896193772,0.0,267,242424.00000000003,734.1000000000984,-0.3728405850729504
1.6,5.0,2.0,closed_33,2,1,0.0328719723183391,0.0,841,242424.00000000003,734.9000000000985,-0.40494456514936117
1.6,5.0,2.0,closed_33,5,0,0.10034602076124567,175.0,1529,606060.0,734.2000000000984,-0.336767558500475
1.6,5.0,2.0,closed_33,5,1,0.3062283737024221,600.0,3759,606060.0,734.9000000000985,-0.13718196448833006
1.6,5.0,2.0,closed_33,10,0,0.3944636678200692,900.0,6106,1212120.0,734.4000000000984,-0.05786703445409194
1.6,5.0,2.0,closed_33,10,1,0.47750865051903113,3125.0,6786,1212120.0,734.9000000000985,-0.020089962784720777
1.6,5.0,2.0,closed_33,20,0,0.7422145328719724,5825.0,11778,2424240.0,734.9000000000985,0.1873789633625799
1.6,5.0,2.0,closed_33,20,1,0.49480968858131485,2700.0,11223,2424240.0,734.9000000000985,0.0017649160049224843
1.6,5.0,5.0,open_33,2,0,0.2372528616024974,475.0,5140,242424.00000000003,611.1000000000704,-0.20038072852507954
1.6,5.0,5.0,open_33,2,1,0.32778355879292403,1100.0,5610,242424.00000000003,609.40000000007,-0.11444721055042587
1.6,5.0,5.0,open_33,5,0,0.331945889698231,1875.0,12602,606060.0,600.0000000000679,-0.12850511860772
1.6,5.0,5.0,open_33,5,1,0.3309053069719043,1600.0,13874,606060.0,613.1000000000708,-0.12679622886198202
1.6,5.0,5.0,open_33,10,0,0.5379812695109261,5925.0,26953,1212120.0,627.8000000000742,0.025197552671319262
1.6,5.0,5.0,open_33,10,1,0.4745057232049948,5700.0,27265,1212120.0,628.7000000000744,-0.03617969281135716
1.6,5.0,5.0,open_33,20,0,1.0,20300.0,5438,303686.62081312016,75.89999999999996,0.4734732832895122
1.6,5.0,5.0,open_33,20,1,1.0,19200.0,3931,236612.4272900531,58.800000000000566,0.505084520388087
1.6,5.0,5.0,partial_33,2,0,0.19748427672955976,800.0,2628,242424.00000000003,717.5000000000946,-0.24212361068768373
1.6,5.0,5.0,partial_33,2,1,0.1811320754716981,0.0,1146,242424.00000000003,731.8000000000978,-0.2298239968797231
1.6,5.0,5.0,partial_33,5,0,0.37610062893081764,2375.0,8621,606060.0,725.5000000000964,-0.0941368183057412
1.6,5.0,5.0,partial_33,5,1,0.39748427672955977,1800.0,7412,606060.0,731.8000000000978,-0.06186289829029776
1.6,5.0,5.0,partial_33,10,0,0.8238993710691824,7675.0,15735,1212120.0,725.4000000000964,0.2755948877146801
1.6,5.0,5.0,partial_33,10,1,0.6779874213836478,5700.0,14784,1212120.0,733.3000000000982,0.15805800490924218
1.6,5.0,5.0,partial_33,20,0,1.0,18275.0,6923,492267.70290383464,130.39999999999688,0.4257217514618795
1.6,5.0,5.0,partial_33,20,1,1.0,16700.0,5271,369922.00854215864,96.19999999999881,0.46520082733677237
1.6,5.0,5.0,closed_33,2,0,0.04498269896193772,0.0,267,242424.00000000003,734.1000000000984,-0.3728405850729504
1.6,5.0,5.0,closed_33,2,1,0.0328719723183391,0.0,841,242424.00000000003,734.9000000000985,-0.40494456514936117
1.6,5.0,5.0,closed_33,5,0,0.10034602076124567,125.0,1182,606060.0,734.2000000000984,-0.3326613213280252
1.6,5.0,5.0,closed_33,5,1,0.33217993079584773,625.0,3845,606060.0,734.9000000000985,-0.11097227138777913
1.6,5.0,5.0,closed_33,10,0,0.3944636678200692,900.0,6382,1212120.0,734.4000000000984,-0.058317940091702186
1.6,5.0,5.0,closed_33,10,1,0.49480968858131485,3150.0,9385,1212120.0,734.9000000000985,-0.006160794721500801
1.6,5.0,5.0,closed_33,20,0,0.8719723183391004,6125.0,7355,2424240.0,734.9000000000985,0.319604333079484
1.6,5.0,5.0,closed_33,20,1,0.6955017301038062,3550.0,11459,2424240.0,734.9000000000985,0.1875226402613562
1.6,5.0,10.0,open_33,2,0,0.3173777315296566,725.0,5498,242424.00000000003,609.60000000007,-0.1203520762750506
1.6,5.0,10.0,open_33,2,1,0.24557752341311134,750.0,5372,242424.00000000003,625.8000000000737,-0.1956073438849642
1.6,5.0,10.0,open_33,5,0,0.39334027055150883,3325.0,13334,606060.0,624.1000000000734,-0.08435329631864688
1.6,5.0,10.0,open_33,5,1,0.37877211238293446,2225.0,12799,606060.0,611.6000000000705,-0.08515990969512385
1.6,5.0,10.0,open_33,10,0,0.6670135275754423,9450.0,27425,1212120.0,629.8000000000746,0.11141870865691558
1.6,5.0,10.0,open_33,10,1,0.48803329864724243,5575.0,27525,1212120.0,626.6000000000739,-0.021000053171957606
1.6,5.0,10.0,open_33,20,0,1.0,18025.0,6955,371871.98669736506,93.89999999999894,0.489184470642385
1.6,5.0,10.0,open_33,20,1,1.0,20025.0,5610,303407.1851644418,76.39999999999993,0.4757445418536978
1.6,5.0,10.0,partial_33,2,0,0.2,950.0,2711,242424.00000000003,717.4000000000946,-0.2421638580267204
1.6,5.0,10.0,partial_33,2,1,0.1811320754716981,0.0,1146,242424.00000000003,731.8000000000978,-0.2298239968797231
1.6,5.0,10.0,partial_33,5,0,0.37610062893081764,2300.0,7097,606060.0,726.2000000000966,-0.09093261925251675
1.6,5.0,10.0,partial_33,5,1,0.4050314465408805,2175.0,6232,606060.0,731.8000000000978,-0.0575040959511339
1.6,5.0,10.0,partial_33,10,0,0.9320754716981132,6850.0,16919,1212120.0,723.800000000096,0.3968225698079969
1.6,5.0,10.0,partial_33,10,1,0.7182389937106918,6050.0,16160,1212120.0,733.3000000000982,0.19271227401851496
1.6,5.0,10.0,partial_33,20,0,1.0,16325.0,4156,302085.5060818633,78.29999999999983,0.483757712704236
1.6,5.0,10.0,partial_33,20,1,1.0,16950.0,6700,482503.8606611276,127.59999999999702,0.4472229404253789
1.6,5.0,10.0,closed_33,2,0,0.04498269896193772,0.0,267,242424.00000000003,734.1000000000984,-0.3728405850729504
1.6,5.0,10.0,closed_33,2,1,0.0328719723183391,0.0,841,242424.00000000003,734.9000000000985,-0.40494456514936117
1.6,5.0,10.0,closed_33,5,0,0.10380622837370242,150.0,887,606060.0,734.2000000000984,-0.3247450111584895
1.6,5.0,10.0,closed_33,5,1,0.32525951557093424,525.0,4052,606060.0,734.9000000000985,-0.11678269606029609
1.6,5.0,10.0,closed_33,10,0,0.3944636678200692,900.0,5934,1212120.0,734.4000000000984,-0.05756560561869137
1.6,5.0,10.0,closed_33,10,1,0.4740484429065744,3075.0,6597,1212120.0,734.9000000000985,-0.022273507871847814
1.6,5.0,10.0,closed_33,20,0,0.671280276816609,5375.0,10796,2424240.0,734.9000000000985,0.12565186219232286
1.6,5.0,10.0,closed_33,20,1,0.6851211072664359,3800.0,6831,2424240.0,734.9000000000985,0.1782222854223612
2.5,1.0,2.0,open_33,2,0,0.35796045785639957,1525.0,3833,242424.00000000003,645.6000000000782,-0.08081992316356859
2.5,1.0,2.0,open_33,2,1,0.28407908428720086,1350.0,3914,242424.00000000003,652.5000000000798,-0.1576622557811049
2.5,1.0,2.0,open_33,5,0,0.4339229968782518,4650.0,10039,606060.0,654.1000000000802,-0.056621541353985366
2.5,1.0,2.0,open_33,5,1,0.49427679500520294,5975.0,9982,606060.0,649.7000000000792,-0.01115019557212385
2.5,1.0,2.0,open_33,10,0,1.0,20800.0,17166,1053458.9552404615,558.7000000000585,0.3306376857279188
2.5,1.0,2.0,open_33,10,1,0.9937565036420395,19400.0,19790,1212120.0,655.1000000000804,0.3208749572693945
2.5,1.0,2.0,open_33,20,0,1.0,22625.0,8462,530035.5767068407,139.19999999999638,0.4164958235743122
2.5,1.0,2.0,open_33,20,1,1.0,21675.0,7285,463994.98483675066,121.19999999999739,0.4366604434045332
2.5,1.0,2.0,partial_33,2,0,0.3270440251572327,1350.0,3655,242424.00000000003,663.5000000000823,-0.11785440613026824
2.5,1.0,2.0,partial_33,2,1,0.34591194968553457,750.0,3520,242424.00000000003,674.4000000000848,-0.08811411904110841
2.5,1.0,2.0,partial_33,5,0,0.9169811320754717,4925.0,9292,606060.0,672.7000000000844,0.4200212342341042
2.5,1.0,2.0,partial_33,5,1,0.8716981132075472,5775.0,9121,606060.0,687.8000000000878,0.3612678802668844
2.5,1.0,2.0,partial_33,10,0,1.0,14225.0,16107,1007063.8607446803,549.3000000000563,0.37938521157748906
2.5,1.0,2.0,partial_33,10,1,1.0,14225.0,13864,867690.3157489942,470.2000000000384,0.3981530211815722
2.5,1.0,2.0,partial_33,20,0,1.0,19225.0,9508,610579.2843660787,163.599999999995,0.3965795328433944
2.5,1.0,2.0,partial_33,20,1,1.0,19000.0,10665,682819.7020040038,182.9999999999939,0.3933343508986322
2.5,1.0,2.0,closed_33,2,0,0.27854671280276816,0.0,1708,242424.00000000003,719.200000000095,-0.14005503501246283
2.5,1.0,2.0,closed_33,2,1,0.27854671280276816,25.0,2316,242424.00000000003,728.100000000097,-0.14691736835480038
2.5,1.0,2.0,closed_33,5,0,0.18166089965397925,400.0,5856,606060.0,724.0000000000961,-0.2658036947966472
2.5,1.0,2.0,closed_33,5,1,0.38581314878892736,2250.0,5576,606060.0,727.1000000000968,-0.09380762661819944
2.5,1.0,2.0,closed_33,10,0,0.8979238754325259,6375.0,13006,1212120.0,728.300000000097,0.33263850459904165
2.5,1.0,2.0,closed_33,10,1,0.6764705882352942,6400.0,13163,1212120.0,727.5000000000969,0.10780844327419273
2.5,1.0,2.0,closed_33,20,0,0.9809688581314879,10625.0,25317,2424240.0,729.5000000000973,0.3225078056530093
2.5,1.0,2.0,closed_33,20,1,0.967128027681661,10350.0,25948,2424240.0,734.5000000000985,0.31413132120497667
2.5,1.0,5.0,open_33,2,0,0.2767950052029136,700.0,3761,242424.00000000003,656.9000000000808,-0.15657409376522327
2.5,1.0,5.0,open_33,2,1,0.3413111342351717,1475.0,3917,242424.00000000003,647.8000000000787,-0.09837141245112183
2.5,1.0,5.0,open_33,5,0,0.5026014568158168,6550.0,9708,606060.0,655.5000000000805,-0.009414361893181927
2.5,1.0,5.0,open_33,5,1,0.5067637877211238,5400.0,9983,606060.0,657.700000000081,0.008843737338500163
2.5,1.0,5.0,open_33,10,0,0.9250780437044746,16500.0,20016,1212120.0,655.6000000000805,0.287355932913013
2.5,1.0,5.0,open_33,10,1,0.8480749219562955,13400.0,19695,1212120.0,653.10000000008,0.24822578925795494
2.5,1.0,5.0,open_33,20,0,1.0,21925.0,7923,498820.05202104617,130.99999999999685,0.4289528919282306
2.5,1.0,5.0,open_33,20,1,1.0,21100.0,7882,496318.4391689054,130.49999999999687,0.43955417524632223
2.5,1.0,5.0,partial_33,2,0,0.3484276729559748,1550.0,3587,242424.00000000003,675.400000000085,-0.09790678672343969
2.5,1.0,5.0,partial_33,2,1,0.410062893081761,875.0,3557,242424.00000000003,669.0000000000836,-0.02240238722680324
2.5,1.0,5.0,partial_33,5,0,0.6817610062893081,4525.0,9070,606060.0,676.5000000000853,0.18593102960921484
2.5,1.0,5.0,partial_33,5,1,0.8616352201257862,5575.0,9286,606060.0,673.5000000000846,0.353649600613267
2.5,1.0,5.0,partial_33,10,0,0.9823899371069182,15600.0,18253,1212120.0,682.9000000000867,0.31478334587846657
2.5,1.0,5.0,partial_33,10,1,1.0,14775.0,14743,919645.3458402358,498.7000000000449,0.3827394179307146
2.5,1.0,5.0,partial_33,20,0,1.0,18800.0,10658,688747.7683934425,186.2999999999937,0.3960127243805018
2.5,1.0,5.0,partial_33,20,1,1.0,18550.0,12575,804421.5691356375,218.1999999999919,0.38990827785373666
2.5,1.0,5.0,closed_33,2,0,0.27854671280276816,0.0,1708,242424.00000000003,719.200000000095,-0.14005503501246283
2.5,1.0,5.0,closed_33,2,1,0.27854671280276816,25.0,2316,242424.00000000003,728.100000000097,-0.14691736835480038
2.5,1.0,5.0,closed_33,5,0,0.17474048442906576,375.0,6607,606060.0,719.300000000095,-0.2729724325101327
2.5,1.0,5.0,closed_33,5,1,0.4031141868512111,2625.0,6192,606060.0,725.3000000000964,-0.08494915005752049
2.5,1.0,5.0,closed_33,10,0,0.6695501730103807,5550.0,12603,1212120.0,728.000000000097,0.11881845941292793
2.5,1.0,5.0,closed_33,10,1,0.7076124567474048,7150.0,12679,1212120.0,727.5000000000969,0.12410010572856586
2.5,1.0,5.0,closed_33,20,0,0.9377162629757786,8425.0,22558,2424240.0,729.1000000000972,0.3253972847606066
2.5,1.0,5.0,closed_33,20,1,0.9688581314878892,10075.0,27321,2424240.0,726.8000000000967,0.32126974570799405
2.5,1.0,10.0,open_33,2,0,0.3267429760665973,1200.0,3853,242424.00000000003,650.6000000000794,-0.11007966813227263
2.5,1.0,10.0,open_33,2,1,0.3381893860561915,1475.0,3927,242424.00000000003,644.2000000000779,-0.10174298694338965
2.5,1.0,10.0,open_33,5,0,0.4599375650364204,5675.0,9918,606060.0,645.0000000000781,-0.04257133527164739
2.5,1.0,10.0,open_33,5,1,0.47658688865764826,5400.0,9771,606060.0,650.4000000000793,-0.021854918368890003
2.5,1.0,10.0,open_33,10,0,1.0,20575.0,12922,795196.3401515015,419.900000000027,0.3690855378632491
2.5,1.0,10.0,open_33,10,1,0.8064516129032258,13400.0,20010,1212120.0,656.4000000000807,0.20586741747270584
2.5,1.0,10.0,open_33,20,0,1.0,22375.0,8728,541916.2261599619,142.4999999999962,0.4180697232634174
2.5,1.0,10.0,open_33,20,1,1.0,21075.0,9266,581209.9295673808,154.19999999999553,0.4303962539803859
2.5,1.0,10.0,partial_33,2,0,0.3081761006289308,1125.0,3672,242424.00000000003,671.3000000000841,-0.13448511541102617
2.5,1.0,10.0,partial_33,2,1,0.3559748427672956,950.0,3601,242424.00000000003,672.5000000000844,-0.08095031597674276
2.5,1.0,10.0,partial_33,5,0,0.939622641509434,5625.0,9303,606060.0,665.7000000000828,0.43257104415031755
2.5,1.0,10.0,partial_33,5,1,0.5345911949685535,4700.0,9194,606060.0,690.2000000000884,0.032458370411635046
2.5,1.0,10.0,partial_33,10,0,0.9836477987421384,15675.0,18644,1212120.0,688.9000000000881,0.31467617908610235
2.5,1.0,10.0,partial_33,10,1,1.0,13675.0,12872,828486.3729986551,451.90000000003425,0.4123076413663889
2.5,1.0,10.0,partial_33,20,0,1.0,17975.0,12113,791544.2047724808,214.79999999999208,0.399993269461092
2.5,1.0,10.0,partial_33,20,1,1.0,18125.0,12418,824172.2640159568,223.69999999999158,0.39535851940595296
2.5,1.0,10.0,closed_33,2,0,0.27854671280276816,0.0,1708,242424.00000000003,719.200000000095,-0.14005503501246283
2.5,1.0,10.0,closed_33,2,1,0.27854671280276816,25.0,2316,242424.00000000003,728.100000000097,-0.14691736835480038
2.5,1.0,10.0,closed_33,5,0,0.17993079584775087,75.0,5814,606060.0,726.0000000000965,-0.2607986906535934
2.5,1.0,10.0,closed_33,5,1,0.45674740484429066,2100.0,6052,606060.0,725.3000000000964,-0.018756073503175957
2.5,1.0,10.0,closed_33,10,0,0.6782006920415224,5550.0,12314,1212120.0,726.5000000000966,0.1277868039590289
2.5,1.0,10.0,closed_33,10,1,0.6211072664359861,5950.0,12143,1212120.0,727.6000000000969,0.06174803188737013
2.5,1.0,10.0,closed_33,20,0,0.7958477508650519,8600.0,25250,2424240.0,726.2000000000966,0.17822415487804935
2.5,1.0,10.0,closed_33,20,1,1.0,10350.0,18538,1680438.6512219252,482.0000000000411,0.39406580618034837
2.5,2.5,2.0,open_33,2,0,0.6909469302809573,1600.0,4554,242424.00000000003,619.7000000000724,0.26469884367731766
2.5,2.5,2.0,open_33,2,1,0.2299687825182102,450.0,5243,242424.00000000003,628.5000000000744,-0.20796084085923316
2.5,2.5,2.0,open_33,5,0,0.3673257023933403,2850.0,13121,606060.0,632.3000000000752,-0.10484708987541821
2.5,2.5,2.0,open_33,5,1,0.5244536940686785,3225.0,13570,606060.0,623.0000000000731,0.05048191255335979
2.5,2.5,2.0,open_33,10,0,0.6451612903225806,8200.0,26851,1212120.0,629.4000000000746,0.10509428206275565
2.5,2.5,2.0,open_33,10,1,0.6337148803329865,7700.0,26995,1212120.0,629.1000000000745,0.09973919797508154
2.5,2.5,2.0,open_33,20,0,1.0,19575.0,3841,230645.70076354267,57.400000000000546,0.5018619485542078
2.5,2.5,2.0,open_33,20,1,1.0,19500.0,3709,220842.52676679147,54.90000000000051,0.5050795703692061
2.5,2.5,2.0,partial_33,2,0,0.22641509433962265,900.0,2762,242424.00000000003,702.1000000000911,-0.21325939512617806
2.5,2.5,2.0,partial_33,2,1,0.31572327044025156,325.0,2969,242424.00000000003,691.9000000000888,-0.11024174121384953
2.5,2.5,2.0,partial_33,5,0,0.8704402515723271,3425.0,8114,606060.0,686.4000000000875,0.3978725292598767
2.5,2.5,2.0,partial_33,5,1,0.7937106918238994,3650.0,7892,606060.0,692.900000000089,0.316382397021157
2.5,2.5,2.0,partial_33,10,0,0.9672955974842767,11875.0,17725,1212120.0,687.6000000000878,0.35608018601534097
2.5,2.5,2.0,partial_33,10,1,0.9761006289308176,10325.0,17178,1212120.0,715.9000000000942,0.3887735977500385
2.5,2.5,2.0,partial_33,20,0,1.0,17475.0,4462,301918.6987885004,78.39999999999982,0.4636051552898833
2.5,2.5,2.0,partial_33,20,1,1.0,16950.0,5413,345566.2945572389,89.1999999999992,0.461979101191938
2.5,2.5,2.0,closed_33,2,0,0.24740484429065743,0.0,1795,242424.00000000003,726.4000000000966,-0.1749033772435703
2.5,2.5,2.0,closed_33,2,1,0.03806228373702422,0.0,1409,242424.00000000003,734.9000000000985,-0.4017700013782798
2.5,2.5,2.0,closed_33,5,0,0.12802768166089964,275.0,2599,606060.0,733.5000000000982,-0.3138208303721568
2.5,2.5,2.0,closed_33,5,1,0.356401384083045,1225.0,2954,606060.0,733.6000000000982,-0.09391862428764006
2.5,2.5,2.0,closed_33,10,0,0.5986159169550173,2750.0,8590,1212120.0,733.4000000000982,0.10869398244666587
2.5,2.5,2.0,closed_33,10,1,0.6608996539792388,3375.0,9120,1212120.0,734.3000000000984,0.15844662419963632
2.5,2.5,2.0,closed_33,20,0,0.903114186851211,6975.0,13685,2424240.0,734.5000000000985,0.3248827890967968
2.5,2.5,2.0,closed_33,20,1,0.7716262975778547,5750.0,13099,2424240.0,734.3000000000984,0.21768287433532477
2.5,2.5,5.0,open_33,2,0,0.7939646201873048,4225.0,4545,242424.00000000003,600.9000000000681,0.3398862185565271
2.5,2.5,5.0,open_33,2,1,0.2299687825182102,450.0,5243,242424.00000000003,628.5000000000744,-0.20796084085923316
2.5,2.5,5.0,open_33,5,0,0.404786680541103,4125.0,13669,606060.0,625.5000000000737,-0.08286528576645971
2.5,2.5,5.0,open_33,5,1,0.42455775234131116,2950.0,13303,606060.0,628.5000000000744,-0.04779618182143072
2.5,2.5,5.0,open_33,10,0,0.6129032258064516,7025.0,27243,1212120.0,629.4000000000746,0.08708646466114797
2.5,2.5,5.0,open_33,10,1,0.6222684703433923,8175.0,27435,1212120.0,626.900000000074,0.08214246091716801
2.5,2.5,5.0,open_33,20,0,1.0,19325.0,3536,214403.3088607737,53.40000000000049,0.5100233954411778
2.5,2.5,5.0,open_33,20,1,1.0,20975.0,3663,225362.07430636417,56.600000000000534,0.4870061066785893
2.5,2.5,5.0,partial_33,2,0,0.2578616352201258,1050.0,3316,242424.00000000003,677.8000000000856,-0.1849652370294555
2.5,2.5,5.0,partial_33,2,1,0.31572327044025156,325.0,2969,242424.00000000003,691.9000000000888,-0.11024174121384953
2.5,2.5,5.0,partial_33,5,0,0.6364779874213836,2625.0,8026,606060.0,702.5000000000912,0.170202743942892
2.5,2.5,5.0,partial_33,5,1,0.6050314465408805,3325.0,7697,606060.0,695.4000000000896,0.1280432238049314
2.5,2.5,5.0,partial_33,10,0,0.989937106918239,12550.0,15628,1212120.0,695.7000000000896,0.3704418863199085
2.5,2.5,5.0,partial_33,10,1,0.959748427672956,10625.0,17108,1212120.0,698.5000000000903,0.3677350853724931
2.5,2.5,5.0,partial_33,20,0,1.0,17825.0,4717,311941.92457942385,80.5999999999997,0.45562606873623035
2.5,2.5,5.0,partial_33,20,1,1.0,17925.0,7602,519866.33374931524,138.6999999999964,0.426861563307999
2.5,2.5,5.0,closed_33,2,0,0.24740484429065743,0.0,1795,242424.00000000003,726.4000000000966,-0.1749033772435703
2.5,2.5,5.0,closed_33,2,1,0.03806228373702422,0.0,1409,242424.00000000003,734.9000000000985,-0.4017700013782798
2.5,2.5,5.0,closed_33,5,0,0.12802768166089964,250.0,2258,606060.0,733.7000000000983,-0.3120873486447685
2.5,2.5,5.0,closed_33,5,1,0.35813148788927335,1200.0,2587,606060.0,733.6000000000982,-0.08900025236700712
2.5,2.5,5.0,closed_33,10,0,0.49480968858131485,1650.0,8688,1212120.0,733.6000000000982,0.025670142640274646
2.5,2.5,5.0,closed_33,10,1,0.5051903114186851,3750.0,10054,1212120.0,733.3000000000982,-0.008641763903948413
2.5,2.5,5.0,closed_33,20,0,0.8166089965397924,7200.0,14000,2424240.0,733.3000000000982,0.23246799451416503
2.5,2.5,5.0,closed_33,20,1,0.7941176470588235,6500.0,11986,2424240.0,734.3000000000984,0.22578979034086002
2.5,2.5,10.0,open_33,2,0,0.8168574401664932,3750.0,4494,242424.00000000003,602.6000000000685,0.37019749476494523
2.5,2.5,10.0,open_33,2,1,0.2299687825182102,450.0,5243,242424.00000000003,628.5000000000744,-0.20796084085923316
2.5,2.5,10.0,open_33,5,0,0.5411030176899063,5600.0,13235,606060.0,623.1000000000731,0.03807274446160461
2.5,2.5,10.0,open_33,5,1,0.6024973985431842,5125.0,13092,606060.0,623.5000000000732,0.10676284388191629
2.5,2.5,10.0,open_33,10,0,0.7336108220603538,11150.0,27098,1212120.0,629.4000000000746,0.1575435015931653
2.5,2.5,10.0,open_33,10,1,0.6045785639958376,6375.0,27627,1212120.0,625.3000000000736,0.08670863911558793
2.5,2.5,10.0,open_33,20,0,1.0,19775.0,3964,241948.60297331493,60.70000000000059,0.49719167143204174
2.5,2.5,10.0,open_33,20,1,1.0,19875.0,3537,223161.27456326922,56.20000000000053,0.502619467266483
2.5,2.5,10.0,partial_33,2,0,0.24528301886792453,1025.0,2942,242424.00000000003,690.8000000000885,-0.19598473350802517
2.5,2.5,10.0,partial_33,2,1,0.31572327044025156,325.0,2969,242424.00000000003,691.9000000000888,-0.11024174121384953
2.5,2.5,10.0,partial_33,5,0,0.5584905660377358,2925.0,9247,606060.0,682.8000000000867,0.0836398897851364
2.5,2.5,10.0,partial_33,5,1,0.759748427672956,3375.0,8694,606060.0,698.2000000000902,0.28384864895090267
2.5,2.5,10.0,partial_33,10,0,0.9358490566037736,11425.0,15621,1212120.0,699.0000000000904,0.33259064539869765
2.5,2.5,10.0,partial_33,10,1,1.0,13500.0,6549,425933.722886818,226.39999999999142,0.4779447525559195
2.5,2.5,10.0,partial_33,20,0,1.0,18650.0,6012,398876.2085201596,104.49999999999834,0.42976162961710146
2.5,2.5,10.0,partial_33,20,1,1.0,17575.0,5850,391018.15956846904,102.69999999999844,0.44731044034846273
2.5,2.5,10.0,closed_33,2,0,0.24740484429065743,0.0,1795,242424.00000000003,726.4000000000966,-0.1749033772435703
2.5,2.5,10.0,closed_33,2,1,0.03806228373702422,0.0,1409,242424.00000000003,734.9000000000985,-0.4017700013782798
2.5,2.5,10.0,closed_33,5,0,0.13494809688581316,300.0,2640,606060.0,733.5000000000982,-0.30711544973787464
2.5,2.5,10.0,closed_33,5,1,0.35986159169550175,1150.0,3267,606060.0,733.5000000000982,-0.09050145074252011
2.5,2.5,10.0,closed_33,10,0,0.6626297577854672,2375.0,7187,1212120.0,733.6000000000982,0.18405569039852063
2.5,2.5,10.0,closed_33,10,1,0.6505190311418685,3875.0,8527,1212120.0,733.1000000000981,0.13829464626289853
2.5,2.5,10.0,closed_33,20,0,0.7024221453287197,5950.0,16068,2424240.0,733.7000000000983,0.14184175761538095
2.5,2.5,10.0,closed_33,20,1,0.7629757785467128,6650.0,12406,2424240.0,733.7000000000983,0.19076717444090388
2.5,5.0,2.0,open_33,2,0,0.4953173777315297,1200.0,4882,242424.00000000003,618.8000000000721,0.06254027775026452
2.5,5.0,2.0,open_33,2,1,0.4921956295525494,500.0,4942,242424.00000000003,619.0000000000722,0.06771267489972901
2.5,5.0,2.0,open_33,5,0,0.3798126951092612,2750.0,13801,606060.0,621.2000000000727,-0.09124120378511782
2.5,5.0,2.0,open_33,5,1,0.3704474505723205,2450.0,14091,606060.0,621.6000000000728,-0.0971975877828963
2.5,5.0,2.0,open_33,10,0,1.0,18500.0,25027,1149717.642760418,583.4000000000641,0.3430760603047611
2.5,5.0,2.0,open_33,10,1,0.6982310093652445,8900.0,27313,1212120.0,628.5000000000744,0.149845725975519
2.5,5.0,2.0,open_33,20,0,1.0,19675.0,5112,279409.02851782786,69.40000000000033,0.48514269928694004
2.5,5.0,2.0,open_33,20,1,1.0,19975.0,3324,208881.5481893667,51.50000000000046,0.5054076626762478
2.5,5.0,2.0,partial_33,2,0,0.19245283018867926,600.0,2338,242424.00000000003,721.7000000000955,-0.24262188322405107
2.5,5.0,2.0,partial_33,2,1,0.17484276729559747,0.0,1073,242424.00000000003,731.8000000000978,-0.23519573655478754
2.5,5.0,2.0,partial_33,5,0,0.6465408805031446,1975.0,8968,606060.0,725.5000000000964,0.18854750720442617
2.5,5.0,2.0,partial_33,5,1,0.5157232704402516,2275.0,6524,606060.0,731.8000000000978,0.054677882327473365
2.5,5.0,2.0,partial_33,10,0,0.8842767295597485,6500.0,16759,1212120.0,734.1000000000984,0.3537967319032619
2.5,5.0,2.0,partial_33,10,1,0.8415094339622642,7025.0,13766,1212120.0,733.3000000000982,0.30493095993824704
2.5,5.0,2.0,partial_33,20,0,0.9987421383647799,17325.0,21625,2424240.0,734.1000000000984,0.30341317632365405
2.5,5.0,2.0,partial_33,20,1,1.0,17375.0,3230,267024.38687325455,69.50000000000033,0.4810802884802799
2.5,5.0,2.0,closed_33,2,0,0.04498269896193772,0.0,267,242424.00000000003,734.1000000000984,-0.3728405850729504
2.5,5.0,2.0,closed_33,2,1,0.0328719723183391,0.0,841,242424.00000000003,734.9000000000985,-0.40494456514936117
2.5,5.0,2.0,closed_33,5,0,0.10034602076124567,175.0,1529,606060.0,734.2000000000984,-0.336767558500475
2.5,5.0,2.0,closed_33,5,1,0.33217993079584773,1050.0,1568,606060.0,734.9000000000985,-0.10133654887980151
2.5,5.0,2.0,closed_33,10,0,0.4031141868512111,850.0,3236,1212120.0,734.4000000000984,-0.03882741731039205
2.5,5.0,2.0,closed_33,10,1,0.5674740484429066,3300.0,4781,1212120.0,734.9000000000985,0.0737776224556119
2.5,5.0,2.0,closed_33,20,0,0.6643598615916955,4875.0,9150,2424240.0,734.9000000000985,0.13078741559679932
2.5,5.0,2.0,closed_33,20,1,0.5034602076124568,2925.0,8827,2424240.0,734.9000000000985,0.007863587654502818
2.5,5.0,5.0,open_33,2,0,0.4953173777315297,1200.0,4882,242424.00000000003,618.8000000000721,0.06254027775026452
2.5,5.0,5.0,open_33,2,1,0.4921956295525494,500.0,4942,242424.00000000003,619.0000000000722,0.06771267489972901
2.5,5.0,5.0,open_33,5,0,0.3558792924037461,2625.0,14028,606060.0,622.0000000000729,-0.11420363318095109
2.5,5.0,5.0,open_33,5,1,0.36940686784599375,1525.0,13500,606060.0,623.3000000000732,-0.08639348480636147
2.5,5.0,5.0,open_33,10,0,0.6847034339229969,8375.0,27537,1212120.0,622.800000000073,0.14268166683756497
2.5,5.0,5.0,open_33,10,1,0.6722164412070759,6500.0,27360,1212120.0,626.800000000074,0.15352648983506137
2.5,5.0,5.0,open_33,20,0,1.0,19125.0,5034,277836.17900740076,69.30000000000034,0.49272191715028474
2.5,5.0,5.0,open_33,20,1,1.0,19750.0,3978,235311.7951110769,58.50000000000056,0.49773335882385233
2.5,5.0,5.0,partial_33,2,0,0.19874213836477989,725.0,2434,242424.00000000003,721.4000000000955,-0.23835866526904262
2.5,5.0,5.0,partial_33,2,1,0.17484276729559747,0.0,1073,242424.00000000003,731.8000000000978,-0.23519573655478754
2.5,5.0,5.0,partial_33,5,0,0.6452830188679245,2050.0,8487,606060.0,721.7000000000955,0.186995178197065
2.5,5.0,5.0,partial_33,5,1,0.529559748427673,2475.0,4845,606060.0,731.8000000000978,0.07174086203093935
2.5,5.0,5.0,partial_33,10,0,0.8742138364779874,6350.0,16835,1212120.0,734.1000000000984,0.34581423160775004
2.5,5.0,5.0,partial_33,10,1,0.9635220125786164,8775.0,12927,1212120.0,733.3000000000982,0.4034070354697751
2.5,5.0,5.0,partial_33,20,0,1.0,17600.0,3623,263881.47596867476,67.70000000000043,0.4726003720084688
2.5,5.0,5.0,partial_33,20,1,1.0,17825.0,3696,294208.69214146025,76.49999999999993,0.4665196565478841
2.5,5.0,5.0,closed_33,2,0,0.04498269896193772,0.0,267,242424.00000000003,734.1000000000984,-0.3728405850729504
2.5,5.0,5.0,closed_33,2,1,0.0328719723183391,0.0,841,242424.00000000003,734.9000000000985,-0.40494456514936117
2.5,5.0,5.0,closed_33,5,0,0.10034602076124567,125.0,1182,606060.0,734.2000000000984,-0.3326613213280252
2.5,5.0,5.0,closed_33,5,1,0.3304498269896194,1100.0,1384,606060.0,734.9000000000985,-0.1004510353160872
2.5,5.0,5.0,closed_33,10,0,0.4031141868512111,850.0,3406,1212120.0,734.4000000000984,-0.03976874263275618
2.5,5.0,5.0,closed_33,10,1,0.5051903114186851,3225.0,7133,1212120.0,734.9000000000985,0.005588829471182416
2.5,5.0,5.0,closed_33,20,0,0.8615916955017301,5225.0,7103,2424240.0,734.9000000000985,0.3283250509188045
2.5,5.0,5.0,closed_33,20,1,0.6643598615916955,3425.0,7546,2424240.0,734.9000000000985,0.16333526294329512
2.5,5.0,10.0,open_33,2,0,0.4953173777315297,1200.0,4882,242424.00000000003,618.8000000000721,0.06254027775026452
2.5,5.0,10.0,open_33,2,1,0.4921956295525494,500.0,4942,242424.00000000003,619.0000000000722,0.06771267489972901
2.5,5.0,10.0,open_33,5,0,0.4328824141519251,4275.0,13444,606060.0,625.6000000000737,-0.05593959514875227
2.5,5.0,10.0,open_33,5,1,0.48803329864724243,4300.0,13320,606060.0,623.2000000000731,9.857115056186028e-05
2.5,5.0,10.0,open_33,10,0,0.7034339229968782,8175.0,26894,1212120.0,629.7000000000746,0.16426413464493814
2.5,5.0,10.0,open_33,10,1,0.7565036420395421,10050.0,26853,1212120.0,626.3000000000739,0.1944728250785551
2.5,5.0,10.0,open_33,20,0,1.0,20225.0,4008,241564.1411203714,60.50000000000059,0.4910770834636573
2.5,5.0,10.0,open_33,20,1,1.0,20175.0,4337,247766.97903904272,62.10000000000061,0.48772888573432455
2.5,5.0,10.0,partial_33,2,0,0.19748427672955976,800.0,2252,242424.00000000003,722.0000000000956,-0.23948395821748109
2.5,5.0,10.0,partial_33,2,1,0.17484276729559747,0.0,1073,242424.00000000003,731.8000000000978,-0.23519573655478754
2.5,5.0,10.0,partial_33,5,0,0.6465408805031446,2100.0,8977,606060.0,723.4000000000959,0.18664529366560886
2.5,5.0,10.0,partial_33,5,1,0.5220125786163522,2425.0,5456,606060.0,731.8000000000978,0.06217028802696126
2.5,5.0,10.0,partial_33,10,0,0.9962264150943396,11200.0,11777,1212120.0,733.8000000000983,0.4016290187181434
2.5,5.0,10.0,partial_33,10,1,0.9345911949685535,10475.0,12179,1212120.0,731.4000000000977,0.34928319473363323
2.5,5.0,10.0,partial_33,20,0,1.0,16550.0,3870,304109.82486119913,79.39999999999976,0.4831941859900018
2.5,5.0,10.0,partial_33,20,1,1.0,16925.0,3844,284563.5271071987,73.70000000000009,0.4789849836703235
2.5,5.0,10.0,closed_33,2,0,0.04498269896193772,0.0,267,242424.00000000003,734.1000000000984,-0.3728405850729504
2.5,5.0,10.0,closed_33,2,1,0.0328719723183391,0.0,841,242424.00000000003,734.9000000000985,-0.40494456514936117
2.5,5.0,10.0,closed_33,5,0,0.10380622837370242,150.0,887,606060.0,734.2000000000984,-0.3247450111584895
2.5,5.0,10.0,closed_33,5,1,0.3477508650519031,675.0,2136,606060.0,733.7000000000983,-0.08490510956830569
2.5,5.0,10.0,closed_33,10,0,0.4031141868512111,850.0,3015,1212120.0,734.4000000000984,-0.03745638045617164
2.5,5.0,10.0,closed_33,10,1,0.4359861591695502,2625.0,6591,1212120.0,734.9000000000985,-0.05190876911234185
2.5,5.0,10.0,closed_33,20,0,0.6660899653979239,5075.0,9247,2424240.0,734.9000000000985,0.1282734782239389
2.5,5.0,10.0,closed_33,20,1,0.7058823529411765,3800.0,9053,2424240.0,734.9000000000985,0.1954824965689089
