block_size,attract_gain,drone_repel_gain,map_label,n_drones,seed,final_coverage,overlap_m2,wasted_visits,energy_used_j,time_to_terminal,score
3,1.0,2.0,open_33,2,0,0.9146722164412071,3100.0,3336,242424.00000000003,636.8000000000762,0.494080372157479
3,1.0,2.0,open_33,2,1,0.11342351716961499,0.0,3932,242424.00000000003,648.4000000000789,-0.32292887085315164
3,1.0,2.0,open_33,5,0,0.32778355879292403,850.0,9326,606060.0,672.9000000000844,-0.11747294168907504
3,1.0,2.0,open_33,5,1,0.3433922996878252,1450.0,9692,606060.0,655.7000000000805,-0.10928001638388837
3,1.0,2.0,open_33,10,0,1.0,14975.0,4895,336144.68810456945,175.8999999999943,0.5221815593997235
3,1.0,2.0,open_33,10,1,1.0,14800.0,6138,402591.15273222537,208.79999999999242,0.507828367840077
3,1.0,2.0,open_33,20,0,1.0,16775.0,3775,264778.1705390592,68.60000000000038,0.5356284708248313
3,1.0,2.0,open_33,20,1,1.0,16575.0,3052,223635.83839735808,57.80000000000055,0.5515446287801226
3,1.0,2.0,partial_33,2,0,0.27044025157232704,675.0,3546,242424.00000000003,682.4000000000866,-0.16704317788714249
3,1.0,2.0,partial_33,2,1,0.42012578616352203,125.0,3624,242424.00000000003,665.1000000000827,-0.0008896346650310305
3,1.0,2.0,partial_33,5,0,1.0,8600.0,5308,367356.0756466285,394.1000000000211,0.5217145350687503
3,1.0,2.0,partial_33,5,1,0.8427672955974843,2975.0,8902,606060.0,685.5000000000873,0.3744159371191832
3,1.0,2.0,partial_33,10,0,1.0,9200.0,12116,819406.0241017537,452.6000000000344,0.48195871353322517
3,1.0,2.0,partial_33,10,1,1.0,10025.0,8697,591922.4931498086,323.90000000000515,0.5032681665621485
3,1.0,2.0,partial_33,20,0,1.0,15250.0,4582,322982.80040356005,86.59999999999935,0.4949224982711157
3,1.0,2.0,partial_33,20,1,1.0,13950.0,5131,349872.34876338486,93.59999999999896,0.5088337525574353
3,1.0,2.0,closed_33,2,0,0.1972318339100346,0.0,2503,242424.00000000003,712.1000000000934,-0.23414421160433724
3,1.0,2.0,closed_33,2,1,0.24048442906574394,50.0,1695,242424.00000000003,718.4000000000948,-0.18226089118479302
3,1.0,2.0,closed_33,5,0,0.5501730103806228,400.0,6274,606060.0,716.9000000000945,0.11189615504492292
3,1.0,2.0,closed_33,5,1,0.6332179930795848,1300.0,6555,606060.0,716.1000000000943,0.1776486886858061
3,1.0,2.0,closed_33,10,0,0.9238754325259516,4325.0,11959,1212120.0,730.1000000000975,0.4024617815196041
3,1.0,2.0,closed_33,10,1,1.0,6825.0,6351,544889.4327509454,306.6000000000012,0.5183970321040743
3,1.0,2.0,closed_33,20,0,1.0,9625.0,4532,385106.46086615,107.19999999999818,0.5111605246045426
3,1.0,2.0,closed_33,20,1,1.0,11150.0,6042,543185.6152455346,153.79999999999555,0.4623406222610755
3,1.0,5.0,open_33,2,0,0.6586888657648283,3500.0,3484,242424.00000000003,632.2000000000752,0.21666576658633904
3,1.0,5.0,open_33,2,1,0.11342351716961499,0.0,3932,242424.00000000003,648.4000000000789,-0.32292887085315164
3,1.0,5.0,open_33,5,0,1.0,13875.0,7887,510637.09071530023,531.4000000000523,0.4376246491305331
3,1.0,5.0,open_33,5,1,0.8158168574401665,3225.0,9265,606060.0,647.7000000000787,0.35450717544846533
3,1.0,5.0,open_33,10,0,1.0,14125.0,3355,245641.351890706,127.39999999999704,0.5611468985900872
3,1.0,5.0,open_33,10,1,1.0,15150.0,4932,335397.78208460566,174.39999999999438,0.5197762350519467
3,1.0,5.0,open_33,20,0,1.0,16125.0,3051,228382.35432290053,59.80000000000058,0.5568988686377024
3,1.0,5.0,open_33,20,1,1.0,18275.0,3179,225983.3393513672,58.50000000000056,0.5279730351747592
3,1.0,5.0,partial_33,2,0,0.27044025157232704,625.0,3518,242424.00000000003,682.9000000000867,-0.16615982671408777
3,1.0,5.0,partial_33,2,1,0.42012578616352203,125.0,3624,242424.00000000003,665.1000000000827,-0.0008896346650310305
3,1.0,5.0,partial_33,5,0,0.9874213836477987,7675.0,9072,606060.0,672.2000000000843,0.45101953320321264
3,1.0,5.0,partial_33,5,1,0.9949685534591195,9800.0,9334,606060.0,670.3000000000839,0.42603661774982526
3,1.0,5.0,partial_33,10,0,1.0,11950.0,5228,363617.8783563222,195.59999999999317,0.5158896745477827
3,1.0,5.0,partial_33,10,1,1.0,10725.0,18345,1200857.8310221506,666.1000000000829,0.40747165462835083
3,1.0,5.0,partial_33,20,0,1.0,14550.0,5301,364375.40497923456,97.9999999999987,0.49779065131452843
3,1.0,5.0,partial_33,20,1,1.0,14325.0,4666,327865.322582867,87.79999999999929,0.5079115764712157
3,1.0,5.0,closed_33,2,0,0.1972318339100346,0.0,2503,242424.00000000003,712.1000000000934,-0.23414421160433724
3,1.0,5.0,closed_33,2,1,0.24048442906574394,50.0,1695,242424.00000000003,718.4000000000948,-0.18226089118479302
3,1.0,5.0,closed_33,5,0,0.5415224913494809,375.0,6179,606060.0,714.800000000094,0.10375653541471683
3,1.0,5.0,closed_33,5,1,0.8269896193771626,2650.0,7462,606060.0,696.8000000000899,0.34558832729515976
3,1.0,5.0,closed_33,10,0,0.9896193771626297,6900.0,12088,1212120.0,725.9000000000965,0.4154768399321441
3,1.0,5.0,closed_33,10,1,0.9826989619377162,8475.0,14994,1212120.0,707.5000000000923,0.37325270978938485
3,1.0,5.0,closed_33,20,0,1.0,9450.0,4744,416593.1416216162,116.59999999999765,0.5115659317194508
3,1.0,5.0,closed_33,20,1,1.0,11000.0,7637,656274.1053346815,185.49999999999375,0.4536309894612548
3,1.0,10.0,open_33,2,0,0.5931321540062435,450.0,3443,242424.00000000003,636.5000000000762,0.1856800754237363
3,1.0,10.0,open_33,2,1,0.11342351716961499,0.0,3932,242424.00000000003,648.4000000000789,-0.32292887085315164
3,1.0,10.0,open_33,5,0,1.0,13900.0,6220,415954.5899778764,434.9000000000304,0.4674424699212667
3,1.0,10.0,open_33,5,1,1.0,14325.0,7237,484921.4272140143,507.5000000000469,0.44071788754893076
3,1.0,10.0,open_33,10,0,1.0,14625.0,4020,285259.6734367935,148.69999999999584,0.541264196904682
3,1.0,10.0,open_33,10,1,1.0,15075.0,5116,343356.7878935146,178.89999999999412,0.5182830316308624
3,1.0,10.0,open_33,20,0,1.0,17125.0,3256,237315.36579196202,62.40000000000062,0.5403863321189589
3,1.0,10.0,open_33,20,1,1.0,18050.0,3763,259089.56395997386,67.30000000000045,0.5202011353493045
3,1.0,10.0,partial_33,2,0,0.27169811320754716,625.0,3535,242424.00000000003,680.0000000000861,-0.1649049002725758
3,1.0,10.0,partial_33,2,1,0.42012578616352203,125.0,3624,242424.00000000003,665.1000000000827,-0.0008896346650310305
3,1.0,10.0,partial_33,5,0,0.9962264150943396,7975.0,8952,606060.0,674.8000000000849,0.4557888486125311
3,1.0,10.0,partial_33,5,1,0.9823899371069182,6575.0,9030,606060.0,673.2000000000845,0.4625815673033754
3,1.0,10.0,partial_33,10,0,1.0,11125.0,5784,398680.35542504815,215.39999999999205,0.5208177251534919
3,1.0,10.0,partial_33,10,1,0.9710691823899371,11475.0,18426,1212120.0,686.0000000000874,0.3654809474169981
3,1.0,10.0,partial_33,20,0,1.0,14450.0,3764,273402.976602972,72.80000000000014,0.5179106194434617
3,1.0,10.0,partial_33,20,1,1.0,14500.0,4020,291616.02248595795,77.89999999999985,0.5132893137034783
3,1.0,10.0,closed_33,2,0,0.1972318339100346,0.0,2503,242424.00000000003,712.1000000000934,-0.23414421160433724
3,1.0,10.0,closed_33,2,1,0.24048442906574394,50.0,1695,242424.00000000003,718.4000000000948,-0.18226089118479302
3,1.0,10.0,closed_33,5,0,0.5692041522491349,675.0,6200,606060.0,712.1000000000934,0.12586303652547357
3,1.0,10.0,closed_33,5,1,0.9463667820069204,2375.0,7090,606060.0,708.9000000000926,0.4741018741746622
3,1.0,10.0,closed_33,10,0,0.9757785467128027,5900.0,13615,1212120.0,711.4000000000932,0.42077589334737253
3,1.0,10.0,closed_33,10,1,1.0,7850.0,6017,497233.7578106604,277.5999999999946,0.5040631186709985
3,1.0,10.0,closed_33,20,0,1.0,9800.0,5003,441546.76775347255,122.99999999999729,0.5013006386038489
3,1.0,10.0,closed_33,20,1,1.0,11100.0,3350,282564.1530757309,77.69999999999986,0.4968586449048113
3,2.0,2.0,open_33,2,0,0.08636836628511967,50.0,4949,242424.00000000003,632.7000000000753,-0.353752097111496
3,2.0,2.0,open_33,2,1,0.05723204994797086,0.0,4797,242424.00000000003,629.4000000000746,-0.38381173497462695
3,2.0,2.0,open_33,5,0,0.43496357960457854,2250.0,11795,606060.0,626.800000000074,-0.02730885096849686
3,2.0,2.0,open_33,5,1,0.1914672216441207,0.0,12154,606060.0,629.4000000000746,-0.24850323998301138
3,2.0,2.0,open_33,10,0,0.5671175858480749,3250.0,24132,1212120.0,628.3000000000743,0.08871601786490871
3,2.0,2.0,open_33,10,1,0.3870967741935484,675.0,24547,1212120.0,629.6000000000746,-0.06129787996053218
3,2.0,2.0,open_33,20,0,1.0,13700.0,4864,285784.36196394544,72.40000000000016,0.5613937600952895
3,2.0,2.0,open_33,20,1,1.0,15750.0,3325,213035.6897573527,53.60000000000049,0.5579019911484386
3,2.0,2.0,partial_33,2,0,0.14968553459119496,0.0,3573,242424.00000000003,684.200000000087,-0.28508935405693314
3,2.0,2.0,partial_33,2,1,0.34591194968553457,0.0,3927,242424.00000000003,662.9000000000822,-0.0788989869055067
3,2.0,2.0,partial_33,5,0,1.0,6200.0,4319,319279.89406080014,343.70000000000965,0.5769566604402908
3,2.0,2.0,partial_33,5,1,0.6817610062893081,2950.0,8814,606060.0,682.0000000000865,0.2101674818477677
3,2.0,2.0,partial_33,10,0,0.9069182389937107,8775.0,16350,1212120.0,715.6000000000942,0.34269157533826844
3,2.0,2.0,partial_33,10,1,1.0,12475.0,15764,1089151.1415991709,604.4000000000689,0.3963105160383954
3,2.0,2.0,partial_33,20,0,1.0,10700.0,1918,159833.26254218724,41.50000000000032,0.6168772206157831
3,2.0,2.0,partial_33,20,1,1.0,12050.0,3338,239024.3186234762,62.300000000000615,0.5615775942883804
3,2.0,2.0,closed_33,2,0,0.25259515570934254,0.0,2823,242424.00000000003,726.5000000000966,-0.17709684683547242
3,2.0,2.0,closed_33,2,1,0.19896193771626297,0.0,1041,242424.00000000003,729.7000000000974,-0.21563821607074204
3,2.0,2.0,closed_33,5,0,0.6349480968858131,300.0,4655,606060.0,725.2000000000963,0.20619881517861197
3,2.0,2.0,closed_33,5,1,0.39273356401384085,925.0,6778,606060.0,718.3000000000948,-0.06119340527074499
3,2.0,2.0,closed_33,10,0,1.0,6000.0,1863,177270.7580695632,95.69999999999884,0.6253441999571695
3,2.0,2.0,closed_33,10,1,0.9377162629757786,4700.0,11273,1212120.0,731.1000000000977,0.4094561305972523
3,2.0,2.0,closed_33,20,0,1.0,9650.0,2794,272833.002344863,74.80000000000003,0.5348211508038743
3,2.0,2.0,closed_33,20,1,1.0,10025.0,2355,221450.25916944444,60.00000000000058,0.5377941088928712
3,2.0,5.0,open_33,2,0,0.1675338189386056,150.0,4683,242424.00000000003,635.4000000000759,-0.268812576147331
3,2.0,5.0,open_33,2,1,0.05723204994797086,0.0,4797,242424.00000000003,629.4000000000746,-0.38381173497462695
3,2.0,5.0,open_33,5,0,0.36524453694068676,1200.0,11738,606060.0,624.5000000000734,-0.08547390088049042
3,2.0,5.0,open_33,5,1,0.1914672216441207,0.0,12154,606060.0,629.4000000000746,-0.24850323998301138
3,2.0,5.0,open_33,10,0,1.0,9950.0,8567,470928.22577962046,240.9999999999906,0.549893605850164
3,2.0,5.0,open_33,10,1,0.46826222684703434,1500.0,23805,1212120.0,629.6000000000746,0.010653156037428363
3,2.0,5.0,open_33,20,0,1.0,12500.0,3707,234196.34427450178,59.400000000000574,0.5917193037002916
3,2.0,5.0,open_33,20,1,1.0,16475.0,4307,261590.60712584108,66.30000000000051,0.533416990558137
3,2.0,5.0,partial_33,2,0,0.14968553459119496,0.0,3573,242424.00000000003,684.200000000087,-0.28508935405693314
3,2.0,5.0,partial_33,2,1,0.34591194968553457,0.0,3927,242424.00000000003,662.9000000000822,-0.0788989869055067
3,2.0,5.0,partial_33,5,0,0.8654088050314466,4550.0,8124,606060.0,693.9000000000892,0.3757077208418861
3,2.0,5.0,partial_33,5,1,0.7031446540880503,3175.0,9353,606060.0,685.8000000000874,0.22769456754026626
3,2.0,5.0,partial_33,10,0,0.7383647798742138,3100.0,16712,1212120.0,703.9000000000915,0.2573076617775679
3,2.0,5.0,partial_33,10,1,0.5987421383647799,3625.0,16602,1212120.0,727.0000000000967,0.10794234764011615
3,2.0,5.0,partial_33,20,0,1.0,10775.0,2897,216949.7701350227,57.20000000000054,0.5890310204299943
3,2.0,5.0,partial_33,20,1,1.0,13775.0,4010,293463.29917870415,77.69999999999986,0.5242257286822953
3,2.0,5.0,closed_33,2,0,0.25259515570934254,0.0,2823,242424.00000000003,726.5000000000966,-0.17709684683547242
3,2.0,5.0,closed_33,2,1,0.19896193771626297,0.0,1041,242424.00000000003,729.7000000000974,-0.21563821607074204
3,2.0,5.0,closed_33,5,0,0.71280276816609,775.0,4835,606060.0,733.6000000000982,0.2758246762196622
3,2.0,5.0,closed_33,5,1,0.7179930795847751,1675.0,6460,606060.0,714.4000000000939,0.2568826395442312
3,2.0,5.0,closed_33,10,0,1.0,4375.0,1824,190530.8209341776,104.29999999999835,0.6586544464385766
3,2.0,5.0,closed_33,10,1,0.7975778546712803,5675.0,9407,1212120.0,725.1000000000963,0.24932833899593046
3,2.0,5.0,closed_33,20,0,1.0,8625.0,2140,223869.2411689721,61.600000000000605,0.5713922765890969
3,2.0,5.0,closed_33,20,1,1.0,8475.0,2078,193101.15319300676,52.10000000000047,0.5778289656015158
3,2.0,10.0,open_33,2,0,0.21436004162330904,150.0,4687,242424.00000000003,626.800000000074,-0.21932716356175466
3,2.0,10.0,open_33,2,1,0.05723204994797086,0.0,4797,242424.00000000003,629.4000000000746,-0.38381173497462695
3,2.0,10.0,open_33,5,0,0.45369406867845996,575.0,11769,606060.0,631.0000000000749,0.012786522717731758
3,2.0,10.0,open_33,5,1,0.1914672216441207,0.0,12154,606060.0,629.4000000000746,-0.24850323998301138
3,2.0,10.0,open_33,10,0,1.0,12550.0,4972,298038.55223770766,151.0999999999957,0.5563645626533538
3,2.0,10.0,open_33,10,1,1.0,15775.0,14096,743862.7124511936,380.0000000000179,0.43352120184833776
3,2.0,10.0,open_33,20,0,1.0,14300.0,4327,263814.74653224694,66.90000000000047,0.5602366936334265
3,2.0,10.0,open_33,20,1,1.0,16050.0,3425,219644.92768723145,55.60000000000052,0.552228451025922
3,2.0,10.0,partial_33,2,0,0.14968553459119496,0.0,3573,242424.00000000003,684.200000000087,-0.28508935405693314
3,2.0,10.0,partial_33,2,1,0.34591194968553457,0.0,3927,242424.00000000003,662.9000000000822,-0.0788989869055067
3,2.0,10.0,partial_33,5,0,0.919496855345912,2425.0,8703,606060.0,683.8000000000869,0.4616943443337338
3,2.0,10.0,partial_33,5,1,0.9861635220125786,5075.0,8848,606060.0,681.7000000000864,0.4895339086343913
3,2.0,10.0,partial_33,10,0,0.7496855345911949,2925.0,17913,1212120.0,687.1000000000877,0.27075031207550115
3,2.0,10.0,partial_33,10,1,0.5735849056603773,2575.0,18127,1212120.0,692.6000000000889,0.09763410371125472
3,2.0,10.0,partial_33,20,0,1.0,12525.0,3512,262342.9329844224,69.9000000000003,0.5506870851489564
3,2.0,10.0,partial_33,20,1,1.0,12525.0,3827,285916.1714112051,76.19999999999995,0.5455085791554422
3,2.0,10.0,closed_33,2,0,0.25259515570934254,0.0,2823,242424.00000000003,726.5000000000966,-0.17709684683547242
3,2.0,10.0,closed_33,2,1,0.19896193771626297,0.0,1041,242424.00000000003,729.7000000000974,-0.21563821607074204
3,2.0,10.0,closed_33,5,0,0.6262975778546713,275.0,3999,606060.0,727.7000000000969,0.20104633613745124
3,2.0,10.0,closed_33,5,1,0.6453287197231834,1700.0,4833,606060.0,716.6000000000944,0.18708458713609813
3,2.0,10.0,closed_33,10,0,0.986159169550173,5525.0,7309,1212120.0,725.1000000000963,0.44871210458804567
3,2.0,10.0,closed_33,10,1,0.9965397923875432,7050.0,9772,1212120.0,721.1000000000954,0.4224274449466151
3,2.0,10.0,closed_33,20,0,1.0,9150.0,2822,280892.39939162973,77.69999999999986,0.5442980798758511
3,2.0,10.0,closed_33,20,1,1.0,9500.0,2320,221567.6664137626,60.60000000000059,0.5494007812944127
3,4.0,2.0,open_33,2,0,0.3350676378772112,925.0,5217,242424.00000000003,604.800000000069,-0.10348730371554057
3,4.0,2.0,open_33,2,1,0.36212278876170656,0.0,5247,242424.00000000003,604.4000000000689,-0.06366213825646441
3,4.0,2.0,open_33,5,0,0.6170655567117586,1875.0,13377,606060.0,605.4000000000691,0.16194243184836973
3,4.0,2.0,open_33,5,1,1.0,7225.0,6908,341597.7533428665,340.800000000009,0.5650047030479122
3,4.0,2.0,open_33,10,0,1.0,10650.0,8271,401216.84738197643,199.59999999999295,0.5504301416725383
3,4.0,2.0,open_33,10,1,1.0,11000.0,8401,409541.5418844337,203.6999999999927,0.5446340328999806
3,4.0,2.0,open_33,20,0,1.0,14200.0,3391,192891.02212798456,48.10000000000041,0.577437006284127
3,4.0,2.0,open_33,20,1,1.0,14925.0,4587,243737.34094257746,60.800000000000594,0.551073607914878
3,4.0,2.0,partial_33,2,0,0.1069182389937107,0.0,3118,242424.00000000003,728.300000000097,-0.32956491915663444
3,4.0,2.0,partial_33,2,1,0.379874213836478,0.0,2150,242424.00000000003,704.6000000000917,-0.027620801570446024
3,4.0,2.0,partial_33,5,0,0.9484276729559749,7150.0,5775,606060.0,700.8000000000908,0.4307041282997034
3,4.0,2.0,partial_33,5,1,0.4867924528301887,1150.0,4601,606060.0,720.1000000000952,0.04826537988867205
3,4.0,2.0,partial_33,10,0,0.7672955974842768,2925.0,7535,1212120.0,728.000000000097,0.3011679812826483
3,4.0,2.0,partial_33,10,1,0.8427672955974843,3400.0,8439,1212120.0,729.5000000000973,0.3690681849199756
3,4.0,2.0,partial_33,20,0,1.0,9950.0,8106,938922.9003895847,271.59999999999326,0.520661850826094
3,4.0,2.0,partial_33,20,1,1.0,12925.0,2939,233287.26931008883,60.30000000000059,0.5548781361113775
3,4.0,2.0,closed_33,2,0,0.28719723183391005,0.0,720,242424.00000000003,719.100000000095,-0.1010395376669678
3,4.0,2.0,closed_33,2,1,0.1903114186851211,0.0,1626,242424.00000000003,733.5000000000982,-0.23512380916946157
3,4.0,2.0,closed_33,5,0,0.6833910034602076,300.0,2135,606060.0,733.6000000000982,0.27955612997737267
3,4.0,2.0,closed_33,5,1,0.5709342560553633,325.0,3042,606060.0,733.6000000000982,0.14910183737161034
3,4.0,2.0,closed_33,10,0,0.9290657439446367,4325.0,4810,1212120.0,733.0000000000981,0.42495795628085953
3,4.0,2.0,closed_33,10,1,0.7577854671280276,3425.0,5791,1212120.0,734.2000000000984,0.26332863504034065
3,4.0,2.0,closed_33,20,0,0.9775086505190311,7950.0,8153,2424240.0,734.0000000000983,0.38745483565138394
3,4.0,2.0,closed_33,20,1,0.9913494809688581,8225.0,8839,2424240.0,732.700000000098,0.3944077092517131
3,4.0,5.0,open_33,2,0,0.32882414151925077,1075.0,5175,242424.00000000003,601.8000000000683,-0.11177920527055082
3,4.0,5.0,open_33,2,1,0.36212278876170656,0.0,5247,242424.00000000003,604.4000000000689,-0.06366213825646441
3,4.0,5.0,open_33,5,0,0.4755463059313215,1375.0,13564,606060.0,605.6000000000691,0.023710436360555892
3,4.0,5.0,open_33,5,1,1.0,6925.0,6575,330766.16619169473,330.3000000000066,0.5729512630939636
3,4.0,5.0,open_33,10,0,1.0,11150.0,5132,270207.5271247772,134.79999999999663,0.5758868615134396
3,4.0,5.0,open_33,10,1,1.0,11975.0,7505,368929.14562365715,184.09999999999383,0.540558024251453
3,4.0,5.0,open_33,20,0,1.0,15125.0,3722,210404.8177789487,52.400000000000475,0.5601607028189544
3,4.0,5.0,open_33,20,1,1.0,16325.0,4058,226897.10296351416,56.40000000000053,0.540072266133507
3,4.0,5.0,partial_33,2,0,0.1069182389937107,0.0,3118,242424.00000000003,728.300000000097,-0.32956491915663444
3,4.0,5.0,partial_33,2,1,0.379874213836478,0.0,2150,242424.00000000003,704.6000000000917,-0.027620801570446024
3,4.0,5.0,partial_33,5,0,0.5836477987421383,1300.0,5976,606060.0,727.5000000000969,0.14119561962055807
3,4.0,5.0,partial_33,5,1,0.5308176100628931,1250.0,5916,606060.0,709.2000000000927,0.08747999653350427
3,4.0,5.0,partial_33,10,0,0.810062893081761,4175.0,8845,1212120.0,719.8000000000951,0.3229599980381124
3,4.0,5.0,partial_33,10,1,0.9333333333333333,5350.0,9439,1212120.0,728.5000000000971,0.4299984288569759
3,4.0,5.0,partial_33,20,0,1.0,10925.0,3352,306723.45259081386,83.19999999999955,0.5743301696933265
3,4.0,5.0,partial_33,20,1,1.0,11725.0,3726,307182.13995411573,82.2999999999996,0.5574697293101796
3,4.0,5.0,closed_33,2,0,0.28719723183391005,0.0,720,242424.00000000003,719.100000000095,-0.1010395376669678
3,4.0,5.0,closed_33,2,1,0.1903114186851211,0.0,1626,242424.00000000003,733.5000000000982,-0.23512380916946157
3,4.0,5.0,closed_33,5,0,0.6885813148788927,475.0,2454,606060.0,732.9000000000981,0.27614063638270536
3,4.0,5.0,closed_33,5,1,0.7560553633217993,475.0,2721,606060.0,733.6000000000982,0.34326294339464614
3,4.0,5.0,closed_33,10,0,0.870242214532872,1700.0,5652,1212120.0,733.0000000000981,0.41502030556890734
3,4.0,5.0,closed_33,10,1,0.7716262975778547,4750.0,4422,1212120.0,733.4000000000982,0.2560515565563717
3,4.0,5.0,closed_33,20,0,0.9982698961937716,8600.0,9714,2424240.0,732.300000000098,0.3920992617334601
3,4.0,5.0,closed_33,20,1,0.9705882352941176,7625.0,10928,2424240.0,733.1000000000981,0.38248808707886306
3,4.0,10.0,open_33,2,0,0.36212278876170656,1100.0,5077,242424.00000000003,600.400000000068,-0.07681310803891447
3,4.0,10.0,open_33,2,1,0.36212278876170656,0.0,5247,242424.00000000003,604.4000000000689,-0.06366213825646441
3,4.0,10.0,open_33,5,0,0.5098855359001041,1750.0,13422,606060.0,603.8000000000687,0.054155271684109135
3,4.0,10.0,open_33,5,1,1.0,6425.0,7047,348025.7951384976,347.60000000001054,0.5728263395141339
3,4.0,10.0,open_33,10,0,1.0,9875.0,3972,221339.60352234775,110.29999999999801,0.6087577558507403
3,4.0,10.0,open_33,10,1,1.0,10225.0,7487,372117.16760116955,185.69999999999374,0.5621029131177746
3,4.0,10.0,open_33,20,0,1.0,14050.0,3406,193362.98824108066,48.40000000000042,0.5790543906693575
3,4.0,10.0,open_33,20,1,1.0,13825.0,4497,242614.64810918272,60.800000000000594,0.5657330681507264
3,4.0,10.0,partial_33,2,0,0.1069182389937107,0.0,3118,242424.00000000003,728.300000000097,-0.32956491915663444
3,4.0,10.0,partial_33,2,1,0.379874213836478,0.0,2150,242424.00000000003,704.6000000000917,-0.027620801570446024
3,4.0,10.0,partial_33,5,0,0.7396226415094339,2325.0,4113,606060.0,728.300000000097,0.2976077885208419
3,4.0,10.0,partial_33,5,1,0.529559748427673,700.0,5410,606060.0,721.8000000000956,0.09620935885585138
3,4.0,10.0,partial_33,10,0,0.8163522012578617,4000.0,9511,1212120.0,719.200000000095,0.3306937841496228
3,4.0,10.0,partial_33,10,1,0.879245283018868,3875.0,11057,1212120.0,722.2000000000957,0.3941479724346121
3,4.0,10.0,partial_33,20,0,1.0,11375.0,2298,194988.31924376404,51.000000000000455,0.5937934234806167
3,4.0,10.0,partial_33,20,1,1.0,14100.0,3504,266731.05014455086,69.9000000000003,0.5267550885006553
3,4.0,10.0,closed_33,2,0,0.28719723183391005,0.0,720,242424.00000000003,719.100000000095,-0.1010395376669678
3,4.0,10.0,closed_33,2,1,0.1903114186851211,0.0,1626,242424.00000000003,733.5000000000982,-0.23512380916946157
3,4.0,10.0,closed_33,5,0,0.6730103806228374,300.0,3002,606060.0,733.8000000000983,0.2567521894296718
3,4.0,10.0,closed_33,5,1,0.7162629757785467,500.0,2764,606060.0,733.4000000000982,0.3005190916307785
3,4.0,10.0,closed_33,10,0,1.0,3625.0,2032,257148.04433746077,143.79999999999612,0.6605337601112078
3,4.0,10.0,closed_33,10,1,0.7768166089965398,4925.0,4344,1212120.0,733.4000000000982,0.25822651385186
3,4.0,10.0,closed_33,20,0,1.0,9075.0,2658,380008.9399976749,107.99999999999814,0.5425341459530851
3,4.0,10.0,closed_33,20,1,0.972318339100346,8275.0,9946,2424240.0,732.8000000000981,0.3721195048550182
5,1.0,2.0,open_33,2,0,0.7169614984391259,1775.0,3488,242424.00000000003,629.8000000000746,0.29983791843816654
5,1.0,2.0,open_33,2,1,0.11758584807492195,0.0,3860,242424.00000000003,649.6000000000791,-0.318326001353162
5,1.0,2.0,open_33,5,0,0.8803329864724245,6725.0,9397,606060.0,643.0000000000776,0.37669141311387067
5,1.0,2.0,open_33,5,1,1.0,13275.0,5006,347487.74039452325,360.5000000000135,0.4997329139684915
5,1.0,2.0,open_33,10,0,1.0,15475.0,4364,304644.45331957843,157.29999999999535,0.5246011324674629
5,1.0,2.0,open_33,10,1,1.0,15050.0,6212,410547.6370027885,214.19999999999212,0.5033395054143736
5,1.0,2.0,open_33,20,0,1.0,17875.0,3268,232075.97963396832,59.90000000000058,0.5311392756369114
5,1.0,2.0,open_33,20,1,1.0,17025.0,3116,223945.55133159878,57.90000000000055,0.5447792733522365
5,1.0,2.0,partial_33,2,0,0.1710691823899371,0.0,3715,242424.00000000003,698.4000000000902,-0.2627806113144398
5,1.0,2.0,partial_33,2,1,0.3836477987421384,0.0,3557,242424.00000000003,689.4000000000882,-0.037104258338246016
5,1.0,2.0,partial_33,5,0,0.4025157232704403,1700.0,9031,606060.0,698.4000000000902,-0.05732281685139115
5,1.0,2.0,partial_33,5,1,0.7069182389937106,2050.0,9332,606060.0,675.9000000000851,0.24857102900811492
5,1.0,2.0,partial_33,10,0,0.8767295597484277,6550.0,17473,1212120.0,702.2000000000911,0.34492517096280306
5,1.0,2.0,partial_33,10,1,1.0,6475.0,8455,565660.8411320418,308.90000000000174,0.5606399504176273
5,1.0,2.0,partial_33,20,0,1.0,14450.0,3272,239921.16521054413,63.30000000000063,0.5262342095991661
5,1.0,2.0,partial_33,20,1,1.0,14800.0,3560,256831.14478724077,67.90000000000042,0.5160655409185227
5,1.0,2.0,closed_33,2,0,0.25259515570934254,0.0,2789,242424.00000000003,706.000000000092,-0.17692594972317685
5,1.0,2.0,closed_33,2,1,0.22837370242214533,300.0,1767,242424.00000000003,721.1000000000954,-0.2014460351560009
5,1.0,2.0,closed_33,5,0,0.9290657439446367,2650.0,7289,606060.0,696.1000000000897,0.4501892271868936
5,1.0,2.0,closed_33,5,1,0.5778546712802768,1325.0,5425,606060.0,733.1000000000981,0.12330043028450391
5,1.0,2.0,closed_33,10,0,1.0,6800.0,4594,394464.12067610794,219.8999999999918,0.5453431901587446
5,1.0,2.0,closed_33,10,1,0.7785467128027682,6325.0,12863,1212120.0,733.1000000000981,0.21292785367350733
5,1.0,2.0,closed_33,20,0,1.0,12125.0,7412,624439.394175787,175.8999999999943,0.43276580607748777
5,1.0,2.0,closed_33,20,1,1.0,9150.0,3613,292831.8711455241,79.69999999999975,0.5339610592969589
5,1.0,5.0,open_33,2,0,0.8626430801248699,2400.0,3281,242424.00000000003,640.200000000077,0.4487408020673247
5,1.0,5.0,open_33,2,1,0.11758584807492195,0.0,3860,242424.00000000003,649.6000000000791,-0.318326001353162
5,1.0,5.0,open_33,5,0,0.8657648283038502,5450.0,9335,606060.0,646.0000000000783,0.37781628831125136
5,1.0,5.0,open_33,5,1,0.49011446409989595,2325.0,9746,606060.0,655.3000000000804,0.030467652948476726
5,1.0,5.0,open_33,10,0,1.0,16150.0,4266,288966.47479856014,149.3999999999958,0.5190557828010057
5,1.0,5.0,open_33,10,1,1.0,12800.0,4724,323926.55406060396,168.8999999999947,0.552277607998113
5,1.0,5.0,open_33,20,0,1.0,17150.0,3154,225658.1494115088,58.20000000000056,0.5424633500821429
5,1.0,5.0,open_33,20,1,1.0,17500.0,3279,230678.4329053117,59.30000000000057,0.5357283067850399
5,1.0,5.0,partial_33,2,0,0.1710691823899371,0.0,3715,242424.00000000003,698.4000000000902,-0.2627806113144398
5,1.0,5.0,partial_33,2,1,0.3836477987421384,0.0,3557,242424.00000000003,689.4000000000882,-0.037104258338246016
5,1.0,5.0,partial_33,5,0,0.9383647798742139,5000.0,9033,606060.0,678.7000000000858,0.44133441295824294
5,1.0,5.0,partial_33,5,1,0.6163522012578616,925.0,8374,606060.0,716.9000000000945,0.17452942768052435
5,1.0,5.0,partial_33,10,0,0.8955974842767296,5875.0,17877,1212120.0,693.3000000000891,0.37396446107247894
5,1.0,5.0,partial_33,10,1,0.9547169811320755,10600.0,18365,1212120.0,694.0000000000892,0.3621790416029206
5,1.0,5.0,partial_33,20,0,1.0,16275.0,4085,287745.25886142254,76.39999999999993,0.4860677346425164
5,1.0,5.0,partial_33,20,1,1.0,14325.0,4265,303328.6396428081,81.09999999999967,0.5128346227387055
5,1.0,5.0,closed_33,2,0,0.25259515570934254,0.0,2789,242424.00000000003,706.000000000092,-0.17692594972317685
5,1.0,5.0,closed_33,2,1,0.1782006920415225,25.0,1986,242424.00000000003,723.700000000096,-0.25197101714938597
5,1.0,5.0,closed_33,5,0,0.8096885813148789,1475.0,7573,606060.0,710.700000000093,0.35208181436152786
5,1.0,5.0,closed_33,5,1,0.9186851211072664,1675.0,5389,606060.0,724.4000000000962,0.46637437394141534
5,1.0,5.0,closed_33,10,0,1.0,9175.0,5893,467838.39124440565,260.2999999999907,0.48056125014802054
5,1.0,5.0,closed_33,10,1,0.9256055363321799,5225.0,12192,1212120.0,721.5000000000955,0.38529456775831317
5,1.0,5.0,closed_33,20,0,1.0,11500.0,5615,463860.68271247623,128.59999999999698,0.4616066355332845
5,1.0,5.0,closed_33,20,1,0.9982698961937716,9325.0,25235,2424240.0,724.4000000000962,0.36693301900299036
5,1.0,10.0,open_33,2,0,0.7929240374609782,2475.0,3384,242424.00000000003,645.1000000000781,0.37271176795490435
5,1.0,10.0,open_33,2,1,0.11758584807492195,0.0,3860,242424.00000000003,649.6000000000791,-0.318326001353162
5,1.0,10.0,open_33,5,0,1.0,13600.0,5300,353758.46371402196,366.4000000000148,0.4919113382541706
5,1.0,10.0,open_33,5,1,1.0,12375.0,8074,525670.352841033,548.5000000000562,0.45209781426577256
5,1.0,10.0,open_33,10,0,1.0,13550.0,3222,237277.337818071,123.19999999999727,0.5714474974407275
5,1.0,10.0,open_33,10,1,1.0,13525.0,4525,310348.60222969996,162.49999999999505,0.5466821285208006
5,1.0,10.0,open_33,20,0,1.0,18050.0,3185,223367.01222780952,57.70000000000055,0.5308377200624965
5,1.0,10.0,open_33,20,1,1.0,17375.0,3121,223312.7675517709,57.70000000000055,0.5403599127455951
5,1.0,10.0,partial_33,2,0,0.1710691823899371,0.0,3715,242424.00000000003,698.4000000000902,-0.2627806113144398
5,1.0,10.0,partial_33,2,1,0.3836477987421384,0.0,3557,242424.00000000003,689.4000000000882,-0.037104258338246016
5,1.0,10.0,partial_33,5,0,1.0,8475.0,7423,512996.26031782187,560.800000000059,0.4788329004960352
5,1.0,10.0,partial_33,5,1,0.7044025157232704,1650.0,9336,606060.0,672.8000000000844,0.25202896708578437
5,1.0,10.0,partial_33,10,0,1.0,9925.0,6937,471830.74555610376,256.19999999998976,0.524807961328838
5,1.0,10.0,partial_33,10,1,0.9584905660377359,9600.0,18015,1212120.0,690.0000000000883,0.3813149299809112
5,1.0,10.0,partial_33,20,0,1.0,14075.0,4959,349511.4332037512,93.79999999999895,0.5081715192437763
5,1.0,10.0,partial_33,20,1,1.0,12850.0,3347,244619.42509820685,64.8000000000006,0.5490433593308772
5,1.0,10.0,closed_33,2,0,0.25259515570934254,0.0,2789,242424.00000000003,706.000000000092,-0.17692594972317685
5,1.0,10.0,closed_33,2,1,0.23183391003460208,325.0,1916,242424.00000000003,720.3000000000952,-0.19974818315657208
5,1.0,10.0,closed_33,5,0,0.7629757785467128,600.0,8526,606060.0,697.20000000009,0.32082868505807993
5,1.0,10.0,closed_33,5,1,0.8944636678200693,1825.0,6581,606060.0,717.2000000000945,0.433981175716603
5,1.0,10.0,closed_33,10,0,1.0,6575.0,9388,811576.8174697473,463.2000000000368,0.4841809660280254
5,1.0,10.0,closed_33,10,1,0.9221453287197232,7075.0,12813,1212120.0,733.1000000000981,0.34279618906444886
5,1.0,10.0,closed_33,20,0,1.0,10825.0,4218,390579.3511116095,108.89999999999809,0.4881426019028866
5,1.0,10.0,closed_33,20,1,1.0,11525.0,4637,385457.0050341855,106.9999999999982,0.4710100471083523
5,2.0,2.0,open_33,2,0,0.17065556711758584,425.0,4711,242424.00000000003,627.5000000000741,-0.26900354153881734
5,2.0,2.0,open_33,2,1,0.12278876170655567,0.0,4710,242424.00000000003,615.9000000000715,-0.3143234540717744
5,2.0,2.0,open_33,5,0,0.372528616024974,550.0,11529,606060.0,621.9000000000729,-0.06974859407335984
5,2.0,2.0,open_33,5,1,0.3995837669094693,1325.0,11631,606060.0,620.8000000000726,-0.05181792790229697
5,2.0,2.0,open_33,10,0,0.46826222684703434,1350.0,23505,1212120.0,624.4000000000734,0.01259590892363574
5,2.0,2.0,open_33,10,1,1.0,13400.0,7018,399977.0803907567,202.59999999999278,0.5211426619414012
5,2.0,2.0,open_33,20,0,1.0,18550.0,3591,228890.80411001062,57.00000000000054,0.5180629922943919
5,2.0,2.0,open_33,20,1,1.0,15900.0,3663,230165.3366196435,57.90000000000055,0.5500914000461937
5,2.0,2.0,partial_33,2,0,0.12327044025157233,0.0,3659,242424.00000000003,686.2000000000875,-0.313348611592393
5,2.0,2.0,partial_33,2,1,0.36981132075471695,25.0,3595,242424.00000000003,671.3000000000841,-0.05233113016177973
5,2.0,2.0,partial_33,5,0,0.9987421383647799,8200.0,8593,606060.0,681.3000000000864,0.4558996283499259
5,2.0,2.0,partial_33,5,1,0.48050314465408805,1550.0,8389,606060.0,689.9000000000883,0.025728258767756446
5,2.0,2.0,partial_33,10,0,0.8440251572327044,3975.0,17343,1212120.0,696.5000000000898,0.3507553547334137
5,2.0,2.0,partial_33,10,1,0.6163522012578616,1925.0,17838,1212120.0,698.4000000000902,0.1508716680987585
5,2.0,2.0,partial_33,20,0,1.0,10150.0,2326,180484.89390410297,46.800000000000395,0.6124563652841146
5,2.0,2.0,partial_33,20,1,1.0,12450.0,3645,263625.2267150008,69.30000000000034,0.5500840024482085
5,2.0,2.0,closed_33,2,0,0.24740484429065743,0.0,2888,242424.00000000003,705.0000000000917,-0.18288585551505393
5,2.0,2.0,closed_33,2,1,0.29411764705882354,125.0,3279,242424.00000000003,724.8000000000962,-0.1381350583428614
5,2.0,2.0,closed_33,5,0,0.5951557093425606,225.0,5278,606060.0,725.2000000000963,0.1643964413982472
5,2.0,2.0,closed_33,5,1,0.5103806228373703,900.0,5666,606060.0,726.2000000000966,0.06209755955038007
5,2.0,2.0,closed_33,10,0,0.9705882352941176,5500.0,9469,1212120.0,725.1000000000963,0.42873660065554964
5,2.0,2.0,closed_33,10,1,0.7837370242214533,6725.0,11878,1212120.0,726.0000000000965,0.21069420658810392
5,2.0,2.0,closed_33,20,0,1.0,9275.0,2610,264578.1913072434,73.00000000000013,0.5460664480419445
5,2.0,2.0,closed_33,20,1,0.9982698961937716,9375.0,19310,2424240.0,733.1000000000981,0.36789295215777684
5,2.0,5.0,open_33,2,0,0.4921956295525494,1450.0,4295,242424.00000000003,613.2000000000709,0.059405951710288146
5,2.0,5.0,open_33,2,1,0.12278876170655567,0.0,4710,242424.00000000003,615.9000000000715,-0.3143234540717744
5,2.0,5.0,open_33,5,0,0.3485952133194589,500.0,11434,606060.0,614.8000000000712,-0.09355334435778664
5,2.0,5.0,open_33,5,1,0.3298647242455775,725.0,11813,606060.0,632.4000000000752,-0.11579272396572496
5,2.0,5.0,open_33,10,0,0.8314255983350677,4150.0,23355,1212120.0,622.700000000073,0.3450839562608117
5,2.0,5.0,open_33,10,1,1.0,13400.0,6850,390511.1181173427,198.599999999993,0.5230478294498195
5,2.0,5.0,open_33,20,0,1.0,15025.0,3464,217770.13073231233,54.90000000000051,0.5645599935512193
5,2.0,5.0,open_33,20,1,1.0,17150.0,3125,202190.1527213198,50.90000000000045,0.5443589025453266
5,2.0,5.0,partial_33,2,0,0.12327044025157233,0.0,3659,242424.00000000003,686.2000000000875,-0.313348611592393
5,2.0,5.0,partial_33,2,1,0.36981132075471695,25.0,3595,242424.00000000003,671.3000000000841,-0.05233113016177973
5,2.0,5.0,partial_33,5,0,0.7056603773584905,2650.0,8025,606060.0,710.300000000093,0.240817610062893
5,2.0,5.0,partial_33,5,1,0.48050314465408805,1800.0,8889,606060.0,687.2000000000877,0.021250014981004123
5,2.0,5.0,partial_33,10,0,0.9132075471698113,7675.0,16115,1212120.0,704.3000000000916,0.3658467698315867
5,2.0,5.0,partial_33,10,1,1.0,8700.0,9839,694134.3601005084,381.3000000000182,0.5083895455898993
5,2.0,5.0,partial_33,20,0,1.0,12700.0,3525,253192.93007932836,66.5000000000005,0.5484241262891324
5,2.0,5.0,partial_33,20,1,1.0,13950.0,4336,316703.20298588136,84.79999999999946,0.5170458781015232
5,2.0,5.0,closed_33,2,0,0.24740484429065743,0.0,2888,242424.00000000003,705.0000000000917,-0.18288585551505393
5,2.0,5.0,closed_33,2,1,0.29411764705882354,125.0,3279,242424.00000000003,724.8000000000962,-0.1381350583428614
5,2.0,5.0,closed_33,5,0,0.5899653979238755,400.0,5318,606060.0,720.6000000000953,0.15529385404325105
5,2.0,5.0,closed_33,5,1,0.8633217993079585,3025.0,4628,606060.0,721.4000000000955,0.38527294831240355
5,2.0,5.0,closed_33,10,0,0.9342560553633218,3525.0,8309,1212120.0,727.900000000097,0.43493537326607823
5,2.0,5.0,closed_33,10,1,0.9913494809688581,7300.0,8276,1212120.0,721.8000000000956,0.4147738669320097
5,2.0,5.0,closed_33,20,0,0.9844290657439446,9300.0,18554,2424240.0,730.4000000000975,0.35583146020270684
5,2.0,5.0,closed_33,20,1,1.0,8525.0,16359,2221420.590229255,654.0000000000801,0.4008885453653143
5,2.0,10.0,open_33,2,0,0.26326742976066597,825.0,4705,242424.00000000003,626.5000000000739,-0.17617019150014937
5,2.0,10.0,open_33,2,1,0.12278876170655567,0.0,4710,242424.00000000003,615.9000000000715,-0.3143234540717744
5,2.0,10.0,open_33,5,0,0.3839750260145682,1150.0,11482,606060.0,613.600000000071,-0.06548847616996875
5,2.0,10.0,open_33,5,1,0.2976066597294485,800.0,11854,606060.0,625.8000000000737,-0.1497598335829551
5,2.0,10.0,open_33,10,0,0.6056191467221644,3675.0,23394,1212120.0,633.0000000000754,0.12256728632899286
5,2.0,10.0,open_33,10,1,1.0,12425.0,3745,238265.58859332,121.0999999999974,0.5777179895818398
5,2.0,10.0,open_33,20,0,1.0,15250.0,2735,183640.06637606397,46.50000000000039,0.576634709605314
5,2.0,10.0,open_33,20,1,1.0,12975.0,2237,160275.23569427896,40.60000000000031,0.6185816209763634
5,2.0,10.0,partial_33,2,0,0.12327044025157233,0.0,3659,242424.00000000003,686.2000000000875,-0.313348611592393
5,2.0,10.0,partial_33,2,1,0.36981132075471695,25.0,3595,242424.00000000003,671.3000000000841,-0.05233113016177973
5,2.0,10.0,partial_33,5,0,0.6314465408805031,3550.0,8768,606060.0,690.3000000000884,0.14966314546823797
5,2.0,10.0,partial_33,5,1,0.4830188679245283,1675.0,8323,606060.0,693.000000000089,0.026522138504429943
5,2.0,10.0,partial_33,10,0,0.9169811320754717,8025.0,17172,1212120.0,690.3000000000884,0.36362180672946487
5,2.0,10.0,partial_33,10,1,1.0,7900.0,10988,783564.6716570735,432.50000000002984,0.5076208587729191
5,2.0,10.0,partial_33,20,0,1.0,11575.0,2517,192996.32084916765,50.400000000000446,0.5857945128165035
5,2.0,10.0,partial_33,20,1,1.0,11975.0,3044,227181.46188336192,59.80000000000058,0.5678345942416403
5,2.0,10.0,closed_33,2,0,0.24740484429065743,0.0,2888,242424.00000000003,705.0000000000917,-0.18288585551505393
5,2.0,10.0,closed_33,2,1,0.29411764705882354,125.0,3279,242424.00000000003,724.8000000000962,-0.1381350583428614
5,2.0,10.0,closed_33,5,0,0.6089965397923875,650.0,5794,606060.0,721.0000000000954,0.16823919259069922
5,2.0,10.0,closed_33,5,1,0.7283737024221453,1950.0,5217,606060.0,726.0000000000965,0.2658463897491332
5,2.0,10.0,closed_33,10,0,0.9878892733564014,5625.0,6511,1212120.0,723.1000000000959,0.450850904454123
5,2.0,10.0,closed_33,10,1,1.0,7775.0,7599,984866.0761499119,574.8000000000621,0.4424238113135247
5,2.0,10.0,closed_33,20,0,1.0,8800.0,2398,243663.64779327065,66.90000000000047,0.5610488602285526
5,2.0,10.0,closed_33,20,1,1.0,8325.0,2445,241027.82277308684,66.10000000000052,0.5701616124636328
5,4.0,2.0,open_33,2,0,0.2715920915712799,1050.0,5323,242424.00000000003,603.3000000000686,-0.1719414889211566
5,4.0,2.0,open_33,2,1,0.3215400624349636,0.0,5267,242424.00000000003,602.1000000000683,-0.10627956134950958
5,4.0,2.0,open_33,5,0,0.8387096774193549,4300.0,13437,606060.0,606.2000000000693,0.3575479248103871
5,4.0,2.0,open_33,5,1,0.43600416233090533,175.0,13688,606060.0,606.5000000000693,-0.0017150358593824577
5,4.0,2.0,open_33,10,0,1.0,11850.0,13142,615459.7341209804,304.8000000000008,0.49912923704249434
5,4.0,2.0,open_33,10,1,1.0,15525.0,10994,523952.34618236986,260.3999999999907,0.46781715393415313
5,4.0,2.0,open_33,20,0,1.0,16325.0,4685,250389.28986453684,62.10000000000061,0.5322934997285629
5,4.0,2.0,open_33,20,1,1.0,18400.0,6122,320951.30993054947,79.59999999999975,0.4918190579305329
5,4.0,2.0,partial_33,2,0,0.11949685534591195,0.0,1722,242424.00000000003,728.8000000000972,-0.30926239372153747
5,4.0,2.0,partial_33,2,1,0.35471698113207545,0.0,1687,242424.00000000003,713.1000000000936,-0.04676149073745786
5,4.0,2.0,partial_33,5,0,0.8779874213836478,3350.0,5034,606060.0,728.8000000000972,0.41950869077348696
5,4.0,2.0,partial_33,5,1,0.5937106918238994,1150.0,6072,606060.0,719.100000000095,0.1535458986227081
5,4.0,2.0,partial_33,10,0,0.9069182389937107,4750.0,8914,1212120.0,719.200000000095,0.4132250845591555
5,4.0,2.0,partial_33,10,1,0.9647798742138365,6100.0,9756,1212120.0,725.5000000000964,0.4501263459834711
5,4.0,2.0,partial_33,20,0,1.0,11800.0,2625,221333.02551567554,58.000000000000554,0.5784358619333451
5,4.0,2.0,partial_33,20,1,1.0,11625.0,2457,202787.8156479746,52.60000000000048,0.5857849991831485
5,4.0,2.0,closed_33,2,0,0.25951557093425603,0.0,824,242424.00000000003,731.8000000000978,-0.1387276414773342
5,4.0,2.0,closed_33,2,1,0.13667820069204153,150.0,1751,242424.00000000003,733.7000000000983,-0.29792961093148285
5,4.0,2.0,closed_33,5,0,0.5847750865051903,825.0,3000,606060.0,732.400000000098,0.15358008591892916
5,4.0,2.0,closed_33,5,1,0.5207612456747405,400.0,3624,606060.0,734.3000000000984,0.09101867238715142
5,4.0,2.0,closed_33,10,0,0.9740484429065744,4000.0,3572,1212120.0,733.2000000000982,0.48740544865313173
5,4.0,2.0,closed_33,10,1,0.8927335640138409,4150.0,4416,1212120.0,733.5000000000982,0.3935168113330919
5,4.0,2.0,closed_33,20,0,0.9688581314878892,7700.0,11740,2424240.0,733.2000000000982,0.37821063193330884
5,4.0,2.0,closed_33,20,1,0.9913494809688581,8800.0,9186,2424240.0,733.4000000000982,0.3818205842700665
5,4.0,5.0,open_33,2,0,0.222684703433923,675.0,5423,242424.00000000003,605.7000000000692,-0.21879942437210761
5,4.0,5.0,open_33,2,1,0.3215400624349636,0.0,5267,242424.00000000003,602.1000000000683,-0.10627956134950958
5,4.0,5.0,open_33,5,0,0.6409989594172737,3725.0,13512,606060.0,603.6000000000687,0.16312087480704304
5,4.0,5.0,open_33,5,1,0.8168574401664932,1750.0,13357,606060.0,606.3000000000693,0.3672132828646051
5,4.0,5.0,open_33,10,0,1.0,13075.0,7574,372628.0351860223,185.19999999999376,0.5261062438500008
5,4.0,5.0,open_33,10,1,1.0,14575.0,7865,389035.30661624717,193.3999999999933,0.5043068479411874
5,4.0,5.0,open_33,20,0,1.0,16825.0,4683,252700.68950209394,62.70000000000062,0.5259303768449881
5,4.0,5.0,open_33,20,1,1.0,17800.0,3932,226187.82849279325,56.20000000000053,0.523175398817302
5,4.0,5.0,partial_33,2,0,0.11949685534591195,0.0,1722,242424.00000000003,728.8000000000972,-0.30926239372153747
5,4.0,5.0,partial_33,2,1,0.35471698113207545,0.0,1687,242424.00000000003,713.1000000000936,-0.04676149073745786
5,4.0,5.0,partial_33,5,0,0.7924528301886793,1775.0,4482,606060.0,728.8000000000972,0.35818776389996165
5,4.0,5.0,partial_33,5,1,0.5509433962264151,1400.0,6090,606060.0,716.4000000000943,0.10549555278086073
5,4.0,5.0,partial_33,10,0,0.8264150943396227,2900.0,10516,1212120.0,729.7000000000974,0.3558378060617454
5,4.0,5.0,partial_33,10,1,0.8012578616352202,3650.0,9819,1212120.0,725.0000000000963,0.3199956651733369
5,4.0,5.0,partial_33,20,0,1.0,9375.0,2600,231958.29728035396,62.00000000000061,0.6149200718590984
5,4.0,5.0,partial_33,20,1,1.0,13175.0,2940,239533.5815529297,62.50000000000062,0.5507152736520263
5,4.0,5.0,closed_33,2,0,0.25951557093425603,0.0,824,242424.00000000003,731.8000000000978,-0.1387276414773342
5,4.0,5.0,closed_33,2,1,0.13494809688581316,100.0,1580,242424.00000000003,733.7000000000983,-0.2974590825000499
5,4.0,5.0,closed_33,5,0,0.8373702422145328,1000.0,4334,606060.0,731.8000000000978,0.4023015383967178
5,4.0,5.0,closed_33,5,1,0.5190311418685121,350.0,3453,606060.0,734.3000000000984,0.09130107678563029
5,4.0,5.0,closed_33,10,0,0.9550173010380623,4875.0,4303,1212120.0,733.4000000000982,0.44347094973770285
5,4.0,5.0,closed_33,10,1,0.9896193771626297,3625.0,4520,1212120.0,731.9000000000979,0.5036153385926555
5,4.0,5.0,closed_33,20,0,1.0,8600.0,1518,190218.1977527626,51.90000000000047,0.5928484492142052
5,4.0,5.0,closed_33,20,1,1.0,9150.0,1771,227256.10717915278,62.70000000000062,0.5703125583817827
5,4.0,10.0,open_33,2,0,0.3798126951092612,2600.0,5272,242424.00000000003,604.2000000000688,-0.07767270421243713
5,4.0,10.0,open_33,2,1,0.3215400624349636,0.0,5267,242424.00000000003,602.1000000000683,-0.10627956134950958
5,4.0,10.0,open_33,5,0,0.4921956295525494,600.0,13585,606060.0,606.7000000000694,0.05035288619216746
5,4.0,10.0,open_33,5,1,0.5390218522372529,1575.0,13486,606060.0,603.7000000000687,0.08600722374252509
5,4.0,10.0,open_33,10,0,1.0,13600.0,6005,312128.5981877274,154.99999999999548,0.5343682728235251
5,4.0,10.0,open_33,10,1,1.0,15475.0,7183,357222.68730931426,178.29999999999416,0.4995950029431658
5,4.0,10.0,open_33,20,0,1.0,16300.0,3642,214205.25871133618,53.50000000000049,0.5463320080279981
5,4.0,10.0,open_33,20,1,1.0,17425.0,3677,210845.86824181443,52.500000000000476,0.5320116536842971
5,4.0,10.0,partial_33,2,0,0.11949685534591195,0.0,1722,242424.00000000003,728.8000000000972,-0.30926239372153747
5,4.0,10.0,partial_33,2,1,0.35471698113207545,0.0,1687,242424.00000000003,713.1000000000936,-0.04676149073745786
5,4.0,10.0,partial_33,5,0,0.7672955974842768,1450.0,5872,606060.0,728.8000000000972,0.32919638773911564
5,4.0,10.0,partial_33,5,1,0.48930817610062893,1375.0,5404,606060.0,724.5000000000962,0.044254017264384354
5,4.0,10.0,partial_33,10,0,0.7522012578616353,2275.0,8230,1212120.0,731.1000000000977,0.2937388944458218
5,4.0,10.0,partial_33,10,1,1.0,8475.0,4492,388226.0256773783,212.29999999999222,0.5709224728023568
5,4.0,10.0,partial_33,20,0,1.0,9625.0,2909,258812.6264225971,69.40000000000033,0.6036858955322231
5,4.0,10.0,partial_33,20,1,1.0,12300.0,2213,195753.25902419677,51.20000000000046,0.5819645431241283
5,4.0,10.0,closed_33,2,0,0.25951557093425603,0.0,824,242424.00000000003,731.8000000000978,-0.1387276414773342
5,4.0,10.0,closed_33,2,1,0.13321799307958476,100.0,1218,242424.00000000003,733.7000000000983,-0.2954647380944959
5,4.0,10.0,closed_33,5,0,0.6089965397923875,450.0,2091,606060.0,729.2000000000972,0.19843507716025335
5,4.0,10.0,closed_33,5,1,0.5173010380622838,350.0,3091,606060.0,734.3000000000984,0.0920503346228306
5,4.0,10.0,closed_33,10,0,1.0,5250.0,1525,220589.49966628756,122.59999999999731,0.6471701562042566
5,4.0,10.0,closed_33,10,1,0.903114186851211,3625.0,3743,1212120.0,734.3000000000984,0.4201276945966764
5,4.0,10.0,closed_33,20,0,0.9878892733564014,7200.0,8781,2424240.0,733.2000000000982,0.41228079760729
5,4.0,10.0,closed_33,20,1,0.9878892733564014,8025.0,12288,2424240.0,734.3000000000984,0.39015724150195696
8,1.0,2.0,open_33,2,0,0.8324661810613944,550.0,3504,242424.00000000003,636.6000000000762,0.43691597240758007
8,1.0,2.0,open_33,2,1,0.20499479708636836,0.0,3710,242424.00000000003,647.8000000000787,-0.2243229516836456
8,1.0,2.0,open_33,5,0,1.0,11625.0,4580,318432.24218024954,328.1000000000061,0.5309759355016244
8,1.0,2.0,open_33,5,1,0.9885535900104059,9050.0,9395,606060.0,638.5000000000766,0.45865140232786306
8,1.0,2.0,open_33,10,0,1.0,16025.0,3712,259956.29413516936,133.29999999999671,0.530612628411564
8,1.0,2.0,open_33,10,1,1.0,14825.0,4794,331745.6501562402,171.69999999999453,0.525442839213498
8,1.0,2.0,open_33,20,0,1.0,17250.0,2601,191530.27249098942,49.000000000000426,0.5541250276323089
8,1.0,2.0,open_33,20,1,1.0,17575.0,3040,220711.00631051091,56.700000000000536,0.5394473781612062
8,1.0,2.0,partial_33,2,0,0.9811320754716981,750.0,3296,242424.00000000003,659.6000000000814,0.5827761010404001
8,1.0,2.0,partial_33,2,1,0.3672955974842767,0.0,3952,242424.00000000003,652.2000000000797,-0.0565079421533817
8,1.0,2.0,partial_33,5,0,0.6792452830188679,2650.0,9316,606060.0,677.7000000000855,0.21123752688611172
8,1.0,2.0,partial_33,5,1,0.9886792452830189,7975.0,9233,606060.0,671.7000000000842,0.4473927253103799
8,1.0,2.0,partial_33,10,0,0.9584905660377359,9175.0,18023,1212120.0,690.6000000000885,0.3877248395587497
8,1.0,2.0,partial_33,10,1,0.9622641509433962,8850.0,18024,1212120.0,693.000000000089,0.39644939448379224
8,1.0,2.0,partial_33,20,0,1.0,13025.0,3157,233326.49087771168,61.90000000000061,0.5498430327146475
8,1.0,2.0,partial_33,20,1,1.0,11425.0,2935,218981.9480124344,57.60000000000055,0.5784405011279818
8,1.0,2.0,closed_33,2,0,0.33391003460207613,0.0,3166,242424.00000000003,699.3000000000904,-0.09329713684445226
8,1.0,2.0,closed_33,2,1,0.4913494809688581,325.0,2559,242424.00000000003,715.8000000000942,0.07012597497945469
8,1.0,2.0,closed_33,5,0,0.7491349480968859,2125.0,6694,606060.0,709.5000000000928,0.27879931934091695
8,1.0,2.0,closed_33,5,1,0.726643598615917,1850.0,6220,606060.0,709.8000000000928,0.2627667532876604
8,1.0,2.0,closed_33,10,0,0.9792387543252595,3300.0,12804,1212120.0,727.3000000000968,0.478982273948487
8,1.0,2.0,closed_33,10,1,0.9965397923875432,6800.0,13314,1212120.0,713.9000000000938,0.42335948210648333
8,1.0,2.0,closed_33,20,0,1.0,10325.0,4568,365282.96761334734,100.89999999999854,0.49757141444427566
8,1.0,2.0,closed_33,20,1,0.9982698961937716,11225.0,27228,2424240.0,721.0000000000954,0.32700596806133453
8,1.0,5.0,open_33,2,0,0.6430801248699272,1475.0,3529,242424.00000000003,632.4000000000752,0.22492438329030953
8,1.0,5.0,open_33,2,1,0.20499479708636836,0.0,3710,242424.00000000003,647.8000000000787,-0.2243229516836456
8,1.0,5.0,open_33,5,0,1.0,12150.0,4079,291203.3168489223,301.40000000000003,0.5360818928680888
8,1.0,5.0,open_33,5,1,1.0,11675.0,3831,276746.13750894926,287.999999999997,0.5484192359295709
8,1.0,5.0,open_33,10,0,1.0,15675.0,2660,197809.49974969216,101.39999999999851,0.5603129566948907
8,1.0,5.0,open_33,10,1,1.0,13600.0,3452,246890.31464560004,127.19999999999705,0.5660854814955988
8,1.0,5.0,open_33,20,0,1.0,18525.0,2687,197572.4902888122,50.70000000000045,0.5359360258823086
8,1.0,5.0,open_33,20,1,1.0,18275.0,3115,222107.1068748464,56.80000000000054,0.5292974220283478
8,1.0,5.0,partial_33,2,0,0.9811320754716981,750.0,3296,242424.00000000003,659.6000000000814,0.5827761010404001
8,1.0,5.0,partial_33,2,1,0.3672955974842767,0.0,3952,242424.00000000003,652.2000000000797,-0.0565079421533817
8,1.0,5.0,partial_33,5,0,0.959748427672956,3750.0,8841,606060.0,688.500000000088,0.4825340288855884
8,1.0,5.0,partial_33,5,1,0.9534591194968554,5500.0,9005,606060.0,674.3000000000848,0.4492878280230993
8,1.0,5.0,partial_33,10,0,0.9735849056603774,7975.0,18731,1212120.0,689.5000000000882,0.42066774256130635
8,1.0,5.0,partial_33,10,1,0.9849056603773585,10275.0,17912,1212120.0,692.700000000089,0.39793173322388575
8,1.0,5.0,partial_33,20,0,1.0,13950.0,3959,278940.97334765876,74.20000000000006,0.5229819919923139
8,1.0,5.0,partial_33,20,1,1.0,12450.0,3083,224984.87634538533,59.30000000000057,0.5601708830051415
8,1.0,5.0,closed_33,2,0,0.33391003460207613,0.0,3166,242424.00000000003,699.3000000000904,-0.09329713684445226
8,1.0,5.0,closed_33,2,1,0.41522491349480967,375.0,2454,242424.00000000003,711.1000000000931,-0.010278940171203704
8,1.0,5.0,closed_33,5,0,0.71280276816609,2275.0,7151,606060.0,698.0000000000902,0.23746921095401477
8,1.0,5.0,closed_33,5,1,0.9359861591695502,1625.0,7171,606060.0,702.0000000000911,0.47884981498498014
8,1.0,5.0,closed_33,10,0,0.9913494809688581,6100.0,12042,1212120.0,725.8000000000965,0.4338880728668796
8,1.0,5.0,closed_33,10,1,1.0,8475.0,5260,435946.4634462092,241.39999999999057,0.5018000567857646
8,1.0,5.0,closed_33,20,0,1.0,10700.0,4177,352847.5333763766,97.09999999999876,0.4932976950310234
8,1.0,5.0,closed_33,20,1,1.0,9775.0,7171,614846.359506221,173.59999999999442,0.4828012722212002
8,1.0,10.0,open_33,2,0,0.9011446409989594,1000.0,3348,242424.00000000003,634.7000000000758,0.5058648412377397
8,1.0,10.0,open_33,2,1,0.20499479708636836,0.0,3710,242424.00000000003,647.8000000000787,-0.2243229516836456
8,1.0,10.0,open_33,5,0,0.6971904266389178,2550.0,9297,606060.0,659.3000000000814,0.24107070038260028
8,1.0,10.0,open_33,5,1,1.0,13075.0,8048,520905.09663695854,542.0000000000547,0.44458473005968535
8,1.0,10.0,open_33,10,0,1.0,15825.0,3034,221928.64792225184,114.09999999999779,0.548112023121428
8,1.0,10.0,open_33,10,1,1.0,12475.0,3763,263288.3529165103,135.79999999999657,0.5738783282661697
8,1.0,10.0,open_33,20,0,1.0,17600.0,2424,183459.86430909345,47.2000000000004,0.5544676340807752
8,1.0,10.0,open_33,20,1,1.0,18725.0,2891,209335.8910274119,53.900000000000496,0.5285523555078462
8,1.0,10.0,partial_33,2,0,0.9811320754716981,750.0,3296,242424.00000000003,659.6000000000814,0.5827761010404001
8,1.0,10.0,partial_33,2,1,0.3672955974842767,0.0,3952,242424.00000000003,652.2000000000797,-0.0565079421533817
8,1.0,10.0,partial_33,5,0,0.5006289308176101,2000.0,9301,606060.0,680.5000000000862,0.03830635460700413
8,1.0,10.0,partial_33,5,1,0.9522012578616352,5575.0,9018,606060.0,672.5000000000844,0.44683860659385444
8,1.0,10.0,partial_33,10,0,0.9723270440251572,8025.0,18300,1212120.0,694.1000000000893,0.41890907284282686
8,1.0,10.0,partial_33,10,1,1.0,9625.0,9290,630189.9001487186,346.1000000000102,0.5032682599057162
8,1.0,10.0,partial_33,20,0,1.0,14025.0,3274,241680.5835074354,64.00000000000064,0.5325156476765953
8,1.0,10.0,partial_33,20,1,1.0,15050.0,4127,292430.8433783571,77.59999999999987,0.5038620790680635
8,1.0,10.0,closed_33,2,0,0.33391003460207613,0.0,3166,242424.00000000003,699.3000000000904,-0.09329713684445226
8,1.0,10.0,closed_33,2,1,0.4031141868512111,400.0,2476,242424.00000000003,706.300000000092,-0.023831876571878213
8,1.0,10.0,closed_33,5,0,0.7197231833910035,2125.0,7017,606060.0,698.8000000000903,0.2479510824702729
8,1.0,10.0,closed_33,5,1,0.9446366782006921,1875.0,6059,606060.0,718.9000000000949,0.4860642925142924
8,1.0,10.0,closed_33,10,0,0.9653979238754326,5600.0,11382,1212120.0,723.0000000000958,0.41871060415495387
8,1.0,10.0,closed_33,10,1,0.9982698961937716,8575.0,13704,1212120.0,704.8000000000917,0.38791877001840436
8,1.0,10.0,closed_33,20,0,1.0,10850.0,11075,1015610.3946922314,289.7999999999974,0.4291072595695742
8,1.0,10.0,closed_33,20,1,1.0,11800.0,24457,2080249.351909729,590.3000000000657,0.33799528971401405
8,2.0,2.0,open_33,2,0,0.2518210197710718,1600.0,4697,242424.00000000003,626.2000000000738,-0.1979032811702938
8,2.0,2.0,open_33,2,1,0.1914672216441207,0.0,4597,242424.00000000003,623.2000000000731,-0.24143152106428528
8,2.0,2.0,open_33,5,0,0.32466181061394384,1350.0,11918,606060.0,626.2000000000738,-0.1289867624679669
8,2.0,2.0,open_33,5,1,0.4255983350676379,500.0,11624,606060.0,631.600000000075,-0.01489264737026938
8,2.0,2.0,open_33,10,0,1.0,13275.0,6690,378271.5003374724,191.7999999999934,0.526839121671824
8,2.0,2.0,open_33,10,1,0.6951092611862643,1625.0,23692,1212120.0,630.8000000000749,0.2386000545636701
8,2.0,2.0,open_33,20,0,1.0,15700.0,2693,179851.3149704733,44.90000000000037,0.5721378985899536
8,2.0,2.0,open_33,20,1,1.0,17050.0,3303,213190.26683319826,53.200000000000486,0.542006745115277
8,2.0,2.0,partial_33,2,0,0.09685534591194969,0.0,4053,242424.00000000003,677.1000000000854,-0.3419958781935117
8,2.0,2.0,partial_33,2,1,0.3836477987421384,425.0,3402,242424.00000000003,682.7000000000867,-0.04252870794049898
8,2.0,2.0,partial_33,5,0,0.8025157232704403,1725.0,9396,606060.0,677.0000000000854,0.35110868748560986
8,2.0,2.0,partial_33,5,1,0.5509433962264151,1100.0,9829,606060.0,687.7000000000878,0.10269346396700754
8,2.0,2.0,partial_33,10,0,1.0,10550.0,15035,1116646.2659805454,626.4000000000739,0.4227539003049363
8,2.0,2.0,partial_33,10,1,1.0,8725.0,4319,309229.6147417715,166.09999999999485,0.5780886711327687
8,2.0,2.0,partial_33,20,0,1.0,13000.0,2149,169218.63290838664,43.40000000000035,0.5747031928731183
8,2.0,2.0,partial_33,20,1,1.0,14750.0,3015,219310.0001959456,56.600000000000534,0.5268896818506459
8,2.0,2.0,closed_33,2,0,0.3304498269896194,0.0,2113,242424.00000000003,721.9000000000956,-0.08912482578815836
8,2.0,2.0,closed_33,2,1,0.45674740484429066,275.0,2207,242424.00000000003,692.1000000000888,0.03864541872962038
8,2.0,2.0,closed_33,5,0,0.5380622837370242,900.0,3709,606060.0,731.3000000000977,0.09814167340919402
8,2.0,2.0,closed_33,5,1,0.6418685121107266,1250.0,3335,606060.0,727.1000000000968,0.20150489049730344
8,2.0,2.0,closed_33,10,0,0.916955017301038,5000.0,8160,1212120.0,729.0000000000972,0.3870012374633284
8,2.0,2.0,closed_33,10,1,0.9982698961937716,6800.0,8502,1212120.0,722.6000000000957,0.43171495759021394
8,2.0,2.0,closed_33,20,0,1.0,9050.0,2441,247436.79165421287,67.80000000000042,0.5548038402290356
8,2.0,2.0,closed_33,20,1,0.9930795847750865,9600.0,15241,2424240.0,731.3000000000977,0.3602155789445024
8,2.0,5.0,open_33,2,0,0.1716961498439126,375.0,4715,242424.00000000003,628.0000000000742,-0.26728747424605137
8,2.0,5.0,open_33,2,1,0.1914672216441207,0.0,4597,242424.00000000003,623.2000000000731,-0.24143152106428528
8,2.0,5.0,open_33,5,0,0.5608740894901144,3600.0,11513,606060.0,623.6000000000732,0.08489333154050863
8,2.0,5.0,open_33,5,1,0.4255983350676379,500.0,11624,606060.0,631.600000000075,-0.01489264737026938
8,2.0,5.0,open_33,10,0,1.0,15625.0,12710,682942.3918014095,348.60000000001077,0.44459512444750104
8,2.0,5.0,open_33,10,1,1.0,14400.0,10747,591402.3287108811,299.4999999999996,0.47433597883284323
8,2.0,5.0,open_33,20,0,1.0,16425.0,2724,181580.51921570208,45.80000000000038,0.5623180534844896
8,2.0,5.0,open_33,20,1,1.0,15475.0,3511,226400.84192702034,57.300000000000544,0.5577418570421268
8,2.0,5.0,partial_33,2,0,0.09685534591194969,0.0,4053,242424.00000000003,677.1000000000854,-0.3419958781935117
8,2.0,5.0,partial_33,2,1,0.3836477987421384,425.0,3402,242424.00000000003,682.7000000000867,-0.04252870794049898
8,2.0,5.0,partial_33,5,0,0.4968553459119497,450.0,9710,606060.0,690.8000000000885,0.057345316524501116
8,2.0,5.0,partial_33,5,1,0.7761006289308177,2050.0,9391,606060.0,687.7000000000878,0.31920799209688866
8,2.0,5.0,partial_33,10,0,0.9459119496855346,8250.0,16024,1212120.0,712.4000000000934,0.3903869859007927
8,2.0,5.0,partial_33,10,1,1.0,9800.0,10512,774431.1991162767,431.4000000000296,0.48088212300098315
8,2.0,5.0,partial_33,20,0,1.0,12550.0,2041,166025.63733321475,42.80000000000034,0.5847709871216267
8,2.0,5.0,partial_33,20,1,1.0,16050.0,3729,258878.5235445695,66.70000000000049,0.49502982116179234
8,2.0,5.0,closed_33,2,0,0.3304498269896194,0.0,2113,242424.00000000003,721.9000000000956,-0.08912482578815836
8,2.0,5.0,closed_33,2,1,0.45674740484429066,275.0,2207,242424.00000000003,692.1000000000888,0.03864541872962038
8,2.0,5.0,closed_33,5,0,0.6868512110726643,1950.0,6069,606060.0,723.600000000096,0.22034176224543298
8,2.0,5.0,closed_33,5,1,0.8996539792387543,2950.0,5215,606060.0,705.6000000000919,0.42116525499715596
8,2.0,5.0,closed_33,10,0,0.9186851211072664,4125.0,7605,1212120.0,727.0000000000967,0.4081801842722165
8,2.0,5.0,closed_33,10,1,0.9809688581314879,4450.0,8815,1212120.0,730.3000000000975,0.46226733302238265
8,2.0,5.0,closed_33,20,0,0.9913494809688581,8825.0,18124,2424240.0,734.0000000000983,0.3728810317852044
8,2.0,5.0,closed_33,20,1,0.9930795847750865,8875.0,16702,2424240.0,730.7000000000976,0.3743466700564613
8,2.0,10.0,open_33,2,0,0.2934443288241415,825.0,4609,242424.00000000003,622.500000000073,-0.14400480834841464
8,2.0,10.0,open_33,2,1,0.1914672216441207,0.0,4597,242424.00000000003,623.2000000000731,-0.24143152106428528
8,2.0,10.0,open_33,5,0,0.7169614984391259,3875.0,11509,606060.0,627.3000000000741,0.24107535810587902
8,2.0,10.0,open_33,5,1,0.4255983350676379,500.0,11624,606060.0,631.600000000075,-0.01489264737026938
8,2.0,10.0,open_33,10,0,1.0,13925.0,4208,258234.42586421478,130.79999999999686,0.5511204712845237
8,2.0,10.0,open_33,10,1,1.0,11950.0,9593,524048.29318770557,268.1999999999925,0.5156479435156456
8,2.0,10.0,open_33,20,0,1.0,18325.0,3191,211354.48866205476,53.40000000000049,0.5280190571230553
8,2.0,10.0,open_33,20,1,1.0,16175.0,3625,234447.59544201475,59.10000000000057,0.5469189516633703
8,2.0,10.0,partial_33,2,0,0.09685534591194969,0.0,4053,242424.00000000003,677.1000000000854,-0.3419958781935117
8,2.0,10.0,partial_33,2,1,0.3836477987421384,425.0,3402,242424.00000000003,682.7000000000867,-0.04252870794049898
8,2.0,10.0,partial_33,5,0,0.9245283018867925,1525.0,9615,606060.0,673.4000000000846,0.4783693373439065
8,2.0,10.0,partial_33,5,1,0.9949685534591195,7325.0,8891,606060.0,671.2000000000841,0.464467470163354
8,2.0,10.0,partial_33,10,0,0.9270440251572327,7525.0,16809,1212120.0,689.6000000000882,0.3816158377105666
8,2.0,10.0,partial_33,10,1,1.0,8825.0,4379,322449.51725494023,172.99999999999446,0.5744630442004289
8,2.0,10.0,partial_33,20,0,1.0,13550.0,2487,196075.68006034195,51.000000000000455,0.556457948031511
8,2.0,10.0,partial_33,20,1,1.0,11700.0,3117,231419.62933388865,60.800000000000594,0.5705737173805617
8,2.0,10.0,closed_33,2,0,0.3304498269896194,0.0,2113,242424.00000000003,721.9000000000956,-0.08912482578815836
8,2.0,10.0,closed_33,2,1,0.45674740484429066,275.0,2207,242424.00000000003,692.1000000000888,0.03864541872962038
8,2.0,10.0,closed_33,5,0,0.5484429065743944,1100.0,2314,606060.0,731.3000000000977,0.11730704399719952
8,2.0,10.0,closed_33,5,1,0.8771626297577855,1450.0,5964,606060.0,725.5000000000964,0.42611924695701175
8,2.0,10.0,closed_33,10,0,0.9186851211072664,4775.0,7440,1212120.0,725.9000000000965,0.3950906739931096
8,2.0,10.0,closed_33,10,1,0.9948096885813149,7375.0,10390,1212120.0,732.300000000098,0.4129829314306662
8,2.0,10.0,closed_33,20,0,1.0,10325.0,2539,242715.72715156013,66.30000000000051,0.5268087257298444
8,2.0,10.0,closed_33,20,1,1.0,9625.0,2600,248416.94093194045,67.80000000000042,0.5399341041806452
8,4.0,2.0,open_33,2,0,0.10093652445369407,200.0,5378,242424.00000000003,601.8000000000683,-0.34069025004078385
8,4.0,2.0,open_33,2,1,0.09261186264308012,0.0,5560,242424.00000000003,602.6000000000685,-0.34710608153583056
8,4.0,2.0,open_33,5,0,0.7211238293444329,4250.0,13417,606060.0,607.0000000000695,0.23834389689913885
8,4.0,2.0,open_33,5,1,0.39021852237252863,1300.0,13683,606060.0,605.100000000069,-0.06245645178315082
8,4.0,2.0,open_33,10,0,1.0,13300.0,7128,356785.53535411274,177.09999999999422,0.5270470053406254
8,4.0,2.0,open_33,10,1,1.0,13550.0,8932,432221.3132396946,214.3999999999921,0.5084366414784629
8,4.0,2.0,open_33,20,0,1.0,16375.0,3547,207267.45631601335,51.30000000000046,0.5471287684816127
8,4.0,2.0,open_33,20,1,1.0,16075.0,5421,287276.5683792555,71.00000000000024,0.5273286061108172
8,4.0,2.0,partial_33,2,0,0.21132075471698114,0.0,2246,242424.00000000003,704.3000000000916,-0.2122454792883581
8,4.0,2.0,partial_33,2,1,0.39119496855345914,175.0,1361,242424.00000000003,702.7000000000912,-8.954991824899894e-05
8,4.0,2.0,partial_33,5,0,0.7974842767295598,1800.0,4425,606060.0,726.0000000000965,0.3634663838819333
8,4.0,2.0,partial_33,5,1,0.6880503144654088,1850.0,6198,606060.0,712.8000000000935,0.24001047440995968
8,4.0,2.0,partial_33,10,0,0.9119496855345912,4400.0,10470,1212120.0,727.6000000000969,0.420518462963119
8,4.0,2.0,partial_33,10,1,0.9572327044025157,6850.0,9937,1212120.0,714.800000000094,0.4307324710079238
8,4.0,2.0,partial_33,20,0,1.0,13025.0,2611,215268.54481780948,55.900000000000524,0.5605932840890222
8,4.0,2.0,partial_33,20,1,1.0,13050.0,3218,234502.91950988537,60.200000000000585,0.5484782348301299
8,4.0,2.0,closed_33,2,0,0.25432525951557095,0.0,1245,242424.00000000003,719.300000000095,-0.1584381504461149
8,4.0,2.0,closed_33,2,1,0.22664359861591696,250.0,1595,242424.00000000003,728.100000000097,-0.2002217482089739
8,4.0,2.0,closed_33,5,0,0.4602076124567474,750.0,2975,606060.0,733.5000000000982,0.024814263993828606
8,4.0,2.0,closed_33,5,1,0.8667820069204152,1475.0,3142,606060.0,733.5000000000982,0.432971930705509
8,4.0,2.0,closed_33,10,0,0.9930795847750865,5325.0,4715,1212120.0,730.8000000000976,0.47063964664753277
8,4.0,2.0,closed_33,10,1,0.8771626297577855,3900.0,5441,1212120.0,733.5000000000982,0.3773209478946977
8,4.0,2.0,closed_33,20,0,1.0,8675.0,1613,202127.42140727397,55.40000000000052,0.5869947005203351
8,4.0,2.0,closed_33,20,1,1.0,7200.0,1569,212581.62160855345,59.10000000000057,0.6186165533987062
8,4.0,5.0,open_33,2,0,0.14776274713839752,525.0,5424,242424.00000000003,605.100000000069,-0.29558375727098196
8,4.0,5.0,open_33,2,1,0.09261186264308012,0.0,5560,242424.00000000003,602.6000000000685,-0.34710608153583056
8,4.0,5.0,open_33,5,0,0.4255983350676379,1325.0,13514,606060.0,604.7000000000689,-0.026578618853822372
8,4.0,5.0,open_33,5,1,0.562955254942768,1700.0,13432,606060.0,607.8000000000696,0.10889818087882477
8,4.0,5.0,open_33,10,0,1.0,12475.0,6302,315833.8737930134,157.19999999999536,0.546282199452975
8,4.0,5.0,open_33,10,1,1.0,14475.0,6578,334727.41987060173,166.29999999999484,0.5176035357213296
8,4.0,5.0,open_33,20,0,1.0,16500.0,2895,174272.13363956986,43.40000000000035,0.5583474926845956
8,4.0,5.0,open_33,20,1,1.0,16375.0,3864,220179.7321310374,54.600000000000506,0.5421577341217195
8,4.0,5.0,partial_33,2,0,0.21132075471698114,0.0,2246,242424.00000000003,704.3000000000916,-0.2122454792883581
8,4.0,5.0,partial_33,2,1,0.389937106918239,175.0,1731,242424.00000000003,702.7000000000912,-0.011582947891083856
8,4.0,5.0,partial_33,5,0,0.9559748427672956,4750.0,5857,606060.0,703.4000000000914,0.47428898754843074
8,4.0,5.0,partial_33,5,1,0.7823899371069183,1900.0,7973,606060.0,698.6000000000903,0.3309765440635736
8,4.0,5.0,partial_33,10,0,0.9270440251572327,4900.0,10901,1212120.0,716.1000000000943,0.4276354262026766
8,4.0,5.0,partial_33,10,1,1.0,6550.0,2573,244024.07095704158,131.19999999999683,0.6428660504621522
8,4.0,5.0,partial_33,20,0,1.0,9375.0,2433,212606.33499540016,56.20000000000053,0.619707517607432
8,4.0,5.0,partial_33,20,1,1.0,12850.0,3275,238659.54212160362,61.1000000000006,0.5504170991770078
8,4.0,5.0,closed_33,2,0,0.25432525951557095,0.0,1245,242424.00000000003,719.300000000095,-0.1584381504461149
8,4.0,5.0,closed_33,2,1,0.22664359861591696,250.0,1595,242424.00000000003,728.100000000097,-0.2002217482089739
8,4.0,5.0,closed_33,5,0,0.6782006920415224,1500.0,3704,606060.0,729.1000000000972,0.23132531658496722
8,4.0,5.0,closed_33,5,1,0.9134948096885813,1000.0,2622,606060.0,733.5000000000982,0.4985748338551107
8,4.0,5.0,closed_33,10,0,0.8961937716262975,4000.0,4049,1212120.0,731.6000000000978,0.40273105786147656
8,4.0,5.0,closed_33,10,1,0.9290657439446367,5150.0,4197,1212120.0,733.7000000000983,0.41173130252622936
8,4.0,5.0,closed_33,20,0,0.9740484429065744,7825.0,10745,2424240.0,733.0000000000981,0.3820835793204621
8,4.0,5.0,closed_33,20,1,0.8961937716262975,8200.0,13687,2424240.0,733.5000000000982,0.29244692257506355
8,4.0,10.0,open_33,2,0,0.2778355879292404,550.0,5391,242424.00000000003,603.8000000000687,-0.15931975659167533
8,4.0,10.0,open_33,2,1,0.09261186264308012,0.0,5560,242424.00000000003,602.6000000000685,-0.34710608153583056
8,4.0,10.0,open_33,5,0,0.4984391259105099,2200.0,13536,606060.0,605.7000000000692,0.03677659752671544
8,4.0,10.0,open_33,5,1,0.2757544224765869,750.0,13778,606060.0,602.6000000000685,-0.1723940829970008
8,4.0,10.0,open_33,10,0,1.0,12125.0,6413,321509.834906403,160.59999999999516,0.5493787463681834
8,4.0,10.0,open_33,10,1,1.0,14175.0,6761,339765.8147091656,169.19999999999467,0.5198429655117327
8,4.0,10.0,open_33,20,0,1.0,14775.0,2853,174678.9069055696,43.70000000000035,0.5806866525079493
8,4.0,10.0,open_33,20,1,1.0,16375.0,4869,265034.0242503998,65.90000000000053,0.5291849827963953
8,4.0,10.0,partial_33,2,0,0.21132075471698114,0.0,2246,242424.00000000003,704.3000000000916,-0.2122454792883581
8,4.0,10.0,partial_33,2,1,0.39245283018867927,175.0,1999,242424.00000000003,702.0000000000911,-0.014131176480726954
8,4.0,10.0,partial_33,5,0,0.5283018867924528,1300.0,5046,606060.0,723.1000000000959,0.08728639249609363
8,4.0,10.0,partial_33,5,1,0.959748427672956,3825.0,5851,606060.0,703.7000000000914,0.4921765405825518
8,4.0,10.0,partial_33,10,0,0.9232704402515723,3700.0,10907,1212120.0,727.6000000000969,0.4418928398991707
8,4.0,10.0,partial_33,10,1,0.989937106918239,8400.0,11194,1212120.0,709.0000000000927,0.43840641112929146
8,4.0,10.0,partial_33,20,0,1.0,9775.0,2873,251459.3269252982,67.20000000000046,0.6024918405607315
8,4.0,10.0,partial_33,20,1,1.0,12200.0,3149,233274.19779156195,60.40000000000059,0.562421390853502
8,4.0,10.0,closed_33,2,0,0.25432525951557095,0.0,1245,242424.00000000003,719.300000000095,-0.1584381504461149
8,4.0,10.0,closed_33,2,1,0.22664359861591696,250.0,1595,242424.00000000003,728.100000000097,-0.2002217482089739
8,4.0,10.0,closed_33,5,0,0.45501730103806226,325.0,2989,606060.0,733.5000000000982,0.02808744436925334
8,4.0,10.0,closed_33,5,1,0.8737024221453287,1700.0,2602,606060.0,733.4000000000982,0.4427247226222194
8,4.0,10.0,closed_33,10,0,0.9048442906574394,3700.0,3812,1212120.0,731.6000000000978,0.4197770088427528
8,4.0,10.0,closed_33,10,1,0.9100346020761245,4425.0,5014,1212120.0,733.5000000000982,0.40220540003358873
8,4.0,10.0,closed_33,20,0,1.0,8550.0,1967,215998.71823656186,58.700000000000564,0.5777550082676429
8,4.0,10.0,closed_33,20,1,1.0,8775.0,2375,381831.6797141237,108.99999999999808,0.5537891880215046
