pitch,attract_gain,drone_repel_gain,map_label,n_drones,seed,final_coverage,overlap_m2,wasted_visits,energy_used_j,time_to_terminal,score
1.6,1.0,2.0,open_33,2,0,0.14360041623309053,1850.0,3923,242424.00000000003,662.200000000082,-0.31375043136964165
1.6,1.0,2.0,open_33,2,1,0.04058272632674298,0.0,3642,242424.00000000003,681.8000000000865,-0.40068323401012196
1.6,1.0,2.0,open_33,5,0,0.24349635796045785,1525.0,9545,606060.0,681.8000000000865,-0.21281210225223596
1.6,1.0,2.0,open_33,5,1,0.12278876170655567,0.0,9280,606060.0,681.8000000000865,-0.3178889238530196
1.6,1.0,2.0,open_33,10,0,0.5535900104058272,6750.0,19205,1212120.0,681.8000000000865,0.03294470043823414
1.6,1.0,2.0,open_33,10,1,0.4432882414151925,4150.0,19416,1212120.0,681.8000000000865,-0.046536339824817224
1.6,1.0,2.0,open_33,20,0,0.967741935483871,21675.0,40613,2424240.0,670.5000000000839,0.2593578568106547
1.6,1.0,2.0,open_33,20,1,0.9875130072840791,23325.0,40603,2424240.0,668.0000000000833,0.2586611134974215
1.6,1.0,2.0,partial_33,2,0,0.1421383647798742,0.0,4011,242424.00000000003,670.700000000084,-0.2940859050767914
1.6,1.0,2.0,partial_33,2,1,0.13584905660377358,0.0,2621,242424.00000000003,724.8000000000962,-0.2967229070784869
1.6,1.0,2.0,partial_33,5,0,0.41635220125786165,3100.0,9699,606060.0,672.5000000000844,-0.06498439691407956
1.6,1.0,2.0,partial_33,5,1,0.3584905660377358,2375.0,9526,606060.0,677.7000000000855,-0.11308822702964436
1.6,1.0,2.0,partial_33,10,0,0.7069182389937106,5675.0,19230,1212120.0,683.5000000000869,0.18533201056183465
1.6,1.0,2.0,partial_33,10,1,0.539622641509434,3550.0,18831,1212120.0,692.900000000089,0.04827553439526641
1.6,1.0,2.0,partial_33,20,0,0.8276729559748428,11025.0,38370,2424240.0,689.3000000000882,0.22187132433436493
1.6,1.0,2.0,partial_33,20,1,0.7748427672955975,10100.0,37332,2424240.0,692.5000000000889,0.18281531452396851
1.6,1.0,2.0,closed_33,2,0,0.19377162629757785,0.0,2712,242424.00000000003,709.9000000000929,-0.23877480114969946
1.6,1.0,2.0,closed_33,2,1,0.2301038062283737,275.0,2775,242424.00000000003,696.1000000000897,-0.20632921048776606
1.6,1.0,2.0,closed_33,5,0,0.4290657439446367,775.0,6573,606060.0,726.4000000000966,-0.020561174327580672
1.6,1.0,2.0,closed_33,5,1,0.5346020761245674,1000.0,7974,606060.0,709.2000000000927,0.08058798325275665
1.6,1.0,2.0,closed_33,10,0,0.7941176470588235,4975.0,15657,1212120.0,713.1000000000936,0.25493030918001347
1.6,1.0,2.0,closed_33,10,1,0.759515570934256,5225.0,15560,1212120.0,721.1000000000954,0.21482538232457296
1.6,1.0,2.0,closed_33,20,0,0.967128027681661,10700.0,31849,2424240.0,717.7000000000946,0.3057129027524971
1.6,1.0,2.0,closed_33,20,1,0.8944636678200693,10950.0,31995,2424240.0,729.3000000000973,0.22745412949705898
1.6,1.0,5.0,open_33,2,0,0.14360041623309053,2000.0,3902,242424.00000000003,660.3000000000816,-0.3155704888907205
1.6,1.0,5.0,open_33,2,1,0.04058272632674298,0.0,3642,242424.00000000003,681.8000000000865,-0.40068323401012196
1.6,1.0,5.0,open_33,5,0,0.2715920915712799,2650.0,9579,606060.0,681.8000000000865,-0.19798556649718427
1.6,1.0,5.0,open_33,5,1,0.12278876170655567,0.0,9280,606060.0,681.8000000000865,-0.3178889238530196
1.6,1.0,5.0,open_33,10,0,0.5067637877211238,6375.0,19278,1212120.0,681.8000000000865,-0.009893380999433793
1.6,1.0,5.0,open_33,10,1,0.5202913631633714,6300.0,19262,1212120.0,682.5000000000866,0.004769189474529506
1.6,1.0,5.0,open_33,20,0,0.9771071800208116,21775.0,40924,2424240.0,670.6000000000839,0.2674875617032536
1.6,1.0,5.0,open_33,20,1,0.9989594172736732,22825.0,40938,2424240.0,664.6000000000826,0.27637320054830805
1.6,1.0,5.0,partial_33,2,0,0.1421383647798742,0.0,4011,242424.00000000003,670.700000000084,-0.2940859050767914
1.6,1.0,5.0,partial_33,2,1,0.13584905660377358,0.0,2621,242424.00000000003,724.8000000000962,-0.2967229070784869
1.6,1.0,5.0,partial_33,5,0,0.42641509433962266,2500.0,9520,606060.0,675.0000000000849,-0.04544975134724563
1.6,1.0,5.0,partial_33,5,1,0.37358490566037733,2650.0,9642,606060.0,673.5000000000846,-0.10189485420815406
1.6,1.0,5.0,partial_33,10,0,0.6867924528301886,4325.0,18886,1212120.0,694.5000000000894,0.18549438433049978
1.6,1.0,5.0,partial_33,10,1,0.5484276729559748,3700.0,18943,1212120.0,684.7000000000871,0.054883746189195476
1.6,1.0,5.0,partial_33,20,0,0.8566037735849057,12200.0,38212,2424240.0,687.7000000000878,0.233261259011918
1.6,1.0,5.0,partial_33,20,1,0.7861635220125787,10725.0,37396,2424240.0,693.9000000000892,0.18476377034714955
1.6,1.0,5.0,closed_33,2,0,0.19377162629757785,0.0,2712,242424.00000000003,709.9000000000929,-0.23877480114969946
1.6,1.0,5.0,closed_33,2,1,0.23529411764705882,225.0,2711,242424.00000000003,696.2000000000897,-0.199490732469355
1.6,1.0,5.0,closed_33,5,0,0.4273356401384083,1700.0,6582,606060.0,726.4000000000966,-0.041552138529460464
1.6,1.0,5.0,closed_33,5,1,0.5242214532871973,1500.0,7554,606060.0,709.2000000000927,0.06020444159066504
1.6,1.0,5.0,closed_33,10,0,0.7024221453287197,5225.0,16153,1212120.0,726.0000000000965,0.15685570887123432
1.6,1.0,5.0,closed_33,10,1,0.759515570934256,6050.0,15389,1212120.0,707.1000000000922,0.19778628765573622
1.6,1.0,5.0,closed_33,20,0,0.8806228373702422,10025.0,31495,2424240.0,726.0000000000965,0.23281818362670056
1.6,1.0,5.0,closed_33,20,1,0.8581314878892734,10600.0,32477,2424240.0,729.3000000000973,0.19813062247882304
1.6,1.0,10.0,open_33,2,0,0.18106139438085328,2475.0,3967,242424.00000000003,663.0000000000822,-0.2816827062265121
1.6,1.0,10.0,open_33,2,1,0.04058272632674298,0.0,3642,242424.00000000003,681.8000000000865,-0.40068323401012196
1.6,1.0,10.0,open_33,5,0,0.2778355879292404,3025.0,9636,606060.0,681.8000000000865,-0.19629355143784755
1.6,1.0,10.0,open_33,5,1,0.12278876170655567,0.0,9280,606060.0,681.8000000000865,-0.3178889238530196
1.6,1.0,10.0,open_33,10,0,0.5109261186264308,6375.0,19552,1212120.0,681.8000000000865,-0.005773705160336068
1.6,1.0,10.0,open_33,10,1,0.5639958376690947,7425.0,19277,1212120.0,681.8000000000865,0.035039720757396
1.6,1.0,10.0,open_33,20,0,0.9875130072840791,22875.0,40759,2424240.0,669.8000000000837,0.26425463304259267
1.6,1.0,10.0,open_33,20,1,0.9937565036420395,22950.0,40643,2424240.0,670.1000000000838,0.2696229267205924
1.6,1.0,10.0,partial_33,2,0,0.1421383647798742,0.0,4011,242424.00000000003,670.700000000084,-0.2940859050767914
1.6,1.0,10.0,partial_33,2,1,0.13584905660377358,0.0,2621,242424.00000000003,724.8000000000962,-0.2967229070784869
1.6,1.0,10.0,partial_33,5,0,0.4289308176100629,3375.0,9639,606060.0,672.5000000000844,-0.05620652205879259
1.6,1.0,10.0,partial_33,5,1,0.35471698113207545,2125.0,9660,606060.0,673.5000000000846,-0.11329358075580506
1.6,1.0,10.0,partial_33,10,0,0.7433962264150943,5775.0,18733,1212120.0,676.7000000000853,0.22095708967287167
1.6,1.0,10.0,partial_33,10,1,0.5660377358490566,3550.0,18928,1212120.0,692.700000000089,0.07497504897057397
1.6,1.0,10.0,partial_33,20,0,0.8867924528301887,12500.0,37114,2424240.0,701.2000000000909,0.25926119018963945
1.6,1.0,10.0,partial_33,20,1,0.7811320754716982,9600.0,37270,2424240.0,691.6000000000887,0.19669870549458127
1.6,1.0,10.0,closed_33,2,0,0.19377162629757785,0.0,2712,242424.00000000003,709.9000000000929,-0.23877480114969946
1.6,1.0,10.0,closed_33,2,1,0.2370242214532872,925.0,3065,242424.00000000003,700.7000000000908,-0.21378864757008606
1.6,1.0,10.0,closed_33,5,0,0.3944636678200692,650.0,6409,606060.0,726.4000000000966,-0.05316972523114247
1.6,1.0,10.0,closed_33,5,1,0.4740484429065744,375.0,6601,606060.0,729.5000000000973,0.0337748949704659
1.6,1.0,10.0,closed_33,10,0,0.7179930795847751,3925.0,15853,1212120.0,709.1000000000927,0.19971380709146405
1.6,1.0,10.0,closed_33,10,1,0.7750865051903114,6975.0,15697,1212120.0,710.300000000093,0.194156930851452
1.6,1.0,10.0,closed_33,20,0,0.9204152249134948,10425.0,31485,2424240.0,715.7000000000942,0.26451964610736345
1.6,1.0,10.0,closed_33,20,1,0.8512110726643599,9750.0,32915,2424240.0,729.3000000000973,0.20876271859030074
1.6,2.0,2.0,open_33,2,0,0.07180020811654526,0.0,4694,242424.00000000003,635.2000000000759,-0.3682982359079958
1.6,2.0,2.0,open_33,2,1,0.043704474505723206,0.0,4644,242424.00000000003,635.2000000000759,-0.39805110950338196
1.6,2.0,2.0,open_33,5,0,0.13943808532778357,0.0,11835,606060.0,636.1000000000761,-0.3016476825354929
1.6,2.0,2.0,open_33,5,1,0.10822060353798127,0.0,11678,606060.0,635.2000000000759,-0.33357573362416815
1.6,2.0,2.0,open_33,10,0,0.9823100936524454,20675.0,22961,1212120.0,635.600000000076,0.2915439687615756
1.6,2.0,2.0,open_33,10,1,0.5005202913631633,6800.0,23743,1212120.0,635.600000000076,-0.0228788013038366
1.6,2.0,2.0,open_33,20,0,1.0,22450.0,31460,1631641.2690689906,414.90000000002584,0.3313406752590513
1.6,2.0,2.0,open_33,20,1,1.0,24000.0,36709,1880365.861644554,479.50000000004053,0.2959269018735871
1.6,2.0,2.0,partial_33,2,0,0.09685534591194969,0.0,4369,242424.00000000003,667.9000000000833,-0.34239341702102377
1.6,2.0,2.0,partial_33,2,1,0.25660377358490566,0.0,3802,242424.00000000003,667.0000000000831,-0.17256358648609896
1.6,2.0,2.0,partial_33,5,0,0.38616352201257864,3000.0,9426,606060.0,675.0000000000849,-0.09410128846921392
1.6,2.0,2.0,partial_33,5,1,0.3018867924528302,1350.0,9444,606060.0,710.9000000000931,-0.15550006624426208
1.6,2.0,2.0,partial_33,10,0,0.630188679245283,4225.0,19445,1212120.0,694.0000000000892,0.12950599532784643
1.6,2.0,2.0,partial_33,10,1,0.4666666666666667,1950.0,18838,1212120.0,697.40000000009,-0.0014175810539543698
1.6,2.0,2.0,partial_33,20,0,0.7723270440251573,9650.0,35657,2424240.0,693.3000000000891,0.18730065954129257
1.6,2.0,2.0,partial_33,20,1,0.6943396226415094,6975.0,34821,2424240.0,707.8000000000924,0.14929369609446994
1.6,2.0,2.0,closed_33,2,0,0.2041522491349481,0.0,1906,242424.00000000003,713.8000000000937,-0.22280207673242125
1.6,2.0,2.0,closed_33,2,1,0.1522491349480969,0.0,1318,242424.00000000003,734.8000000000985,-0.2734186380880972
1.6,2.0,2.0,closed_33,5,0,0.3546712802768166,225.0,4760,606060.0,731.1000000000977,-0.082057737495804
1.6,2.0,2.0,closed_33,5,1,0.47750865051903113,350.0,7655,606060.0,730.6000000000976,0.03623781547992924
1.6,2.0,2.0,closed_33,10,0,0.6833910034602076,3825.0,10450,1212120.0,731.1000000000977,0.17046148863906477
1.6,2.0,2.0,closed_33,10,1,0.6470588235294118,3250.0,14321,1212120.0,730.4000000000975,0.14277558072712368
1.6,2.0,2.0,closed_33,20,0,0.8875432525951558,9725.0,23840,2424240.0,728.5000000000971,0.24751524391663807
1.6,2.0,2.0,closed_33,20,1,0.8494809688581315,9650.0,22623,2424240.0,730.7000000000976,0.21106326474961198
1.6,2.0,5.0,open_33,2,0,0.07180020811654526,0.0,4694,242424.00000000003,635.2000000000759,-0.3682982359079958
1.6,2.0,5.0,open_33,2,1,0.043704474505723206,0.0,4644,242424.00000000003,635.2000000000759,-0.39805110950338196
1.6,2.0,5.0,open_33,5,0,0.13943808532778357,0.0,11835,606060.0,636.1000000000761,-0.3016476825354929
1.6,2.0,5.0,open_33,5,1,0.10822060353798127,0.0,11678,606060.0,635.2000000000759,-0.33357573362416815
1.6,2.0,5.0,open_33,10,0,0.9854318418314256,18675.0,23141,1212120.0,635.2000000000759,0.31958706281768956
1.6,2.0,5.0,open_33,10,1,0.2715920915712799,875.0,23910,1212120.0,638.9000000000767,-0.18053905236095816
1.6,2.0,5.0,open_33,20,0,1.0,22550.0,26587,1372217.001929703,351.8000000000115,0.34712233899980227
1.6,2.0,5.0,open_33,20,1,1.0,23975.0,40497,2053180.3288940468,525.600000000051,0.28524292513141997
1.6,2.0,5.0,partial_33,2,0,0.09685534591194969,0.0,4369,242424.00000000003,667.9000000000833,-0.34239341702102377
1.6,2.0,5.0,partial_33,2,1,0.25660377358490566,0.0,3802,242424.00000000003,667.0000000000831,-0.17256358648609896
1.6,2.0,5.0,partial_33,5,0,0.3572327044025157,1150.0,10289,606060.0,675.0000000000849,-0.09651196899820577
1.6,2.0,5.0,partial_33,5,1,0.3333333333333333,1625.0,8949,606060.0,710.9000000000931,-0.1270112384808643
1.6,2.0,5.0,partial_33,10,0,0.5547169811320755,2300.0,20662,1212120.0,695.2000000000895,0.08182480637297493
1.6,2.0,5.0,partial_33,10,1,0.49433962264150944,2375.0,18505,1212120.0,694.0000000000892,0.02028487701714579
1.6,2.0,5.0,partial_33,20,0,0.7886792452830189,10375.0,35204,2424240.0,694.3000000000893,0.19288067141654455
1.6,2.0,5.0,partial_33,20,1,0.710691823899371,7750.0,34316,2424240.0,699.8000000000906,0.15412562641101937
1.6,2.0,5.0,closed_33,2,0,0.2041522491349481,0.0,1906,242424.00000000003,713.8000000000937,-0.22280207673242125
1.6,2.0,5.0,closed_33,2,1,0.1522491349480969,0.0,1318,242424.00000000003,734.8000000000985,-0.2734186380880972
1.6,2.0,5.0,closed_33,5,0,0.35294117647058826,300.0,4070,606060.0,727.4000000000968,-0.08341250269640002
1.6,2.0,5.0,closed_33,5,1,0.4186851211072664,225.0,7715,606060.0,734.8000000000985,-0.02130656188972671
1.6,2.0,5.0,closed_33,10,0,0.6833910034602076,3850.0,10163,1212120.0,729.8000000000974,0.1702394797810072
1.6,2.0,5.0,closed_33,10,1,0.5916955017301038,2275.0,12166,1212120.0,728.9000000000972,0.10822197361547123
1.6,2.0,5.0,closed_33,20,0,0.884083044982699,9825.0,24394,2424240.0,727.3000000000968,0.24181475226776786
1.6,2.0,5.0,closed_33,20,1,0.842560553633218,8900.0,24896,2424240.0,730.7000000000976,0.21909684350854483
1.6,2.0,10.0,open_33,2,0,0.07180020811654526,0.0,4694,242424.00000000003,635.2000000000759,-0.3682982359079958
1.6,2.0,10.0,open_33,2,1,0.043704474505723206,0.0,4644,242424.00000000003,635.2000000000759,-0.39805110950338196
1.6,2.0,10.0,open_33,5,0,0.13943808532778357,0.0,11835,606060.0,636.1000000000761,-0.3016476825354929
1.6,2.0,10.0,open_33,5,1,0.10822060353798127,0.0,11678,606060.0,635.2000000000759,-0.33357573362416815
1.6,2.0,10.0,open_33,10,0,0.4797086368366285,4825.0,23482,1212120.0,636.1000000000761,-0.019209328943151777
1.6,2.0,10.0,open_33,10,1,0.9708636836628513,22325.0,22999,1212120.0,635.4000000000759,0.25934276447545235
1.6,2.0,10.0,open_33,20,0,1.0,22950.0,32779,1694923.900757891,436.7000000000308,0.32097895442799285
1.6,2.0,10.0,open_33,20,1,1.0,23850.0,39409,2004519.9890128653,518.0000000000492,0.28989056327510326
1.6,2.0,10.0,partial_33,2,0,0.09685534591194969,0.0,4369,242424.00000000003,667.9000000000833,-0.34239341702102377
1.6,2.0,10.0,partial_33,2,1,0.25660377358490566,0.0,3802,242424.00000000003,667.0000000000831,-0.17256358648609896
1.6,2.0,10.0,partial_33,5,0,0.39622641509433965,3050.0,9894,606060.0,675.0000000000849,-0.08499922685064534
1.6,2.0,10.0,partial_33,5,1,0.2993710691823899,1475.0,9302,606060.0,710.9000000000931,-0.159853249475891
1.6,2.0,10.0,partial_33,10,0,0.6289308176100629,4025.0,18175,1212120.0,680.6000000000862,0.13176378469854252
1.6,2.0,10.0,partial_33,10,1,0.46540880503144655,2100.0,18685,1212120.0,692.900000000089,-0.004908509902098485
1.6,2.0,10.0,partial_33,20,0,0.8125786163522013,10075.0,37133,2424240.0,685.7000000000874,0.2211885342444249
1.6,2.0,10.0,partial_33,20,1,0.6968553459119496,7875.0,33768,2424240.0,725.1000000000963,0.13838535209216643
1.6,2.0,10.0,closed_33,2,0,0.2041522491349481,0.0,1906,242424.00000000003,713.8000000000937,-0.22280207673242125
1.6,2.0,10.0,closed_33,2,1,0.1522491349480969,0.0,1318,242424.00000000003,734.8000000000985,-0.2734186380880972
1.6,2.0,10.0,closed_33,5,0,0.31141868512110726,175.0,4278,606060.0,733.2000000000982,-0.12454592213472096
1.6,2.0,10.0,closed_33,5,1,0.47231833910034604,250.0,5843,606060.0,733.6000000000982,0.03607468853479659
1.6,2.0,10.0,closed_33,10,0,0.7352941176470589,4625.0,11555,1212120.0,726.4000000000966,0.20547164985343389
1.6,2.0,10.0,closed_33,10,1,0.6539792387543253,3950.0,13510,1212120.0,721.7000000000955,0.13569319647530106
1.6,2.0,10.0,closed_33,20,0,0.9083044982698962,10300.0,26148,2424240.0,725.6000000000964,0.25592407097432013
1.6,2.0,10.0,closed_33,20,1,0.856401384083045,10125.0,27029,2424240.0,730.7000000000976,0.20714461856391977
1.6,4.0,2.0,open_33,2,0,0.07388137356919876,0.0,5729,242424.00000000003,618.000000000072,-0.3668906570821422
1.6,4.0,2.0,open_33,2,1,0.047866805411030174,0.0,5596,242424.00000000003,618.000000000072,-0.3941316978777957
1.6,4.0,2.0,open_33,5,0,0.15816857440166493,0.0,13944,606060.0,625.4000000000736,-0.2830409097703618
1.6,4.0,2.0,open_33,5,1,0.1404786680541103,0.0,13972,606060.0,618.000000000072,-0.3010948612418263
1.6,4.0,2.0,open_33,10,0,0.3465140478668054,2225.0,27177,1212120.0,625.4000000000736,-0.12208254860938536
1.6,4.0,2.0,open_33,10,1,0.7075962539021852,13150.0,26769,1212120.0,625.8000000000737,0.10637981997797932
1.6,4.0,2.0,open_33,20,0,1.0,23900.0,25382,1249516.857460673,311.20000000000226,0.3380545040326707
1.6,4.0,2.0,open_33,20,1,1.0,23725.0,26543,1265238.1739564724,316.40000000000344,0.33884102625553125
1.6,4.0,2.0,partial_33,2,0,0.08427672955974842,0.0,3228,242424.00000000003,720.8000000000953,-0.35406756313962773
1.6,4.0,2.0,partial_33,2,1,0.08930817610062892,0.0,1208,242424.00000000003,732.8000000000981,-0.3384826326909617
1.6,4.0,2.0,partial_33,5,0,0.2830188679245283,375.0,7818,606060.0,720.8000000000953,-0.15869356297948842
1.6,4.0,2.0,partial_33,5,1,0.17484276729559747,75.0,4997,606060.0,732.9000000000981,-0.26261459374204044
1.6,4.0,2.0,partial_33,10,0,0.5283018867924528,900.0,14446,1212120.0,726.9000000000967,0.07874825308746955
1.6,4.0,2.0,partial_33,10,1,0.33081761006289306,450.0,10780,1212120.0,732.9000000000981,-0.1132744896023948
1.6,4.0,2.0,partial_33,20,0,0.6993710691823899,8125.0,18957,2424240.0,724.5000000000962,0.14083326269290344
1.6,4.0,2.0,partial_33,20,1,0.5408805031446541,4050.0,20507,2424240.0,732.9000000000981,0.04146532439486775
1.6,4.0,2.0,closed_33,2,0,0.20588235294117646,0.0,814,242424.00000000003,728.000000000097,-0.2002984259084127
1.6,4.0,2.0,closed_33,2,1,0.14705882352941177,0.0,1034,242424.00000000003,734.9000000000985,-0.27459741716168146
1.6,4.0,2.0,closed_33,5,0,0.35813148788927335,250.0,2613,606060.0,733.8000000000983,-0.06948199137811154
1.6,4.0,2.0,closed_33,5,1,0.39273356401384085,400.0,5655,606060.0,734.9000000000985,-0.04843768403882007
1.6,4.0,2.0,closed_33,10,0,0.5553633217993079,1700.0,8271,1212120.0,733.8000000000983,0.08683286026646389
1.6,4.0,2.0,closed_33,10,1,0.610726643598616,2600.0,5710,1212120.0,732.9000000000981,0.12976956109257257
1.6,4.0,2.0,closed_33,20,0,0.8771626297577855,8825.0,9709,2424240.0,733.8000000000983,0.264388602570483
1.6,4.0,2.0,closed_33,20,1,0.7854671280276817,7975.0,18140,2424240.0,733.3000000000982,0.18277669285735285
1.6,4.0,5.0,open_33,2,0,0.07388137356919876,0.0,5729,242424.00000000003,618.000000000072,-0.3668906570821422
1.6,4.0,5.0,open_33,2,1,0.047866805411030174,0.0,5596,242424.00000000003,618.000000000072,-0.3941316978777957
1.6,4.0,5.0,open_33,5,0,0.15816857440166493,0.0,13944,606060.0,625.4000000000736,-0.2830409097703618
1.6,4.0,5.0,open_33,5,1,0.1404786680541103,0.0,13972,606060.0,618.000000000072,-0.3010948612418263
1.6,4.0,5.0,open_33,10,0,0.2882414151925078,500.0,27605,1212120.0,625.4000000000736,-0.1594661081362582
1.6,4.0,5.0,open_33,10,1,1.0,21875.0,22982,1078928.5662345993,543.400000000055,0.3103156825639736
1.6,4.0,5.0,open_33,20,0,1.0,23800.0,28345,1353978.3951723448,339.30000000000865,0.33197252256378906
1.6,4.0,5.0,open_33,20,1,1.0,23350.0,21814,1053201.5375772812,264.3999999999916,0.3583340159537798
1.6,4.0,5.0,partial_33,2,0,0.08427672955974842,0.0,3228,242424.00000000003,720.8000000000953,-0.35406756313962773
1.6,4.0,5.0,partial_33,2,1,0.08930817610062892,0.0,1208,242424.00000000003,732.8000000000981,-0.3384826326909617
1.6,4.0,5.0,partial_33,5,0,0.28176100628930817,375.0,7533,606060.0,720.8000000000953,-0.1596806725459847
1.6,4.0,5.0,partial_33,5,1,0.17484276729559747,75.0,4989,606060.0,732.9000000000981,-0.2626019273475342
1.6,4.0,5.0,partial_33,10,0,0.5257861635220126,900.0,13895,1212120.0,726.9000000000967,0.07651807939916513
1.6,4.0,5.0,partial_33,10,1,0.33459119496855344,450.0,10947,1212120.0,732.9000000000981,-0.10952896280728366
1.6,4.0,5.0,partial_33,20,0,0.6955974842767295,7925.0,20115,2424240.0,725.9000000000965,0.1395572998130775
1.6,4.0,5.0,partial_33,20,1,0.5622641509433962,4575.0,18088,2424240.0,732.9000000000981,0.055998063610179366
1.6,4.0,5.0,closed_33,2,0,0.20588235294117646,0.0,814,242424.00000000003,728.000000000097,-0.2002984259084127
1.6,4.0,5.0,closed_33,2,1,0.14705882352941177,0.0,1034,242424.00000000003,734.9000000000985,-0.27459741716168146
1.6,4.0,5.0,closed_33,5,0,0.35121107266435986,225.0,3077,606060.0,731.1000000000977,-0.07933757888616952
1.6,4.0,5.0,closed_33,5,1,0.39273356401384085,400.0,5655,606060.0,734.9000000000985,-0.04843768403882007
1.6,4.0,5.0,closed_33,10,0,0.629757785467128,3225.0,6817,1212120.0,731.5000000000978,0.1335651194325493
1.6,4.0,5.0,closed_33,10,1,0.6089965397923875,2600.0,9368,1212120.0,732.8000000000981,0.121437054124482
1.6,4.0,5.0,closed_33,20,0,0.8546712802768166,8125.0,14995,2424240.0,731.6000000000978,0.2511097952984158
1.6,4.0,5.0,closed_33,20,1,0.7820069204152249,8425.0,14809,2424240.0,733.3000000000982,0.1715343753030222
1.6,4.0,10.0,open_33,2,0,0.07388137356919876,0.0,5729,242424.00000000003,618.000000000072,-0.3668906570821422
1.6,4.0,10.0,open_33,2,1,0.047866805411030174,0.0,5596,242424.00000000003,618.000000000072,-0.3941316978777957
1.6,4.0,10.0,open_33,5,0,0.15816857440166493,0.0,13944,606060.0,625.4000000000736,-0.2830409097703618
1.6,4.0,10.0,open_33,5,1,0.1404786680541103,0.0,13972,606060.0,618.000000000072,-0.3010948612418263
1.6,4.0,10.0,open_33,10,0,1.0,23350.0,21679,1053314.139832792,529.5000000000518,0.2956427585063744
1.6,4.0,10.0,open_33,10,1,1.0,23425.0,23047,1115669.5751115251,560.7000000000589,0.28654993547894936
1.6,4.0,10.0,open_33,20,0,1.0,23275.0,31670,1534459.1930121193,386.2000000000193,0.326772116277798
1.6,4.0,10.0,open_33,20,1,1.0,23725.0,23036,1120840.6704177894,283.0999999999959,0.348976609502445
1.6,4.0,10.0,partial_33,2,0,0.08427672955974842,0.0,3228,242424.00000000003,720.8000000000953,-0.35406756313962773
1.6,4.0,10.0,partial_33,2,1,0.08930817610062892,0.0,1208,242424.00000000003,732.8000000000981,-0.3384826326909617
1.6,4.0,10.0,partial_33,5,0,0.28553459119496855,200.0,7637,606060.0,720.8000000000953,-0.15326900601632362
1.6,4.0,10.0,partial_33,5,1,0.17987421383647798,75.0,4799,606060.0,732.9000000000981,-0.25702161000520085
1.6,4.0,10.0,partial_33,10,0,0.5308176100628931,725.0,14005,1212120.0,726.9000000000967,0.08420498253405892
1.6,4.0,10.0,partial_33,10,1,0.33962264150943394,525.0,11371,1212120.0,732.9000000000981,-0.10578816613080674
1.6,4.0,10.0,partial_33,20,0,0.7283018867924528,8375.0,22835,2424240.0,719.9000000000951,0.16486098642984295
1.6,4.0,10.0,partial_33,20,1,0.5748427672955975,4700.0,19322,2424240.0,732.9000000000981,0.06638652073970833
1.6,4.0,10.0,closed_33,2,0,0.20588235294117646,0.0,814,242424.00000000003,728.000000000097,-0.2002984259084127
1.6,4.0,10.0,closed_33,2,1,0.14705882352941177,0.0,1034,242424.00000000003,734.9000000000985,-0.27459741716168146
1.6,4.0,10.0,closed_33,5,0,0.35813148788927335,225.0,2420,606060.0,731.1000000000977,-0.06734510474215141
1.6,4.0,10.0,closed_33,5,1,0.39273356401384085,400.0,5655,606060.0,734.9000000000985,-0.04843768403882007
1.6,4.0,10.0,closed_33,10,0,0.6349480968858131,3425.0,6214,1212120.0,731.5000000000978,0.13612636625154564
1.6,4.0,10.0,closed_33,10,1,0.583044982698962,2650.0,9957,1212120.0,732.700000000098,0.09340449231651363
1.6,4.0,10.0,closed_33,20,0,0.8754325259515571,9025.0,14937,2424240.0,731.8000000000978,0.2534475355951116
1.6,4.0,10.0,closed_33,20,1,0.7179930795847751,6475.0,15673,2424240.0,733.3000000000982,0.14685825661667443
2.5,1.0,2.0,open_33,2,0,0.17793964620187305,2050.0,3952,242424.00000000003,653.50000000008,-0.2796607369968452
2.5,1.0,2.0,open_33,2,1,0.045785639958376693,0.0,3842,242424.00000000003,685.7000000000874,-0.3952619954279103
2.5,1.0,2.0,open_33,5,0,0.3152965660770031,4300.0,10026,606060.0,685.7000000000874,-0.17404148233489344
2.5,1.0,2.0,open_33,5,1,0.1383975026014568,0.0,9654,606060.0,685.7000000000874,-0.3019701052229815
2.5,1.0,2.0,open_33,10,0,0.7658688865764828,13625.0,19895,1212120.0,673.5000000000846,0.16199150751473965
2.5,1.0,2.0,open_33,10,1,0.4287200832466181,4775.0,19447,1212120.0,685.7000000000874,-0.06912587307403542
2.5,1.0,2.0,open_33,20,0,1.0,23675.0,39592,2339864.3858413496,623.1000000000731,0.27206260347835837
2.5,1.0,2.0,open_33,20,1,1.0,23775.0,32237,1915418.4202298564,511.30000000004776,0.29767887793432624
2.5,1.0,2.0,partial_33,2,0,0.16981132075471697,0.0,3994,242424.00000000003,666.9000000000831,-0.2648244533094901
2.5,1.0,2.0,partial_33,2,1,0.2628930817610063,0.0,3740,242424.00000000003,674.5000000000848,-0.16567392535753286
2.5,1.0,2.0,partial_33,5,0,0.4088050314465409,2725.0,9635,606060.0,674.0000000000847,-0.06698233184309563
2.5,1.0,2.0,partial_33,5,1,0.32578616352201256,1500.0,9735,606060.0,675.9000000000851,-0.1335251255575148
2.5,1.0,2.0,partial_33,10,0,0.7144654088050314,5825.0,18937,1212120.0,700.5000000000907,0.19083265754037151
2.5,1.0,2.0,partial_33,10,1,0.5572327044025157,2850.0,19123,1212120.0,702.0000000000911,0.07656178700441088
2.5,1.0,2.0,partial_33,20,0,0.8314465408805032,12300.0,37507,2424240.0,699.2000000000904,0.20653717076484543
2.5,1.0,2.0,partial_33,20,1,0.7383647798742138,7600.0,37954,2424240.0,696.9000000000899,0.1837725144128958
2.5,1.0,2.0,closed_33,2,0,0.19204152249134948,0.0,3260,242424.00000000003,693.9000000000892,-0.24252454758347172
2.5,1.0,2.0,closed_33,2,1,0.2041522491349481,325.0,3337,242424.00000000003,700.7000000000908,-0.23679357989329497
2.5,1.0,2.0,closed_33,5,0,0.42560553633217996,775.0,7753,606060.0,704.5000000000916,-0.025702720241029736
2.5,1.0,2.0,closed_33,5,1,0.40484429065743943,600.0,8215,606060.0,721.7000000000955,-0.04374822560894012
2.5,1.0,2.0,closed_33,10,0,0.7076124567474048,4300.0,14783,1212120.0,724.7000000000962,0.18197127517487796
2.5,1.0,2.0,closed_33,10,1,0.7301038062283737,4700.0,14889,1212120.0,721.7000000000955,0.1963500721965755
2.5,1.0,2.0,closed_33,20,0,0.9221453287197232,10550.0,30410,2424240.0,724.0000000000961,0.2638373085768212
2.5,1.0,2.0,closed_33,20,1,0.903114186851211,11000.0,29844,2424240.0,729.4000000000973,0.23545312356494133
2.5,1.0,5.0,open_33,2,0,0.15920915712799166,1725.0,4026,242424.00000000003,654.5000000000803,-0.2957918608784803
2.5,1.0,5.0,open_33,2,1,0.045785639958376693,0.0,3842,242424.00000000003,685.7000000000874,-0.3952619954279103
2.5,1.0,5.0,open_33,5,0,0.3548387096774194,5000.0,10040,606060.0,685.7000000000874,-0.14218615639498725
2.5,1.0,5.0,open_33,5,1,0.1383975026014568,0.0,9654,606060.0,685.7000000000874,-0.3019701052229815
2.5,1.0,5.0,open_33,10,0,0.6149843912591051,7525.0,19932,1212120.0,685.7000000000874,0.08521441448000885
2.5,1.0,5.0,open_33,10,1,0.3870967741935484,3250.0,19270,1212120.0,685.7000000000874,-0.09224869410334927
2.5,1.0,5.0,open_33,20,0,1.0,23175.0,39099,2304088.322971346,616.7000000000717,0.28052524888867636
2.5,1.0,5.0,open_33,20,1,1.0,23000.0,29920,1784510.0057114097,479.8000000000406,0.31580784426971353
2.5,1.0,5.0,partial_33,2,0,0.16981132075471697,0.0,3994,242424.00000000003,666.9000000000831,-0.2648244533094901
2.5,1.0,5.0,partial_33,2,1,0.2628930817610063,0.0,3740,242424.00000000003,674.5000000000848,-0.16567392535753286
2.5,1.0,5.0,partial_33,5,0,0.43647798742138366,4125.0,9661,606060.0,672.6000000000844,-0.05982892930938269
2.5,1.0,5.0,partial_33,5,1,0.33584905660377357,1575.0,9709,606060.0,678.3000000000857,-0.12433970249773466
2.5,1.0,5.0,partial_33,10,0,0.6918238993710691,4050.0,18266,1212120.0,695.1000000000895,0.19501651210798784
2.5,1.0,5.0,partial_33,10,1,0.5333333333333333,2875.0,19305,1212120.0,689.3000000000882,0.051940024225530596
2.5,1.0,5.0,partial_33,20,0,0.8616352201257862,12625.0,36947,2424240.0,705.5000000000919,0.2320855160067172
2.5,1.0,5.0,partial_33,20,1,0.7748427672955975,8775.0,37698,2424240.0,696.3000000000898,0.2027687948496639
2.5,1.0,5.0,closed_33,2,0,0.19204152249134948,0.0,3260,242424.00000000003,693.9000000000892,-0.24252454758347172
2.5,1.0,5.0,closed_33,2,1,0.1245674740484429,50.0,3163,242424.00000000003,711.4000000000932,-0.31423806204604465
2.5,1.0,5.0,closed_33,5,0,0.38581314878892736,375.0,7710,606060.0,714.3000000000939,-0.057983635341215284
2.5,1.0,5.0,closed_33,5,1,0.328719723183391,275.0,8039,606060.0,721.7000000000955,-0.11450734125507409
2.5,1.0,5.0,closed_33,10,0,0.7145328719723183,5150.0,14527,1212120.0,724.3000000000961,0.17146118499372345
2.5,1.0,5.0,closed_33,10,1,0.7214532871972318,5300.0,14023,1212120.0,723.700000000096,0.17563767557970986
2.5,1.0,5.0,closed_33,20,0,0.9290657439446367,11000.0,31111,2424240.0,724.3000000000961,0.2613379661377031
2.5,1.0,5.0,closed_33,20,1,0.9100346020761245,11025.0,32092,2424240.0,729.4000000000973,0.24153524367647114
2.5,1.0,10.0,open_33,2,0,0.17065556711758584,1500.0,3989,242424.00000000003,662.5000000000821,-0.28067250870750615
2.5,1.0,10.0,open_33,2,1,0.045785639958376693,0.0,3842,242424.00000000003,685.7000000000874,-0.3952619954279103
2.5,1.0,10.0,open_33,5,0,0.24245577523413112,2300.0,10177,606060.0,685.7000000000874,-0.22399405505059136
2.5,1.0,10.0,open_33,5,1,0.1383975026014568,0.0,9654,606060.0,685.7000000000874,-0.3019701052229815
2.5,1.0,10.0,open_33,10,0,0.7419354838709677,12075.0,20051,1212120.0,675.400000000085,0.15701208571832234
2.5,1.0,10.0,open_33,10,1,0.5390218522372529,5425.0,19459,1212120.0,685.7000000000874,0.03461441809659324
2.5,1.0,10.0,open_33,20,0,0.9979188345473465,23000.0,41328,2424240.0,669.7000000000837,0.2730770669894772
2.5,1.0,10.0,open_33,20,1,0.9958376690946931,23825.0,41497,2424240.0,670.0000000000838,0.2606532368458566
2.5,1.0,10.0,partial_33,2,0,0.16981132075471697,0.0,3994,242424.00000000003,666.9000000000831,-0.2648244533094901
2.5,1.0,10.0,partial_33,2,1,0.2628930817610063,0.0,3740,242424.00000000003,674.5000000000848,-0.16567392535753286
2.5,1.0,10.0,partial_33,5,0,0.41635220125786165,3600.0,9475,606060.0,672.4000000000843,-0.07230541263616894
2.5,1.0,10.0,partial_33,5,1,0.37484276729559746,2925.0,9701,606060.0,675.9000000000851,-0.10481172645566447
2.5,1.0,10.0,partial_33,10,0,0.7584905660377359,7350.0,18285,1212120.0,694.9000000000894,0.21268023489673668
2.5,1.0,10.0,partial_33,10,1,0.5861635220125786,4250.0,19013,1212120.0,700.3000000000907,0.0847450939747724
2.5,1.0,10.0,partial_33,20,0,0.8553459119496856,12500.0,36233,2424240.0,696.9000000000899,0.22774873049843933
2.5,1.0,10.0,partial_33,20,1,0.7987421383647799,10875.0,37231,2424240.0,686.6000000000876,0.19517764895541953
2.5,1.0,10.0,closed_33,2,0,0.19204152249134948,0.0,3260,242424.00000000003,693.9000000000892,-0.24252454758347172
2.5,1.0,10.0,closed_33,2,1,0.21107266435986158,250.0,3004,242424.00000000003,698.2000000000902,-0.22685383814434287
2.5,1.0,10.0,closed_33,5,0,0.4186851211072664,700.0,8509,606060.0,698.9000000000904,-0.03199600058889299
2.5,1.0,10.0,closed_33,5,1,0.4117647058823529,525.0,7882,606060.0,721.7000000000955,-0.034786289093054396
2.5,1.0,10.0,closed_33,10,0,0.7387543252595156,5475.0,15512,1212120.0,710.0000000000929,0.18867895139145327
2.5,1.0,10.0,closed_33,10,1,0.6955017301038062,4525.0,15616,1212120.0,721.7000000000955,0.16464167882258943
2.5,1.0,10.0,closed_33,20,0,0.9117647058823529,10500.0,31644,2424240.0,712.0000000000933,0.2542415457212134
2.5,1.0,10.0,closed_33,20,1,0.9273356401384083,11375.0,33275,2424240.0,729.4000000000973,0.25148787483208757
2.5,2.0,2.0,open_33,2,0,0.1383975026014568,1800.0,4862,242424.00000000003,645.6000000000782,-0.3205355407436573
2.5,2.0,2.0,open_33,2,1,0.04890738813735692,0.0,4947,242424.00000000003,641.3000000000773,-0.39271366824140874
2.5,2.0,2.0,open_33,5,0,0.2206035379812695,2025.0,12245,606060.0,645.3000000000782,-0.24402150357572286
2.5,2.0,2.0,open_33,5,1,0.13215400624349635,0.0,12362,606060.0,641.3000000000773,-0.3092397535984979
2.5,2.0,2.0,open_33,10,0,0.6836628511966701,6100.0,23904,1212120.0,642.7000000000776,0.17107266873732505
2.5,2.0,2.0,open_33,10,1,0.2663891779396462,1000.0,24681,1212120.0,641.3000000000773,-0.1874624982230049
2.5,2.0,2.0,open_33,20,0,1.0,23775.0,25489,1316091.5883104776,334.2000000000075,0.33560435692236185
2.5,2.0,2.0,open_33,20,1,1.0,23975.0,19574,1012019.1156140473,257.39999999999003,0.3543642618811821
2.5,2.0,2.0,partial_33,2,0,0.13459119496855346,0.0,3529,242424.00000000003,683.8000000000869,-0.3010248666376072
2.5,2.0,2.0,partial_33,2,1,0.2238993710691824,0.0,3642,242424.00000000003,685.3000000000873,-0.206566015783639
2.5,2.0,2.0,partial_33,5,0,0.33584905660377357,725.0,10538,606060.0,683.8000000000869,-0.11212554945348116
2.5,2.0,2.0,partial_33,5,1,0.32075471698113206,1975.0,8938,606060.0,688.0000000000879,-0.1451794992133519
2.5,2.0,2.0,partial_33,10,0,0.660377358490566,4900.0,18220,1212120.0,702.6000000000912,0.1503728904926708
2.5,2.0,2.0,partial_33,10,1,0.4679245283018868,2900.0,16544,1212120.0,732.600000000098,-0.013696196720953874
2.5,2.0,2.0,partial_33,20,0,0.779874213836478,10050.0,35404,2424240.0,699.7000000000905,0.18889488070147506
2.5,2.0,2.0,partial_33,20,1,0.7069182389937106,7025.0,35415,2424240.0,696.0000000000897,0.161122386076033
2.5,2.0,2.0,closed_33,2,0,0.22145328719723184,0.0,1337,242424.00000000003,720.3000000000952,-0.1967795531516495
2.5,2.0,2.0,closed_33,2,1,0.09169550173010381,0.0,1787,242424.00000000003,734.6000000000985,-0.3441076383665145
2.5,2.0,2.0,closed_33,5,0,0.4290657439446367,500.0,3841,606060.0,728.100000000097,-0.0075641655968991806
2.5,2.0,2.0,closed_33,5,1,0.3391003460207612,325.0,6608,606060.0,734.6000000000985,-0.1034495279593319
2.5,2.0,2.0,closed_33,10,0,0.6868512110726643,4275.0,9911,1212120.0,732.2000000000979,0.1652065740811607
2.5,2.0,2.0,closed_33,10,1,0.6314878892733564,4650.0,8674,1212120.0,731.6000000000978,0.10261782436304143
2.5,2.0,2.0,closed_33,20,0,0.8927335640138409,9500.0,19326,2424240.0,734.2000000000984,0.2588589185592711
2.5,2.0,2.0,closed_33,20,1,0.8823529411764706,10175.0,20347,2424240.0,732.500000000098,0.23399848867419024
2.5,2.0,5.0,open_33,2,0,0.1404786680541103,675.0,4862,242424.00000000003,645.1000000000781,-0.30428963355583016
2.5,2.0,5.0,open_33,2,1,0.04890738813735692,0.0,4947,242424.00000000003,641.3000000000773,-0.39271366824140874
2.5,2.0,5.0,open_33,5,0,0.21436004162330904,875.0,12251,606060.0,645.3000000000782,-0.2360494553802948
2.5,2.0,5.0,open_33,5,1,0.13215400624349635,0.0,12362,606060.0,641.3000000000773,-0.3092397535984979
2.5,2.0,5.0,open_33,10,0,1.0,23425.0,21878,1133886.279229511,578.1000000000629,0.28499375685416206
2.5,2.0,5.0,open_33,10,1,0.25390218522372526,425.0,24720,1212120.0,641.3000000000773,-0.1929170087247292
2.5,2.0,5.0,open_33,20,0,1.0,23750.0,20550,1051749.334689125,269.5999999999928,0.354169574398755
2.5,2.0,5.0,open_33,20,1,1.0,23925.0,20286,1043086.101545298,267.3999999999923,0.3526670646806932
2.5,2.0,5.0,partial_33,2,0,0.13459119496855346,0.0,3529,242424.00000000003,683.8000000000869,-0.3010248666376072
2.5,2.0,5.0,partial_33,2,1,0.2238993710691824,0.0,3642,242424.00000000003,685.3000000000873,-0.206566015783639
2.5,2.0,5.0,partial_33,5,0,0.38113207547169814,750.0,9873,606060.0,683.8000000000869,-0.06570034067085948
2.5,2.0,5.0,partial_33,5,1,0.2830188679245283,1775.0,8760,606060.0,688.8000000000881,-0.18070550848199127
2.5,2.0,5.0,partial_33,10,0,0.6490566037735849,3475.0,18976,1212120.0,706.200000000092,0.1601010488203299
2.5,2.0,5.0,partial_33,10,1,0.43144654088050316,2550.0,16359,1212120.0,732.600000000098,-0.0453275307919537
2.5,2.0,5.0,partial_33,20,0,0.8,10225.0,34286,2424240.0,703.9000000000915,0.2066795375185934
2.5,2.0,5.0,partial_33,20,1,0.6691823899371069,6775.0,33826,2424240.0,731.4000000000977,0.12711900090586434
2.5,2.0,5.0,closed_33,2,0,0.22145328719723184,0.0,1337,242424.00000000003,720.3000000000952,-0.1967795531516495
2.5,2.0,5.0,closed_33,2,1,0.09169550173010381,0.0,1787,242424.00000000003,734.6000000000985,-0.3441076383665145
2.5,2.0,5.0,closed_33,5,0,0.38581314878892736,450.0,3559,606060.0,731.8000000000978,-0.05028480279825656
2.5,2.0,5.0,closed_33,5,1,0.3391003460207612,325.0,6608,606060.0,734.6000000000985,-0.1034495279593319
2.5,2.0,5.0,closed_33,10,0,0.671280276816609,4375.0,10470,1212120.0,730.4000000000975,0.14672558884467754
2.5,2.0,5.0,closed_33,10,1,0.5795847750865052,4025.0,8342,1212120.0,732.400000000098,0.06315866092938519
2.5,2.0,5.0,closed_33,20,0,0.8771626297577855,9525.0,21158,2424240.0,730.7000000000976,0.24198786030297956
2.5,2.0,5.0,closed_33,20,1,0.8598615916955017,9625.0,24282,2424240.0,730.1000000000975,0.22160734960875741
2.5,2.0,10.0,open_33,2,0,0.20499479708636836,1600.0,4747,242424.00000000003,643.9000000000779,-0.2474749522084039
2.5,2.0,10.0,open_33,2,1,0.04890738813735692,0.0,4947,242424.00000000003,641.3000000000773,-0.39271366824140874
2.5,2.0,10.0,open_33,5,0,0.25286160249739853,2350.0,12160,606060.0,643.3000000000777,-0.21504966457387675
2.5,2.0,10.0,open_33,5,1,0.13215400624349635,0.0,12362,606060.0,641.3000000000773,-0.3092397535984979
2.5,2.0,10.0,open_33,10,0,1.0,20925.0,21451,1100334.0775384372,570.3000000000611,0.32045004653225584
2.5,2.0,10.0,open_33,10,1,0.3225806451612903,1625.0,24656,1212120.0,641.3000000000773,-0.13843009635664336
2.5,2.0,10.0,open_33,20,0,1.0,23925.0,27010,1388130.3777366746,356.10000000001247,0.3288462853413283
2.5,2.0,10.0,open_33,20,1,1.0,24000.0,23898,1231874.340360832,317.1000000000036,0.33851033136109926
2.5,2.0,10.0,partial_33,2,0,0.13459119496855346,0.0,3529,242424.00000000003,683.8000000000869,-0.3010248666376072
2.5,2.0,10.0,partial_33,2,1,0.2238993710691824,0.0,3642,242424.00000000003,685.3000000000873,-0.206566015783639
2.5,2.0,10.0,partial_33,5,0,0.33459119496855344,1600.0,10086,606060.0,683.8000000000869,-0.1262955375398145
2.5,2.0,10.0,partial_33,5,1,0.32578616352201256,2175.0,8795,606060.0,690.2000000000884,-0.14290662732202178
2.5,2.0,10.0,partial_33,10,0,0.6716981132075471,4700.0,18336,1212120.0,693.2000000000891,0.16479993867341255
2.5,2.0,10.0,partial_33,10,1,0.47924528301886793,2950.0,16339,1212120.0,732.600000000098,-0.0028913389104550935
2.5,2.0,10.0,partial_33,20,0,0.8176100628930818,11075.0,34142,2424240.0,710.300000000093,0.21160054384896795
2.5,2.0,10.0,partial_33,20,1,0.7295597484276729,7600.0,35415,2424240.0,704.8000000000917,0.17523232757403115
2.5,2.0,10.0,closed_33,2,0,0.22145328719723184,0.0,1337,242424.00000000003,720.3000000000952,-0.1967795531516495
2.5,2.0,10.0,closed_33,2,1,0.09169550173010381,0.0,1787,242424.00000000003,734.6000000000985,-0.3441076383665145
2.5,2.0,10.0,closed_33,5,0,0.4342560553633218,575.0,3217,606060.0,727.900000000097,-0.0004133025759323339
2.5,2.0,10.0,closed_33,5,1,0.3391003460207612,325.0,6608,606060.0,734.6000000000985,-0.1034495279593319
2.5,2.0,10.0,closed_33,10,0,0.7110726643598616,5375.0,9064,1212120.0,728.6000000000971,0.16804971702582425
2.5,2.0,10.0,closed_33,10,1,0.5882352941176471,4425.0,10329,1212120.0,725.9000000000965,0.06148274622308145
2.5,2.0,10.0,closed_33,20,0,0.9100346020761245,9725.0,24326,2424240.0,728.6000000000971,0.27003663301508474
2.5,2.0,10.0,closed_33,20,1,0.8477508650519031,9350.0,26090,2424240.0,730.1000000000975,0.21471924758926722
2.5,4.0,2.0,open_33,2,0,0.07075962539021852,100.0,5597,242424.00000000003,625.1000000000736,-0.3713324591907783
2.5,4.0,2.0,open_33,2,1,0.04890738813735692,0.0,5448,242424.00000000003,625.8000000000737,-0.3929710872443032
2.5,4.0,2.0,open_33,5,0,0.16857440166493237,100.0,13745,606060.0,625.1000000000736,-0.2736240990655573
2.5,4.0,2.0,open_33,5,1,0.18730489073881373,0.0,13609,606060.0,625.8000000000737,-0.2532233886465256
2.5,4.0,2.0,open_33,10,0,1.0,22150.0,13997,708266.8874520543,353.2000000000118,0.3582851899603288
2.5,4.0,2.0,open_33,10,1,1.0,23525.0,12464,652170.5689211977,323.40000000000504,0.35000128617964277
2.5,4.0,2.0,open_33,20,0,1.0,23650.0,15249,778580.7080350076,193.1999999999933,0.3760774597293578
2.5,4.0,2.0,open_33,20,1,1.0,23900.0,15720,798624.161577316,198.09999999999303,0.37125927338004555
2.5,4.0,2.0,partial_33,2,0,0.12327044025157233,0.0,1853,242424.00000000003,718.8000000000949,-0.30610480890840264
2.5,4.0,2.0,partial_33,2,1,0.1610062893081761,0.0,3831,242424.00000000003,702.9000000000913,-0.2737387360910549
2.5,4.0,2.0,partial_33,5,0,0.30440251572327043,1050.0,7136,606060.0,725.9000000000965,-0.1460509202666662
2.5,4.0,2.0,partial_33,5,1,0.21509433962264152,1375.0,8510,606060.0,715.4000000000941,-0.2441953643671557
2.5,4.0,2.0,partial_33,10,0,0.5207547169811321,1825.0,10728,1212120.0,732.0000000000979,0.05991011403392907
2.5,4.0,2.0,partial_33,10,1,0.3522012578616352,1925.0,13574,1212120.0,734.6000000000985,-0.11523655952053449
2.5,4.0,2.0,partial_33,20,0,0.6427672955974842,6500.0,19933,2424240.0,732.0000000000979,0.10770817618266518
2.5,4.0,2.0,partial_33,20,1,0.6339622641509434,5375.0,20437,2424240.0,734.7000000000985,0.115606029799005
2.5,4.0,2.0,closed_33,2,0,0.16608996539792387,0.0,2483,242424.00000000003,728.000000000097,-0.2671873600081336
2.5,4.0,2.0,closed_33,2,1,0.14186851211072665,0.0,1647,242424.00000000003,734.2000000000984,-0.2883480549479457
2.5,4.0,2.0,closed_33,5,0,0.3633217993079585,375.0,3621,606060.0,733.0000000000981,-0.07246331978213308
2.5,4.0,2.0,closed_33,5,1,0.3460207612456747,575.0,4754,606060.0,734.6000000000985,-0.09824997435072416
2.5,4.0,2.0,closed_33,10,0,0.6695501730103807,3625.0,8339,1212120.0,733.3000000000982,0.1631512783170281
2.5,4.0,2.0,closed_33,10,1,0.5259515570934256,3225.0,4868,1212120.0,734.6000000000985,0.03218550602079692
2.5,4.0,2.0,closed_33,20,0,0.8512110726643599,8500.0,11308,2424240.0,734.5000000000985,0.2428045145608925
2.5,4.0,2.0,closed_33,20,1,0.7249134948096886,7875.0,15677,2424240.0,734.6000000000985,0.12478363431483377
2.5,4.0,5.0,open_33,2,0,0.7023933402705516,1525.0,4987,242424.00000000003,610.8000000000703,0.27467097937339513
2.5,4.0,5.0,open_33,2,1,0.04890738813735692,0.0,5448,242424.00000000003,625.8000000000737,-0.3929710872443032
2.5,4.0,5.0,open_33,5,0,0.8054110301768991,13650.0,12633,606060.0,619.6000000000723,0.20783844596792114
2.5,4.0,5.0,open_33,5,1,0.18730489073881373,0.0,13609,606060.0,625.8000000000737,-0.2532233886465256
2.5,4.0,5.0,open_33,10,0,1.0,21800.0,14869,739974.8881287702,370.10000000001565,0.3578153849887734
2.5,4.0,5.0,open_33,10,1,1.0,23525.0,15951,792880.5341070322,396.10000000002157,0.3288055387297537
2.5,4.0,5.0,open_33,20,0,1.0,23850.0,16137,798190.5434347582,199.99999999999292,0.37148794419564823
2.5,4.0,5.0,open_33,20,1,1.0,23775.0,13696,691385.7563188002,172.79999999999447,0.38159642135976235
2.5,4.0,5.0,partial_33,2,0,0.12327044025157233,0.0,1853,242424.00000000003,718.8000000000949,-0.30610480890840264
2.5,4.0,5.0,partial_33,2,1,0.1610062893081761,0.0,3831,242424.00000000003,702.9000000000913,-0.2737387360910549
2.5,4.0,5.0,partial_33,5,0,0.3081761006289308,1050.0,6375,606060.0,725.9000000000965,-0.14101468138605458
2.5,4.0,5.0,partial_33,5,1,0.21132075471698114,1475.0,6762,606060.0,713.9000000000938,-0.24811511339813228
2.5,4.0,5.0,partial_33,10,0,0.5245283018867924,1800.0,9956,1212120.0,732.0000000000979,0.06497420229627762
2.5,4.0,5.0,partial_33,10,1,0.35094339622641507,2025.0,11912,1212120.0,734.6000000000985,-0.11720136534031103
2.5,4.0,5.0,partial_33,20,0,0.6855345911949685,6950.0,22142,2424240.0,732.0000000000979,0.1433912567703093
2.5,4.0,5.0,partial_33,20,1,0.6364779874213836,5450.0,22947,2424240.0,734.6000000000985,0.11624191154064226
2.5,4.0,5.0,closed_33,2,0,0.16608996539792387,0.0,2483,242424.00000000003,728.000000000097,-0.2671873600081336
2.5,4.0,5.0,closed_33,2,1,0.14186851211072665,0.0,1647,242424.00000000003,734.2000000000984,-0.2883480549479457
2.5,4.0,5.0,closed_33,5,0,0.3633217993079585,350.0,3803,606060.0,733.0000000000981,-0.0726901028021866
2.5,4.0,5.0,closed_33,5,1,0.34429065743944637,400.0,4795,606060.0,734.6000000000985,-0.09650394006063714
2.5,4.0,5.0,closed_33,10,0,0.6591695501730104,3350.0,11048,1212120.0,733.1000000000981,0.15517580768537406
2.5,4.0,5.0,closed_33,10,1,0.5363321799307958,3775.0,7539,1212120.0,734.6000000000985,0.025362676203459472
2.5,4.0,5.0,closed_33,20,0,0.8546712802768166,8150.0,14371,2424240.0,734.5000000000985,0.25099241113116855
2.5,4.0,5.0,closed_33,20,1,0.745674740484429,8200.0,15044,2424240.0,734.6000000000985,0.13934349346187844
2.5,4.0,10.0,open_33,2,0,0.08949011446409989,225.0,5530,242424.00000000003,624.4000000000734,-0.35316988624740964
2.5,4.0,10.0,open_33,2,1,0.04890738813735692,0.0,5448,242424.00000000003,625.8000000000737,-0.3929710872443032
2.5,4.0,10.0,open_33,5,0,1.0,15500.0,10153,503052.5112178786,506.3000000000466,0.41249756670222415
2.5,4.0,10.0,open_33,5,1,0.18730489073881373,0.0,13609,606060.0,625.8000000000737,-0.2532233886465256
2.5,4.0,10.0,open_33,10,0,1.0,21675.0,17361,842535.4725192415,423.6000000000278,0.3446773704203443
2.5,4.0,10.0,open_33,10,1,1.0,23500.0,14514,746870.6057669646,373.10000000001634,0.33618355011839224
2.5,4.0,10.0,open_33,20,0,1.0,22775.0,15698,774019.8980403035,195.1999999999932,0.38679596992654264
2.5,4.0,10.0,open_33,20,1,1.0,24000.0,28453,1397084.1619004859,350.5000000000112,0.3268706153510594
2.5,4.0,10.0,partial_33,2,0,0.12327044025157233,0.0,1853,242424.00000000003,718.8000000000949,-0.30610480890840264
2.5,4.0,10.0,partial_33,2,1,0.1610062893081761,0.0,3831,242424.00000000003,702.9000000000913,-0.2737387360910549
2.5,4.0,10.0,partial_33,5,0,0.30062893081761005,1000.0,8437,606060.0,725.9000000000965,-0.15064567620936523
2.5,4.0,10.0,partial_33,5,1,0.21635220125786164,1500.0,6985,606060.0,711.8000000000933,-0.2435240278755402
2.5,4.0,10.0,partial_33,10,0,0.5157232704402516,1775.0,12295,1212120.0,732.0000000000979,0.0541676010286645
2.5,4.0,10.0,partial_33,10,1,0.3622641509433962,2050.0,12479,1212120.0,734.6000000000985,-0.10635624240232824
2.5,4.0,10.0,partial_33,20,0,0.6842767295597484,7875.0,25447,2424240.0,732.0000000000979,0.1272434571973672
2.5,4.0,10.0,partial_33,20,1,0.6490566037735849,5925.0,21226,2424240.0,734.6000000000985,0.12229805724344597
2.5,4.0,10.0,closed_33,2,0,0.16608996539792387,0.0,2483,242424.00000000003,728.000000000097,-0.2671873600081336
2.5,4.0,10.0,closed_33,2,1,0.14186851211072665,0.0,1647,242424.00000000003,734.2000000000984,-0.2883480549479457
2.5,4.0,10.0,closed_33,5,0,0.3719723183391003,400.0,3911,606060.0,731.9000000000979,-0.06514405045376678
2.5,4.0,10.0,closed_33,5,1,0.3477508650519031,575.0,4646,606060.0,734.6000000000985,-0.09619061069574822
2.5,4.0,10.0,closed_33,10,0,0.6747404844290658,3450.0,9674,1212120.0,732.8000000000981,0.17029533859118637
2.5,4.0,10.0,closed_33,10,1,0.5449826989619377,4050.0,6478,1212120.0,734.6000000000985,0.030366588895901353
2.5,4.0,10.0,closed_33,20,0,0.870242214532872,8950.0,15678,2424240.0,734.3000000000984,0.2493103737251847
2.5,4.0,10.0,closed_33,20,1,0.7249134948096886,7300.0,17525,2424240.0,734.6000000000985,0.1359170840016092
4.0,1.0,2.0,open_33,2,0,0.14360041623309053,875.0,3841,242424.00000000003,649.100000000079,-0.3013655225603281
4.0,1.0,2.0,open_33,2,1,0.06659729448491156,0.0,3831,242424.00000000003,674.9000000000849,-0.3729177532971452
4.0,1.0,2.0,open_33,5,0,0.4214360041623309,4475.0,9444,606060.0,672.4000000000843,-0.06655145489115968
4.0,1.0,2.0,open_33,5,1,0.17273673257023933,0.0,9442,606060.0,674.9000000000849,-0.26652453119144076
4.0,1.0,2.0,open_33,10,0,0.8168574401664932,13325.0,19497,1212120.0,663.9000000000824,0.21763509872116596
4.0,1.0,2.0,open_33,10,1,0.5015608740894901,3925.0,19017,1212120.0,684.300000000087,0.015520748146077151
4.0,1.0,2.0,open_33,20,0,1.0,23125.0,25865,1571100.8797555864,419.2000000000268,0.3283738088712059
4.0,1.0,2.0,open_33,20,1,1.0,23950.0,32941,1937248.0129535375,510.80000000004765,0.29401263799312133
4.0,1.0,2.0,partial_33,2,0,0.17484276729559747,0.0,3925,242424.00000000003,665.2000000000827,-0.25934085037719345
4.0,1.0,2.0,partial_33,2,1,0.2893081761006289,0.0,3878,242424.00000000003,665.0000000000827,-0.1383397736992196
4.0,1.0,2.0,partial_33,5,0,0.40628930817610065,1875.0,9415,606060.0,683.900000000087,-0.056506314496409665
4.0,1.0,2.0,partial_33,5,1,0.44654088050314467,2800.0,9514,606060.0,672.6000000000844,-0.029376347978221168
4.0,1.0,2.0,partial_33,10,0,0.789937106918239,7250.0,18887,1212120.0,692.1000000000888,0.24571281243101187
4.0,1.0,2.0,partial_33,10,1,0.6452830188679245,4525.0,19265,1212120.0,686.9000000000876,0.14031806087402446
4.0,1.0,2.0,partial_33,20,0,0.879245283018868,12175.0,37531,2424240.0,702.0000000000911,0.25651247469936744
4.0,1.0,2.0,partial_33,20,1,0.8515723270440252,11325.0,37493,2424240.0,694.3000000000893,0.2415054190428015
4.0,1.0,2.0,closed_33,2,0,0.34429065743944637,0.0,3051,242424.00000000003,694.2000000000893,-0.08178455623576733
4.0,1.0,2.0,closed_33,2,1,0.3235294117647059,1175.0,2411,242424.00000000003,711.8000000000933,-0.12371596286026068
4.0,1.0,2.0,closed_33,5,0,0.6089965397923875,1425.0,7856,606060.0,694.2000000000893,0.14783281733746137
4.0,1.0,2.0,closed_33,5,1,0.5934256055363322,3900.0,6759,606060.0,711.4000000000932,0.08250117933325254
4.0,1.0,2.0,closed_33,10,0,0.759515570934256,5925.0,14803,1212120.0,722.4000000000957,0.2007013442136479
4.0,1.0,2.0,closed_33,10,1,0.7923875432525952,7525.0,14947,1212120.0,716.5000000000944,0.20063390718946764
4.0,1.0,2.0,closed_33,20,0,0.9186851211072664,10600.0,28367,2424240.0,724.3000000000961,0.2596839647245668
4.0,1.0,2.0,closed_33,20,1,0.9273356401384083,11450.0,30950,2424240.0,727.0000000000967,0.25028196441481243
4.0,1.0,5.0,open_33,2,0,0.1987513007284079,1450.0,3924,242424.00000000003,657.2000000000809,-0.24987461729749977
4.0,1.0,5.0,open_33,2,1,0.06659729448491156,0.0,3831,242424.00000000003,674.9000000000849,-0.3729177532971452
4.0,1.0,5.0,open_33,5,0,0.3100936524453694,2450.0,9666,606060.0,674.9000000000849,-0.15597162387206961
4.0,1.0,5.0,open_33,5,1,0.17273673257023933,0.0,9442,606060.0,674.9000000000849,-0.26652453119144076
4.0,1.0,5.0,open_33,10,0,0.6899063475546305,11700.0,19581,1212120.0,664.9000000000826,0.10918922170676262
4.0,1.0,5.0,open_33,10,1,0.6004162330905307,7825.0,19113,1212120.0,674.9000000000849,0.06705233524532553
4.0,1.0,5.0,open_33,20,0,1.0,23450.0,23913,1429473.8083627324,382.7000000000185,0.33359753691891214
4.0,1.0,5.0,open_33,20,1,1.0,23950.0,23723,1400847.3736564885,371.700000000016,0.32914891550265335
4.0,1.0,5.0,partial_33,2,0,0.17484276729559747,0.0,3925,242424.00000000003,665.2000000000827,-0.25934085037719345
4.0,1.0,5.0,partial_33,2,1,0.2893081761006289,0.0,3878,242424.00000000003,665.0000000000827,-0.1383397736992196
4.0,1.0,5.0,partial_33,5,0,0.4339622641509434,3300.0,9371,606060.0,685.4000000000873,-0.049640969142083796
4.0,1.0,5.0,partial_33,5,1,0.3371069182389937,750.0,8473,606060.0,707.0000000000922,-0.10946024866067697
4.0,1.0,5.0,partial_33,10,0,0.8138364779874214,7050.0,18762,1212120.0,688.700000000088,0.27297745442825005
4.0,1.0,5.0,partial_33,10,1,0.5308176100628931,2475.0,18050,1212120.0,707.0000000000922,0.05586829133651658
4.0,1.0,5.0,partial_33,20,0,0.889308176100629,11975.0,37593,2424240.0,703.9000000000915,0.2696468736828853
4.0,1.0,5.0,partial_33,20,1,0.7987421383647799,10450.0,37923,2424240.0,695.6000000000896,0.20150245381647822
4.0,1.0,5.0,closed_33,2,0,0.34429065743944637,0.0,3051,242424.00000000003,694.2000000000893,-0.08178455623576733
4.0,1.0,5.0,closed_33,2,1,0.3494809688581315,1550.0,3080,242424.00000000003,696.0000000000897,-0.10867905537667619
4.0,1.0,5.0,closed_33,5,0,0.5778546712802768,900.0,7803,606060.0,718.8000000000949,0.12703922641186446
4.0,1.0,5.0,closed_33,5,1,0.6020761245674741,4250.0,7883,606060.0,688.9000000000881,0.0820801425355733
4.0,1.0,5.0,closed_33,10,0,0.7474048442906575,7175.0,15504,1212120.0,718.3000000000948,0.16213099225043195
4.0,1.0,5.0,closed_33,10,1,0.7197231833910035,3650.0,15333,1212120.0,725.3000000000964,0.20742450488852796
4.0,1.0,5.0,closed_33,20,0,0.8944636678200693,10875.0,29995,2424240.0,718.7000000000949,0.22932392259884724
4.0,1.0,5.0,closed_33,20,1,0.8806228373702422,9775.0,30050,2424240.0,727.0000000000967,0.23823410771474016
4.0,1.0,10.0,open_33,2,0,0.20291363163371487,2075.0,3866,242424.00000000003,649.9000000000792,-0.2530360038092918
4.0,1.0,10.0,open_33,2,1,0.06659729448491156,0.0,3831,242424.00000000003,674.9000000000849,-0.3729177532971452
4.0,1.0,10.0,open_33,5,0,0.4557752341311134,6350.0,9547,606060.0,672.3000000000843,-0.05480187445001469
4.0,1.0,10.0,open_33,5,1,0.17273673257023933,0.0,9442,606060.0,674.9000000000849,-0.26652453119144076
4.0,1.0,10.0,open_33,10,0,1.0,20925.0,15264,958911.7044952336,512.800000000048,0.3422081268891845
4.0,1.0,10.0,open_33,10,1,0.7075962539021852,12025.0,19189,1212120.0,674.9000000000849,0.12326297253950588
4.0,1.0,10.0,open_33,20,0,1.0,23525.0,23737,1427110.520364691,382.80000000001854,0.3328844194477981
4.0,1.0,10.0,open_33,20,1,1.0,23900.0,31542,1846107.2945084707,491.2000000000432,0.30043348826046823
4.0,1.0,10.0,partial_33,2,0,0.17484276729559747,0.0,3925,242424.00000000003,665.2000000000827,-0.25934085037719345
4.0,1.0,10.0,partial_33,2,1,0.2893081761006289,0.0,3878,242424.00000000003,665.0000000000827,-0.1383397736992196
4.0,1.0,10.0,partial_33,5,0,0.4389937106918239,4200.0,9152,606060.0,684.200000000087,-0.05782706752483521
4.0,1.0,10.0,partial_33,5,1,0.45534591194968554,3075.0,9427,606060.0,686.3000000000875,-0.0244195416367107
4.0,1.0,10.0,partial_33,10,0,0.7773584905660378,7025.0,18768,1212120.0,687.9000000000879,0.23643991287235103
4.0,1.0,10.0,partial_33,10,1,0.6075471698113207,4800.0,19325,1212120.0,693.8000000000892,0.09796512134944099
4.0,1.0,10.0,partial_33,20,0,0.8905660377358491,12725.0,37384,2424240.0,691.3000000000886,0.25962209555107785
4.0,1.0,10.0,partial_33,20,1,0.8641509433962264,11575.0,37436,2424240.0,696.5000000000898,0.25039570306221104
4.0,1.0,10.0,closed_33,2,0,0.34429065743944637,0.0,3051,242424.00000000003,694.2000000000893,-0.08178455623576733
4.0,1.0,10.0,closed_33,2,1,0.33391003460207613,1150.0,3085,242424.00000000003,686.5000000000875,-0.1167466330943723
4.0,1.0,10.0,closed_33,5,0,0.6245674740484429,1725.0,8301,606060.0,694.2000000000893,0.15681276698454696
4.0,1.0,10.0,closed_33,5,1,0.5916955017301038,3150.0,7392,606060.0,708.2000000000925,0.09511923116042073
4.0,1.0,10.0,closed_33,10,0,0.7975778546712803,8250.0,15321,1212120.0,723.600000000096,0.19061628130022815
4.0,1.0,10.0,closed_33,10,1,0.8373702422145328,7900.0,15206,1212120.0,708.4000000000925,0.238166259042889
4.0,1.0,10.0,closed_33,20,0,0.9826989619377162,11500.0,30326,2424240.0,714.1000000000938,0.3050158263374657
4.0,1.0,10.0,closed_33,20,1,0.9083044982698962,10650.0,31901,2424240.0,727.0000000000967,0.24761000073677955
4.0,2.0,2.0,open_33,2,0,0.5244536940686785,2425.0,4230,242424.00000000003,638.0000000000765,0.08166745578622472
4.0,2.0,2.0,open_33,2,1,0.09053069719042664,0.0,4692,242424.00000000003,623.6000000000732,-0.348452353657031
4.0,2.0,2.0,open_33,5,0,0.7159209157127991,8500.0,11488,606060.0,636.4000000000761,0.18228841294649603
4.0,2.0,2.0,open_33,5,1,0.1914672216441207,625.0,11830,606060.0,632.7000000000753,-0.256186953660626
4.0,2.0,2.0,open_33,10,0,1.0,22000.0,8419,477133.52657832555,242.4999999999905,0.3991632991499267
4.0,2.0,2.0,open_33,10,1,1.0,22500.0,14143,750741.8926897591,380.60000000001804,0.34866682444772323
4.0,2.0,2.0,open_33,20,0,1.0,23800.0,14526,777749.6204170771,196.7999999999931,0.3750842252317905
4.0,2.0,2.0,open_33,20,1,1.0,23525.0,14805,788113.2094048895,199.29999999999296,0.37757122280151423
4.0,2.0,2.0,partial_33,2,0,0.09433962264150944,0.0,4292,242424.00000000003,679.900000000086,-0.34495254335090847
4.0,2.0,2.0,partial_33,2,1,0.27044025157232704,0.0,3930,242424.00000000003,667.6000000000832,-0.158443276104928
4.0,2.0,2.0,partial_33,5,0,0.2679245283018868,1125.0,9872,606060.0,683.8000000000869,-0.18716490543171302
4.0,2.0,2.0,partial_33,5,1,0.42138364779874216,725.0,9716,606060.0,677.3000000000854,-0.024005187797995403
4.0,2.0,2.0,partial_33,10,0,0.5182389937106918,2525.0,18444,1212120.0,703.5000000000914,0.042236284442878996
4.0,2.0,2.0,partial_33,10,1,0.5471698113207547,1900.0,18533,1212120.0,686.2000000000875,0.08092613002855073
4.0,2.0,2.0,partial_33,20,0,0.7433962264150943,8575.0,34539,2424240.0,709.7000000000928,0.17456478810957318
4.0,2.0,2.0,partial_33,20,1,0.7509433962264151,6425.0,34706,2424240.0,720.6000000000953,0.21459104294531725
4.0,2.0,2.0,closed_33,2,0,0.3027681660899654,0.0,1651,242424.00000000003,708.9000000000926,-0.11292490924166418
4.0,2.0,2.0,closed_33,2,1,0.2231833910034602,175.0,1525,242424.00000000003,730.7000000000976,-0.20149644797578087
4.0,2.0,2.0,closed_33,5,0,0.5190311418685121,875.0,5004,606060.0,717.5000000000946,0.0733889332505249
4.0,2.0,2.0,closed_33,5,1,0.5103806228373703,2050.0,4703,606060.0,730.5000000000975,0.04108270759284113
4.0,2.0,2.0,closed_33,10,0,0.7024221453287197,4675.0,10124,1212120.0,732.600000000098,0.1724858289218151
4.0,2.0,2.0,closed_33,10,1,0.6522491349480969,4250.0,9040,1212120.0,730.5000000000975,0.13157959071540962
4.0,2.0,2.0,closed_33,20,0,0.8754325259515571,9250.0,20642,2424240.0,732.9000000000981,0.24612454274944948
4.0,2.0,2.0,closed_33,20,1,0.8615916955017301,9950.0,22013,2424240.0,733.3000000000982,0.217209611957662
4.0,2.0,5.0,open_33,2,0,0.09261186264308012,300.0,4773,242424.00000000003,642.4000000000775,-0.35008711235986745
4.0,2.0,5.0,open_33,2,1,0.09053069719042664,0.0,4692,242424.00000000003,623.6000000000732,-0.348452353657031
4.0,2.0,5.0,open_33,5,0,0.1914672216441207,500.0,11945,606060.0,630.9000000000749,-0.25466964322457164
4.0,2.0,5.0,open_33,5,1,0.18314255983350677,575.0,11945,606060.0,628.1000000000743,-0.26412582919125815
4.0,2.0,5.0,open_33,10,0,1.0,20600.0,8853,500160.28121017106,254.39999999998983,0.412541857998368
4.0,2.0,5.0,open_33,10,1,1.0,23375.0,10443,567920.1858804533,287.4999999999969,0.36571992540112686
4.0,2.0,5.0,open_33,20,0,1.0,23500.0,13946,738026.1947930092,189.5999999999935,0.38192147385471176
4.0,2.0,5.0,open_33,20,1,1.0,23125.0,17381,899521.7026917185,229.99999999999122,0.37335976260246423
4.0,2.0,5.0,partial_33,2,0,0.09433962264150944,0.0,4292,242424.00000000003,679.900000000086,-0.34495254335090847
4.0,2.0,5.0,partial_33,2,1,0.27044025157232704,0.0,3930,242424.00000000003,667.6000000000832,-0.158443276104928
4.0,2.0,5.0,partial_33,5,0,0.3383647798742138,1900.0,9066,606060.0,683.8000000000869,-0.12611402501125699
4.0,2.0,5.0,partial_33,5,1,0.42012578616352203,600.0,9617,606060.0,691.4000000000887,-0.02330592228965958
4.0,2.0,5.0,partial_33,10,0,0.5723270440251572,4200.0,18203,1212120.0,683.8000000000869,0.0718022698319278
4.0,2.0,5.0,partial_33,10,1,0.549685534591195,1725.0,18169,1212120.0,694.6000000000894,0.08624946845441758
4.0,2.0,5.0,partial_33,20,0,0.7534591194968554,8975.0,34544,2424240.0,724.8000000000962,0.17865637078719585
4.0,2.0,5.0,partial_33,20,1,0.7509433962264151,5850.0,35598,2424240.0,701.800000000091,0.22314526225433354
4.0,2.0,5.0,closed_33,2,0,0.3027681660899654,0.0,1651,242424.00000000003,708.9000000000926,-0.11292490924166418
4.0,2.0,5.0,closed_33,2,1,0.2231833910034602,175.0,1525,242424.00000000003,730.7000000000976,-0.20149644797578087
4.0,2.0,5.0,closed_33,5,0,0.5173010380622838,1175.0,5079,606060.0,720.2000000000952,0.0651411927986619
4.0,2.0,5.0,closed_33,5,1,0.5449826989619377,2700.0,5381,606060.0,719.200000000095,0.06107348108333446
4.0,2.0,5.0,closed_33,10,0,0.6851211072664359,4425.0,11659,1212120.0,723.4000000000959,0.15866298273117355
4.0,2.0,5.0,closed_33,10,1,0.5847750865051903,3450.0,8523,1212120.0,730.5000000000975,0.08014774816193418
4.0,2.0,5.0,closed_33,20,0,0.8581314878892734,9975.0,23687,2424240.0,725.2000000000963,0.21274670058336906
4.0,2.0,5.0,closed_33,20,1,0.8252595155709342,8700.0,21001,2424240.0,732.1000000000979,0.2068548652861852
4.0,2.0,10.0,open_33,2,0,0.09365244536940687,350.0,4668,242424.00000000003,637.2000000000763,-0.34948779330997304
4.0,2.0,10.0,open_33,2,1,0.09053069719042664,0.0,4692,242424.00000000003,623.6000000000732,-0.348452353657031
4.0,2.0,10.0,open_33,5,0,0.1768990634755463,400.0,11866,606060.0,637.2000000000763,-0.2683028899196733
4.0,2.0,10.0,open_33,5,1,1.0,21100.0,7900,454227.1778215419,459.80000000003605,0.3608026992259791
4.0,2.0,10.0,open_33,10,0,1.0,21400.0,11550,635636.6625404145,322.20000000000476,0.3800752993715063
4.0,2.0,10.0,open_33,10,1,0.29864724245577523,575.0,24483,1212120.0,638.2000000000766,-0.1495012437934606
4.0,2.0,10.0,open_33,20,0,1.0,23625.0,18500,970589.7965247612,248.79999999999015,0.3619780077514282
4.0,2.0,10.0,open_33,20,1,1.0,23725.0,16905,897692.1235161428,228.89999999999128,0.3663953514501736
4.0,2.0,10.0,partial_33,2,0,0.09433962264150944,0.0,4292,242424.00000000003,679.900000000086,-0.34495254335090847
4.0,2.0,10.0,partial_33,2,1,0.27044025157232704,0.0,3930,242424.00000000003,667.6000000000832,-0.158443276104928
4.0,2.0,10.0,partial_33,5,0,0.2691823899371069,1225.0,9720,606060.0,683.8000000000869,-0.18728996703188636
4.0,2.0,10.0,partial_33,5,1,0.4226415094339623,600.0,9931,606060.0,668.1000000000834,-0.02104167572767282
4.0,2.0,10.0,partial_33,10,0,0.5421383647798742,3325.0,19102,1212120.0,689.0000000000881,0.054124807976953654
4.0,2.0,10.0,partial_33,10,1,0.5534591194968553,1725.0,18765,1212120.0,682.2000000000866,0.08985014930489041
4.0,2.0,10.0,partial_33,20,0,0.7761006289308177,10125.0,35395,2424240.0,694.6000000000894,0.18396594915601164
4.0,2.0,10.0,partial_33,20,1,0.7647798742138365,6550.0,36156,2424240.0,706.5000000000921,0.2264288804994952
4.0,2.0,10.0,closed_33,2,0,0.3027681660899654,0.0,1651,242424.00000000003,708.9000000000926,-0.11292490924166418
4.0,2.0,10.0,closed_33,2,1,0.2231833910034602,175.0,1525,242424.00000000003,730.7000000000976,-0.20149644797578087
4.0,2.0,10.0,closed_33,5,0,0.5224913494809689,1125.0,4635,606060.0,724.0000000000961,0.07304172909299231
4.0,2.0,10.0,closed_33,5,1,0.5294117647058824,2775.0,5421,606060.0,723.900000000096,0.04338419824425835
4.0,2.0,10.0,closed_33,10,0,0.6903114186851211,4775.0,11776,1212120.0,724.0000000000961,0.15656364832038225
4.0,2.0,10.0,closed_33,10,1,0.5934256055363322,3100.0,9453,1212120.0,728.5000000000971,0.09512558696446335
4.0,2.0,10.0,closed_33,20,0,0.884083044982699,9875.0,23867,2424240.0,724.0000000000961,0.2409097563055085
4.0,2.0,10.0,closed_33,20,1,0.856401384083045,9900.0,24312,2424240.0,733.0000000000981,0.21240682102742062
4.0,4.0,2.0,open_33,2,0,0.4745057232049948,475.0,4853,242424.00000000003,640.7000000000771,0.04989752173357889
4.0,4.0,2.0,open_33,2,1,0.08740894901144641,0.0,5735,242424.00000000003,622.2000000000729,-0.35270485442938915
4.0,4.0,2.0,open_33,5,0,1.0,19050.0,6660,356505.5882554704,357.2000000000127,0.41498521973777613
4.0,4.0,2.0,open_33,5,1,0.19979188345473464,200.0,14162,606060.0,623.6000000000732,-0.24313714080640658
4.0,4.0,2.0,open_33,10,0,1.0,20800.0,9458,485097.127721064,242.5999999999905,0.4101336877664862
4.0,4.0,2.0,open_33,10,1,1.0,22675.0,7828,421728.5648063773,208.49999999999244,0.39940376919896936
4.0,4.0,2.0,open_33,20,0,1.0,23850.0,16588,834564.3000311158,207.69999999999249,0.36888733763431153
4.0,4.0,2.0,open_33,20,1,1.0,23600.0,12081,630595.7753436007,155.79999999999544,0.38983944134094056
4.0,4.0,2.0,partial_33,2,0,0.08679245283018867,0.0,3260,242424.00000000003,722.2000000000957,-0.35143390810569464
4.0,4.0,2.0,partial_33,2,1,0.1459119496855346,0.0,3521,242424.00000000003,724.3000000000961,-0.2889641692158799
4.0,4.0,2.0,partial_33,5,0,0.23144654088050315,1050.0,6220,606060.0,722.2000000000957,-0.22022734742567868
4.0,4.0,2.0,partial_33,5,1,0.2037735849056604,600.0,7415,606060.0,726.2000000000966,-0.243313315232654
4.0,4.0,2.0,partial_33,10,0,0.43144654088050316,1300.0,12038,1212120.0,723.800000000096,-0.024309423193074747
4.0,4.0,2.0,partial_33,10,1,0.33962264150943394,1000.0,11486,1212120.0,726.2000000000966,-0.11302604388463397
4.0,4.0,2.0,partial_33,20,0,0.6666666666666666,5850.0,21209,2424240.0,728.4000000000971,0.14123437931403263
4.0,4.0,2.0,partial_33,20,1,0.6264150943396226,5025.0,17582,2424240.0,729.4000000000973,0.11438486762768776
4.0,4.0,2.0,closed_33,2,0,0.12802768166089964,0.0,962,242424.00000000003,730.9000000000976,-0.2949881913549734
4.0,4.0,2.0,closed_33,2,1,0.17474048442906576,300.0,1122,242424.00000000003,732.0000000000979,-0.25115719062704045
4.0,4.0,2.0,closed_33,5,0,0.26124567474048443,425.0,2603,606060.0,733.6000000000982,-0.17557349737280534
4.0,4.0,2.0,closed_33,5,1,0.39100346020761245,650.0,5511,606060.0,732.0000000000979,-0.05511777056825798
4.0,4.0,2.0,closed_33,10,0,0.6539792387543253,4000.0,5592,1212120.0,733.7000000000983,0.1454847864852907
4.0,4.0,2.0,closed_33,10,1,0.5553633217993079,2775.0,5811,1212120.0,731.8000000000978,0.06901092158593222
4.0,4.0,2.0,closed_33,20,0,0.8408304498269896,8000.0,12660,2424240.0,734.0000000000983,0.24138686609142188
4.0,4.0,2.0,closed_33,20,1,0.8183391003460208,7950.0,11927,2424240.0,732.500000000098,0.22028630117448625
4.0,4.0,5.0,open_33,2,0,0.4120707596253902,800.0,5201,242424.00000000003,618.8000000000721,-0.021137622390040106
4.0,4.0,5.0,open_33,2,1,0.08740894901144641,0.0,5735,242424.00000000003,622.2000000000729,-0.35270485442938915
4.0,4.0,5.0,open_33,5,0,1.0,20450.0,9048,460144.4980797728,461.10000000003635,0.36377719358049154
4.0,4.0,5.0,open_33,5,1,0.20291363163371487,225.0,14218,606060.0,628.0000000000742,-0.24028155039855156
4.0,4.0,5.0,open_33,10,0,1.0,23000.0,10951,560505.7101474071,279.7999999999951,0.3702079885034431
4.0,4.0,5.0,open_33,10,1,1.0,23050.0,10956,543175.6522842201,271.2999999999932,0.371638651556791
4.0,4.0,5.0,open_33,20,0,1.0,23750.0,13985,712702.5119353067,176.69999999999425,0.3802581311866673
4.0,4.0,5.0,open_33,20,1,1.0,23850.0,14557,740769.6738713817,183.69999999999385,0.3766260782409876
4.0,4.0,5.0,partial_33,2,0,0.08679245283018867,0.0,3260,242424.00000000003,722.2000000000957,-0.35143390810569464
4.0,4.0,5.0,partial_33,2,1,0.1459119496855346,0.0,3521,242424.00000000003,724.3000000000961,-0.2889641692158799
4.0,4.0,5.0,partial_33,5,0,0.2,175.0,7794,606060.0,722.2000000000957,-0.24108821717527584
4.0,4.0,5.0,partial_33,5,1,0.21509433962264152,550.0,7335,606060.0,717.5000000000946,-0.23081745924015507
4.0,4.0,5.0,partial_33,10,0,0.4679245283018868,2300.0,12067,1212120.0,723.600000000096,-0.002265114977020727
4.0,4.0,5.0,partial_33,10,1,0.35094339622641507,950.0,11095,1212120.0,722.2000000000957,-0.1004817821660273
4.0,4.0,5.0,partial_33,20,0,0.6930817610062893,6775.0,20075,2424240.0,726.8000000000967,0.15438732250781154
4.0,4.0,5.0,partial_33,20,1,0.6389937106918239,5100.0,17876,2424240.0,732.9000000000981,0.12585795140428366
4.0,4.0,5.0,closed_33,2,0,0.12802768166089964,0.0,962,242424.00000000003,730.9000000000976,-0.2949881913549734
4.0,4.0,5.0,closed_33,2,1,0.17301038062283736,275.0,1127,242424.00000000003,732.0000000000979,-0.2526935286315495
4.0,4.0,5.0,closed_33,5,0,0.25259515570934254,350.0,2474,606060.0,733.6000000000982,-0.1823981674693527
4.0,4.0,5.0,closed_33,5,1,0.3892733564013841,625.0,5516,606060.0,732.0000000000979,-0.05638933305902935
4.0,4.0,5.0,closed_33,10,0,0.6314878892733564,2875.0,4273,1212120.0,733.7000000000983,0.15096417787367086
4.0,4.0,5.0,closed_33,10,1,0.6193771626297578,3275.0,6333,1212120.0,732.400000000098,0.12299105094547927
4.0,4.0,5.0,closed_33,20,0,0.8512110726643599,8775.0,10258,2424240.0,734.0000000000983,0.2383169299822073
4.0,4.0,5.0,closed_33,20,1,0.8391003460207612,8750.0,14236,2424240.0,732.2000000000979,0.22287884133542088
4.0,4.0,10.0,open_33,2,0,0.37460978147762747,775.0,5051,242424.00000000003,628.4000000000743,-0.05955274024070947
4.0,4.0,10.0,open_33,2,1,0.08740894901144641,0.0,5735,242424.00000000003,622.2000000000729,-0.35270485442938915
4.0,4.0,10.0,open_33,5,0,0.9864724245577523,17425.0,12457,606060.0,628.3000000000743,0.3456580962308514
4.0,4.0,10.0,open_33,5,1,1.0,20275.0,5913,331351.21597709076,329.9000000000065,0.40979474981684405
4.0,4.0,10.0,open_33,10,0,1.0,23250.0,11302,581813.8161055222,292.0999999999979,0.3638542816967104
4.0,4.0,10.0,open_33,10,1,1.0,23125.0,14714,701237.9590304943,352.6000000000117,0.3460663642598623
4.0,4.0,10.0,open_33,20,0,1.0,23800.0,11905,607579.2417978058,152.7999999999956,0.38901583745121365
4.0,4.0,10.0,open_33,20,1,1.0,23975.0,17229,866227.5499434983,217.19999999999195,0.3648609409567164
4.0,4.0,10.0,partial_33,2,0,0.08679245283018867,0.0,3260,242424.00000000003,722.2000000000957,-0.35143390810569464
4.0,4.0,10.0,partial_33,2,1,0.1459119496855346,0.0,3521,242424.00000000003,724.3000000000961,-0.2889641692158799
4.0,4.0,10.0,partial_33,5,0,0.20251572327044026,175.0,6451,606060.0,729.1000000000972,-0.23726533042647824
4.0,4.0,10.0,partial_33,5,1,0.25660377358490566,550.0,6937,606060.0,720.0000000000952,-0.18757232939264418
4.0,4.0,10.0,partial_33,10,0,0.45157232704402517,1225.0,11134,1212120.0,729.1000000000972,-0.0019917620077191944
4.0,4.0,10.0,partial_33,10,1,0.39245283018867927,950.0,10898,1212120.0,726.0000000000965,-0.0579815491185057
4.0,4.0,10.0,partial_33,20,0,0.7069182389937106,7900.0,23464,2424240.0,728.200000000097,0.15024590934942764
4.0,4.0,10.0,partial_33,20,1,0.6792452830188679,5400.0,20998,2424240.0,726.8000000000967,0.16081299436051102
4.0,4.0,10.0,closed_33,2,0,0.12802768166089964,0.0,962,242424.00000000003,730.9000000000976,-0.2949881913549734
4.0,4.0,10.0,closed_33,2,1,0.17993079584775087,275.0,1180,242424.00000000003,731.8000000000978,-0.24592392573668645
4.0,4.0,10.0,closed_33,5,0,0.25432525951557095,525.0,2798,606060.0,733.6000000000982,-0.1860443058011513
4.0,4.0,10.0,closed_33,5,1,0.3961937716262976,625.0,5569,606060.0,731.8000000000978,-0.04937753794643948
4.0,4.0,10.0,closed_33,10,0,0.6453287197231834,4050.0,4794,1212120.0,733.7000000000983,0.13845789760782637
4.0,4.0,10.0,closed_33,10,1,0.5588235294117647,2675.0,5823,1212120.0,732.2000000000979,0.07460910488631559
4.0,4.0,10.0,closed_33,20,0,0.8166089965397924,7825.0,13695,2424240.0,734.0000000000983,0.21970286363029326
4.0,4.0,10.0,closed_33,20,1,0.7647058823529411,6925.0,14461,2424240.0,733.6000000000982,0.18538734901949425
