attract_gain,drone_repel_gain,drone_repel_range,map_label,n_drones,seed,final_coverage,overlap_m2,wasted_visits,energy_used_j,time_to_terminal,score
1.0,2.0,1.5,open_33,2,0,0.9105098855359001,1150.0,3396,242424.00000000003,639.1000000000768,0.5131664156236136
1.0,2.0,1.5,open_33,2,1,0.11238293444328824,0.0,3785,242424.00000000003,648.3000000000789,-0.32373887963896764
1.0,2.0,1.5,open_33,5,0,0.8116545265348595,4075.0,9139,606060.0,677.4000000000855,0.33991667458430863
1.0,2.0,1.5,open_33,5,1,0.841831425598335,3775.0,9634,606060.0,645.4000000000782,0.37348903179837334
1.0,2.0,1.5,open_33,10,0,1.0,16350.0,8094,534368.9181717623,281.69999999999555,0.46399740578116644
1.0,2.0,1.5,open_33,10,1,1.0,14950.0,6581,439373.0025177207,229.29999999999126,0.4991867251702663
1.0,2.0,1.5,open_33,20,0,1.0,17950.0,4445,302524.8149743485,78.7999999999998,0.5111626595718317
1.0,2.0,1.5,open_33,20,1,1.0,18375.0,4511,307545.6565081859,79.99999999999973,0.5049132986621653
1.0,2.0,1.5,partial_33,2,0,0.3320754716981132,100.0,3692,242424.00000000003,668.8000000000835,-0.09385818426167933
1.0,2.0,1.5,partial_33,2,1,0.5169811320754717,725.0,3611,242424.00000000003,654.5000000000803,0.09224968126040536
1.0,2.0,1.5,partial_33,5,0,1.0,6575.0,6468,426106.47319058434,454.8000000000349,0.5320369096993707
1.0,2.0,1.5,partial_33,5,1,0.7094339622641509,2900.0,9453,606060.0,673.5000000000846,0.23810721772985913
1.0,2.0,1.5,partial_33,10,0,0.9647798742138365,11200.0,17798,1212120.0,700.7000000000908,0.36367311632707566
1.0,2.0,1.5,partial_33,10,1,1.0,11875.0,3947,284024.7325001203,150.9999999999957,0.5372036365903345
1.0,2.0,1.5,partial_33,20,0,1.0,13925.0,3845,268737.3664068207,71.30000000000022,0.5251998987296588
1.0,2.0,1.5,partial_33,20,1,1.0,18200.0,4790,325670.1290732417,85.39999999999942,0.4485821581522182
1.0,2.0,1.5,closed_33,2,0,0.43771626297577854,0.0,2184,242424.00000000003,706.200000000092,0.024416668757021392
1.0,2.0,1.5,closed_33,2,1,0.4688581314878893,25.0,2311,242424.00000000003,714.5000000000939,0.05538187511149115
1.0,2.0,1.5,closed_33,5,0,0.759515570934256,1225.0,6943,606060.0,714.3000000000939,0.3074792941172304
1.0,2.0,1.5,closed_33,5,1,0.6851211072664359,2650.0,6357,606060.0,708.0000000000924,0.20325154303670576
1.0,2.0,1.5,closed_33,10,0,0.9238754325259516,6575.0,12244,1212120.0,725.4000000000964,0.3554629710366404
1.0,2.0,1.5,closed_33,10,1,0.9653979238754326,7300.0,13848,1212120.0,709.6000000000928,0.3810165442727712
1.0,2.0,1.5,closed_33,20,0,1.0,8825.0,4228,374463.9459571736,104.39999999999834,0.5305500746201451
1.0,2.0,1.5,closed_33,20,1,1.0,10175.0,4611,368170.31058599055,101.49999999999851,0.5002343323060101
1.0,2.0,2.5,open_33,2,0,0.8439125910509886,2000.0,3348,242424.00000000003,631.200000000075,0.4329938005110813
1.0,2.0,2.5,open_33,2,1,0.11238293444328824,0.0,3785,242424.00000000003,648.3000000000789,-0.32373887963896764
1.0,2.0,2.5,open_33,5,0,1.0,15150.0,5901,392031.43194382486,408.0000000000243,0.45940179906328776
1.0,2.0,2.5,open_33,5,1,0.6971904266389178,2225.0,9632,606060.0,648.1000000000788,0.2444731980084218
1.0,2.0,2.5,open_33,10,0,1.0,14350.0,3693,264056.295734453,137.1999999999965,0.5512916269901443
1.0,2.0,2.5,open_33,10,1,1.0,15950.0,6241,424543.4092357124,223.4999999999916,0.49027153972592374
1.0,2.0,2.5,open_33,20,0,1.0,16325.0,3237,239671.65155487275,62.70000000000062,0.5505449535173728
1.0,2.0,2.5,open_33,20,1,1.0,18475.0,4843,323535.3582075429,83.49999999999953,0.4996981147617522
1.0,2.0,2.5,partial_33,2,0,0.3320754716981132,100.0,3692,242424.00000000003,668.8000000000835,-0.09385818426167933
1.0,2.0,2.5,partial_33,2,1,0.4578616352201258,475.0,3579,242424.00000000003,666.600000000083,0.033942028199537316
1.0,2.0,2.5,partial_33,5,0,0.7031446540880503,3300.0,9060,606060.0,682.9000000000867,0.22632313361287268
1.0,2.0,2.5,partial_33,5,1,0.9937106918238994,7400.0,9113,606060.0,668.5000000000834,0.4615002759471273
1.0,2.0,2.5,partial_33,10,0,1.0,10900.0,4559,317535.9416139433,169.29999999999467,0.5421780942962644
1.0,2.0,2.5,partial_33,10,1,1.0,12475.0,4732,331976.2019531019,176.59999999999425,0.5152893765009008
1.0,2.0,2.5,partial_33,20,0,1.0,12825.0,4054,284704.4754020511,75.99999999999996,0.5386368347679427
1.0,2.0,2.5,partial_33,20,1,1.0,16725.0,4444,310238.2538851453,82.49999999999959,0.4745860769855184
1.0,2.0,2.5,closed_33,2,0,0.43771626297577854,0.0,2184,242424.00000000003,706.200000000092,0.024416668757021392
1.0,2.0,2.5,closed_33,2,1,0.4688581314878893,25.0,2311,242424.00000000003,714.5000000000939,0.05538187511149115
1.0,2.0,2.5,closed_33,5,0,0.7837370242214533,800.0,6814,606060.0,720.5000000000953,0.34138456025661923
1.0,2.0,2.5,closed_33,5,1,0.745674740484429,2725.0,6735,606060.0,716.4000000000943,0.262699440510171
1.0,2.0,2.5,closed_33,10,0,0.9930795847750865,9100.0,12816,1212120.0,723.0000000000958,0.3725681482304588
1.0,2.0,2.5,closed_33,10,1,0.7993079584775087,6900.0,13614,1212120.0,714.2000000000938,0.22145746619193293
1.0,2.0,2.5,closed_33,20,0,1.0,8075.0,6848,625656.0619338178,177.5999999999942,0.5184246207273316
1.0,2.0,2.5,closed_33,20,1,0.9982698961937716,11050.0,26326,2424240.0,719.6000000000951,0.33084791370961586
1.0,2.0,4.0,open_33,2,0,0.9334027055150884,2225.0,3290,242424.00000000003,637.0000000000763,0.5254450629177964
1.0,2.0,4.0,open_33,2,1,0.11238293444328824,0.0,3785,242424.00000000003,648.3000000000789,-0.32373887963896764
1.0,2.0,4.0,open_33,5,0,1.0,14000.0,5989,400048.07166514423,416.1000000000261,0.4713192306071845
1.0,2.0,4.0,open_33,5,1,0.37148803329864727,1225.0,9625,606060.0,653.40000000008,-0.07752366445982697
1.0,2.0,4.0,open_33,10,0,1.0,14850.0,4004,280748.49360172055,145.59999999999602,0.5391787278152714
1.0,2.0,4.0,open_33,10,1,1.0,11925.0,5739,388885.69241262437,203.49999999999272,0.5477802045874826
1.0,2.0,4.0,open_33,20,0,1.0,15450.0,2719,204785.3871310642,53.60000000000049,0.5732165456583356
1.0,2.0,4.0,open_33,20,1,1.0,15300.0,2756,204236.94082366908,53.30000000000049,0.5743424319971095
1.0,2.0,4.0,partial_33,2,0,0.3320754716981132,100.0,3692,242424.00000000003,668.8000000000835,-0.09385818426167933
1.0,2.0,4.0,partial_33,2,1,0.45660377358490567,375.0,3602,242424.00000000003,663.9000000000824,0.03396427334565286
1.0,2.0,4.0,partial_33,5,0,1.0,11625.0,4460,313136.51016174816,334.6000000000076,0.4952827062889298
1.0,2.0,4.0,partial_33,5,1,0.6716981132075471,1875.0,9041,606060.0,683.7000000000869,0.21568285246673344
1.0,2.0,4.0,partial_33,10,0,0.9433962264150944,10650.0,18311,1212120.0,693.100000000089,0.35000127253371804
1.0,2.0,4.0,partial_33,10,1,0.9962264150943396,13800.0,18065,1212120.0,686.6000000000876,0.35608017931271085
1.0,2.0,4.0,partial_33,20,0,1.0,11300.0,3070,229857.87707265792,61.1000000000006,0.5774458826597849
1.0,2.0,4.0,partial_33,20,1,1.0,13650.0,3168,230897.81965872133,61.1000000000006,0.5403862691836441
1.0,2.0,4.0,closed_33,2,0,0.43771626297577854,0.0,2184,242424.00000000003,706.200000000092,0.024416668757021392
1.0,2.0,4.0,closed_33,2,1,0.4688581314878893,25.0,2311,242424.00000000003,714.5000000000939,0.05538187511149115
1.0,2.0,4.0,closed_33,5,0,0.7577854671280276,1425.0,7091,606060.0,710.8000000000931,0.30120876453159784
1.0,2.0,4.0,closed_33,5,1,0.9013840830449827,2625.0,7238,606060.0,711.6000000000932,0.4225857172028623
1.0,2.0,4.0,closed_33,10,0,0.9965397923875432,6150.0,12592,1212120.0,725.8000000000965,0.43753640879314093
1.0,2.0,4.0,closed_33,10,1,0.8062283737024222,5975.0,13622,1212120.0,716.3000000000943,0.24765882536332842
1.0,2.0,4.0,closed_33,20,0,0.9896193771626297,11225.0,27604,2424240.0,725.8000000000965,0.31822023962740054
1.0,2.0,4.0,closed_33,20,1,1.0,10000.0,6039,523587.3464641436,147.7999999999959,0.4873956616177162
1.0,5.0,1.5,open_33,2,0,0.8626430801248699,1550.0,3345,242424.00000000003,652.0000000000797,0.4584269306554628
1.0,5.0,1.5,open_33,2,1,0.11238293444328824,0.0,3785,242424.00000000003,648.3000000000789,-0.32373887963896764
1.0,5.0,1.5,open_33,5,0,0.9001040582726326,4875.0,9253,606060.0,677.4000000000855,0.4204328854766387
1.0,5.0,1.5,open_33,5,1,0.28407908428720086,625.0,10013,606060.0,648.3000000000789,-0.16020745177910597
1.0,5.0,1.5,open_33,10,0,1.0,15750.0,5885,399103.7972172934,209.69999999999237,0.4978821302921662
1.0,5.0,1.5,open_33,10,1,1.0,15850.0,7334,484153.32924781204,253.59999999998988,0.47914204638998453
1.0,5.0,1.5,open_33,20,0,1.0,16800.0,3831,269908.4955470278,70.60000000000026,0.5342992297162634
1.0,5.0,1.5,open_33,20,1,1.0,17450.0,4071,279223.59692485956,72.90000000000013,0.5227582105544837
1.0,5.0,1.5,partial_33,2,0,0.3320754716981132,100.0,3692,242424.00000000003,668.8000000000835,-0.09385818426167933
1.0,5.0,1.5,partial_33,2,1,0.4540880503144654,450.0,3573,242424.00000000003,664.5000000000825,0.030380385373335067
1.0,5.0,1.5,partial_33,5,0,0.9987421383647799,9750.0,9025,606060.0,670.0000000000838,0.4313869721198985
1.0,5.0,1.5,partial_33,5,1,0.710691823899371,2875.0,9442,606060.0,673.5000000000846,0.23978929633952242
1.0,5.0,1.5,partial_33,10,0,1.0,13675.0,7868,532938.9953135296,289.7999999999974,0.457607156992129
1.0,5.0,1.5,partial_33,10,1,1.0,12625.0,13656,934848.9918615316,518.2000000000493,0.41453506082712577
1.0,5.0,1.5,partial_33,20,0,1.0,13500.0,3818,277872.56726597436,74.10000000000007,0.5313715372896366
1.0,5.0,1.5,partial_33,20,1,1.0,16450.0,4750,332236.31065032864,88.49999999999925,0.47491406884118254
1.0,5.0,1.5,closed_33,2,0,0.43771626297577854,0.0,2184,242424.00000000003,706.200000000092,0.024416668757021392
1.0,5.0,1.5,closed_33,2,1,0.4688581314878893,25.0,2311,242424.00000000003,714.5000000000939,0.05538187511149115
1.0,5.0,1.5,closed_33,5,0,0.7231833910034602,800.0,7281,606060.0,717.3000000000945,0.2784177796074815
1.0,5.0,1.5,closed_33,5,1,0.8754325259515571,3050.0,6347,606060.0,721.8000000000956,0.3898171650241943
1.0,5.0,1.5,closed_33,10,0,1.0,8125.0,5101,480367.5354072852,269.39999999999276,0.5046045683176507
1.0,5.0,1.5,closed_33,10,1,0.9740484429065744,6475.0,13561,1212120.0,708.4000000000925,0.407133301452255
1.0,5.0,1.5,closed_33,20,0,1.0,10500.0,7064,627155.4398703342,177.2999999999942,0.4673292666060752
1.0,5.0,1.5,closed_33,20,1,1.0,10675.0,4797,384717.0500721354,106.49999999999822,0.4877114203822125
1.0,5.0,2.5,open_33,2,0,0.813735691987513,2050.0,3379,242424.00000000003,632.9000000000754,0.4000735901971323
1.0,5.0,2.5,open_33,2,1,0.11238293444328824,0.0,3785,242424.00000000003,648.3000000000789,-0.32373887963896764
1.0,5.0,2.5,open_33,5,0,1.0,11475.0,8138,537671.134647723,563.3000000000595,0.46025147720954873
1.0,5.0,2.5,open_33,5,1,0.9729448491155047,7825.0,9349,606060.0,644.1000000000779,0.45806506589885065
1.0,5.0,2.5,open_33,10,0,1.0,16250.0,6188,409421.8596923696,214.19999999999212,0.48862419980287547
1.0,5.0,2.5,open_33,10,1,1.0,15950.0,4861,337760.7861317154,176.89999999999424,0.5101016645303561
1.0,5.0,2.5,open_33,20,0,1.0,16875.0,3289,235883.4480681992,61.90000000000061,0.5430625558676819
1.0,5.0,2.5,open_33,20,1,1.0,16025.0,2876,208955.6573104146,54.4000000000005,0.5625824803407032
1.0,5.0,2.5,partial_33,2,0,0.3320754716981132,100.0,3692,242424.00000000003,668.8000000000835,-0.09385818426167933
1.0,5.0,2.5,partial_33,2,1,0.49433962264150944,450.0,3472,242424.00000000003,664.0000000000824,0.07360725318058911
1.0,5.0,2.5,partial_33,5,0,1.0,9000.0,4784,334100.2599663271,355.7000000000124,0.5272732318455282
1.0,5.0,2.5,partial_33,5,1,0.7157232704402515,2575.0,9357,606060.0,674.5000000000848,0.24960816118944754
1.0,5.0,2.5,partial_33,10,0,1.0,8350.0,4346,306353.7633841811,163.79999999999498,0.583846823417788
1.0,5.0,2.5,partial_33,10,1,1.0,12425.0,3737,263404.7278710231,138.6999999999964,0.5336895076809207
1.0,5.0,2.5,partial_33,20,0,1.0,13175.0,3348,241815.00725399936,63.80000000000064,0.5442908973302721
1.0,5.0,2.5,partial_33,20,1,1.0,11750.0,2901,214404.51321164193,57.10000000000054,0.5743957818593745
1.0,5.0,2.5,closed_33,2,0,0.43771626297577854,0.0,2184,242424.00000000003,706.200000000092,0.024416668757021392
1.0,5.0,2.5,closed_33,2,1,0.4688581314878893,25.0,2311,242424.00000000003,714.5000000000939,0.05538187511149115
1.0,5.0,2.5,closed_33,5,0,0.7906574394463668,1450.0,6500,606060.0,717.0000000000945,0.3358159589331001
1.0,5.0,2.5,closed_33,5,1,0.8183391003460208,1525.0,6422,606060.0,714.800000000094,0.36281388677696624
1.0,5.0,2.5,closed_33,10,0,0.9653979238754326,7450.0,11182,1212120.0,722.0000000000956,0.3805411429361135
1.0,5.0,2.5,closed_33,10,1,1.0,7375.0,11589,1000659.2451512556,570.5000000000612,0.4418921315275482
1.0,5.0,2.5,closed_33,20,0,0.9896193771626297,10925.0,27562,2424240.0,725.2000000000963,0.32445770525288886
1.0,5.0,2.5,closed_33,20,1,1.0,11150.0,6353,541789.6743638762,151.99999999999565,0.46124847859639223
1.0,5.0,4.0,open_33,2,0,0.9125910509885536,3700.0,3384,242424.00000000003,633.7000000000755,0.4836908024930896
1.0,5.0,4.0,open_33,2,1,0.11238293444328824,0.0,3785,242424.00000000003,648.3000000000789,-0.32373887963896764
1.0,5.0,4.0,open_33,5,0,1.0,13850.0,6148,400447.3687439201,416.70000000002625,0.47216932626329405
1.0,5.0,4.0,open_33,5,1,1.0,11500.0,5804,393197.476507781,409.0000000000245,0.5053038328026577
1.0,5.0,4.0,open_33,10,0,1.0,13425.0,3068,221109.8918823169,114.99999999999774,0.5775693850808423
1.0,5.0,4.0,open_33,10,1,1.0,12850.0,4064,283762.9393440187,147.5999999999959,0.5631001605084948
1.0,5.0,4.0,open_33,20,0,1.0,15250.0,2711,197272.72797427978,51.700000000000465,0.5763322545149849
1.0,5.0,4.0,open_33,20,1,1.0,13200.0,2190,170686.70667305402,44.80000000000037,0.6164963666076029
1.0,5.0,4.0,partial_33,2,0,0.3320754716981132,100.0,3692,242424.00000000003,668.8000000000835,-0.09385818426167933
1.0,5.0,4.0,partial_33,2,1,0.4528301886792453,325.0,3536,242424.00000000003,667.7000000000833,0.031200823077154854
1.0,5.0,4.0,partial_33,5,0,1.0,6825.0,3928,281848.5387157706,298.4999999999994,0.5803047282811677
1.0,5.0,4.0,partial_33,5,1,0.7761006289308177,2625.0,8965,606060.0,685.4000000000873,0.31135101323367065
1.0,5.0,4.0,partial_33,10,0,1.0,12200.0,8935,596750.9394218468,327.1000000000059,0.4692479843259144
1.0,5.0,4.0,partial_33,10,1,1.0,11525.0,5147,364895.75082475203,196.9999999999931,0.5226922827321605
1.0,5.0,4.0,partial_33,20,0,1.0,13350.0,3022,219579.86706966348,58.20000000000056,0.5478908784257238
1.0,5.0,4.0,partial_33,20,1,1.0,15075.0,3633,253948.4102570978,66.90000000000047,0.5111835108976388
1.0,5.0,4.0,closed_33,2,0,0.43771626297577854,0.0,2184,242424.00000000003,706.200000000092,0.024416668757021392
1.0,5.0,4.0,closed_33,2,1,0.4688581314878893,25.0,2311,242424.00000000003,714.5000000000939,0.05538187511149115
1.0,5.0,4.0,closed_33,5,0,0.7716262975778547,425.0,6728,606060.0,720.4000000000952,0.3370090067436696
1.0,5.0,4.0,closed_33,5,1,0.8529411764705882,3575.0,6717,606060.0,713.9000000000938,0.35478845488319066
1.0,5.0,4.0,closed_33,10,0,0.967128027681661,4800.0,13404,1212120.0,721.5000000000955,0.43503991696845434
1.0,5.0,4.0,closed_33,10,1,0.9878892733564014,6400.0,13729,1212120.0,706.6000000000921,0.4225518775726388
1.0,5.0,4.0,closed_33,20,0,1.0,10600.0,11199,915622.2950426592,261.89999999999105,0.4400985267024638
1.0,5.0,4.0,closed_33,20,1,1.0,9025.0,16787,1453887.7462910812,419.70000000002693,0.4359877961662697
1.0,10.0,1.5,open_33,2,0,0.8595213319458896,525.0,3308,242424.00000000003,663.5000000000823,0.46846316117319187
1.0,10.0,1.5,open_33,2,1,0.11238293444328824,0.0,3785,242424.00000000003,648.3000000000789,-0.32373887963896764
1.0,10.0,1.5,open_33,5,0,0.7950052029136316,2875.0,9337,606060.0,677.4000000000855,0.3373514771017373
1.0,10.0,1.5,open_33,5,1,0.2882414151925078,550.0,9973,606060.0,648.3000000000789,-0.15496355817252241
1.0,10.0,1.5,open_33,10,0,1.0,16975.0,7963,521726.83704477246,274.69999999999396,0.45816692913762447
1.0,10.0,1.5,open_33,10,1,1.0,15775.0,10484,675753.6169239378,355.0000000000122,0.4476803426806715
1.0,10.0,1.5,open_33,20,0,1.0,18450.0,4853,324918.23550375877,84.89999999999945,0.49984245680180284
1.0,10.0,1.5,open_33,20,1,1.0,16625.0,3882,274499.72742682276,71.8000000000002,0.5355773384102228
1.0,10.0,1.5,partial_33,2,0,0.3320754716981132,100.0,3692,242424.00000000003,668.8000000000835,-0.09385818426167933
1.0,10.0,1.5,partial_33,2,1,0.4591194968553459,675.0,3473,242424.00000000003,665.4000000000827,0.033016857793028626
1.0,10.0,1.5,partial_33,5,0,0.9962264150943396,8125.0,9110,606060.0,674.3000000000848,0.45313561371037847
1.0,10.0,1.5,partial_33,5,1,0.7119496855345911,2800.0,9421,606060.0,673.5000000000846,0.24224319288030413
1.0,10.0,1.5,partial_33,10,0,1.0,12625.0,4536,313847.2479654094,166.59999999999482,0.5167721174977583
1.0,10.0,1.5,partial_33,10,1,1.0,12600.0,3757,269875.82975907414,143.09999999999616,0.5300456373935347
1.0,10.0,1.5,partial_33,20,0,1.0,15825.0,4243,295927.2834871132,78.29999999999983,0.49083993823568817
1.0,10.0,1.5,partial_33,20,1,1.0,14350.0,4469,316514.35978744784,84.19999999999949,0.5098449777119712
1.0,10.0,1.5,closed_33,2,0,0.43771626297577854,0.0,2184,242424.00000000003,706.200000000092,0.024416668757021392
1.0,10.0,1.5,closed_33,2,1,0.4688581314878893,25.0,2311,242424.00000000003,714.5000000000939,0.05538187511149115
1.0,10.0,1.5,closed_33,5,0,0.8788927335640139,4125.0,6557,606060.0,711.3000000000932,0.37037927597665765
1.0,10.0,1.5,closed_33,5,1,0.7577854671280276,4225.0,7763,606060.0,700.7000000000908,0.24164719599606224
1.0,10.0,1.5,closed_33,10,0,0.9705882352941176,5900.0,13077,1212120.0,717.4000000000946,0.41599296050640777
1.0,10.0,1.5,closed_33,10,1,0.9705882352941176,7900.0,12248,1212120.0,707.4000000000923,0.37526914901992603
1.0,10.0,1.5,closed_33,20,0,1.0,11800.0,4592,387179.23021291243,106.9999999999982,0.4654875006726149
1.0,10.0,1.5,closed_33,20,1,1.0,10900.0,8434,733961.4703136254,207.4999999999925,0.44921151945791515
1.0,10.0,2.5,open_33,2,0,0.9219562955254943,1925.0,3339,242424.00000000003,631.1000000000749,0.5163856327064523
1.0,10.0,2.5,open_33,2,1,0.11238293444328824,0.0,3785,242424.00000000003,648.3000000000789,-0.32373887963896764
1.0,10.0,2.5,open_33,5,0,0.8335067637877211,4300.0,9664,606060.0,646.7000000000785,0.3583305058009849
1.0,10.0,2.5,open_33,5,1,1.0,13625.0,8095,519969.1542983506,538.5000000000539,0.4377738658948549
1.0,10.0,2.5,open_33,10,0,1.0,15950.0,4878,325616.7505776929,169.69999999999465,0.5114046575623084
1.0,10.0,2.5,open_33,10,1,1.0,17200.0,6006,406104.46694085747,212.7999999999922,0.4782103564254749
1.0,10.0,2.5,open_33,20,0,1.0,16475.0,3062,220469.52449725196,57.70000000000055,0.5528034108068106
1.0,10.0,2.5,open_33,20,1,1.0,17550.0,3561,249271.17112565506,65.20000000000057,0.5297558313780758
1.0,10.0,2.5,partial_33,2,0,0.3320754716981132,100.0,3692,242424.00000000003,668.8000000000835,-0.09385818426167933
1.0,10.0,2.5,partial_33,2,1,0.4591194968553459,400.0,3578,242424.00000000003,662.4000000000821,0.036408049506303414
1.0,10.0,2.5,partial_33,5,0,0.9861635220125786,9100.0,9049,606060.0,672.4000000000843,0.4282800418988725
1.0,10.0,2.5,partial_33,5,1,0.7635220125786164,2850.0,9170,606060.0,669.5000000000837,0.2946840454075572
1.0,10.0,2.5,partial_33,10,0,1.0,7925.0,4657,331416.4216543678,178.19999999999416,0.58462894327637
1.0,10.0,2.5,partial_33,10,1,1.0,12100.0,3341,243180.39300650777,127.79999999999701,0.5460438748117635
1.0,10.0,2.5,partial_33,20,0,1.0,14575.0,3910,281513.31913730036,75.3,0.5139172358110223
1.0,10.0,2.5,partial_33,20,1,1.0,13475.0,2896,212856.42054744763,56.000000000000526,0.5485377009028289
1.0,10.0,2.5,closed_33,2,0,0.43771626297577854,0.0,2184,242424.00000000003,706.200000000092,0.024416668757021392
1.0,10.0,2.5,closed_33,2,1,0.4688581314878893,25.0,2311,242424.00000000003,714.5000000000939,0.05538187511149115
1.0,10.0,2.5,closed_33,5,0,0.7975778546712803,1900.0,6096,606060.0,718.5000000000948,0.3347790062326892
1.0,10.0,2.5,closed_33,5,1,0.8304498269896193,3075.0,6992,606060.0,715.5000000000941,0.34143650070348497
1.0,10.0,2.5,closed_33,10,0,0.9930795847750865,7775.0,11186,1212120.0,725.4000000000964,0.40185931235239203
1.0,10.0,2.5,closed_33,10,1,1.0,9025.0,7837,656749.1400172703,368.80000000001536,0.4549731342767856
1.0,10.0,2.5,closed_33,20,0,1.0,10075.0,5600,499577.8986517377,140.09999999999633,0.48913123930645924
1.0,10.0,2.5,closed_33,20,1,1.0,11050.0,5215,435301.8644088274,120.9999999999974,0.47458415063890186
1.0,10.0,4.0,open_33,2,0,0.9823100936524454,7775.0,3352,242424.00000000003,634.3000000000757,0.5067010685512129
1.0,10.0,4.0,open_33,2,1,0.11238293444328824,0.0,3785,242424.00000000003,648.3000000000789,-0.32373887963896764
1.0,10.0,4.0,open_33,5,0,1.0,12500.0,7773,505307.72892995086,527.2000000000513,0.45648972584020464
1.0,10.0,4.0,open_33,5,1,0.9947970863683663,11975.0,9351,606060.0,643.2000000000777,0.4286466536414063
1.0,10.0,4.0,open_33,10,0,1.0,14700.0,3680,254845.47874616785,132.39999999999677,0.5481923231980623
1.0,10.0,4.0,open_33,10,1,1.0,13725.0,3812,264127.0682352879,137.69999999999646,0.5575431139286173
1.0,10.0,4.0,open_33,20,0,1.0,17525.0,3251,228768.0616142163,60.40000000000059,0.5359819687988217
1.0,10.0,4.0,open_33,20,1,1.0,18100.0,3496,242690.40032902732,64.00000000000064,0.5242098798992664
1.0,10.0,4.0,partial_33,2,0,0.3320754716981132,100.0,3692,242424.00000000003,668.8000000000835,-0.09385818426167933
1.0,10.0,4.0,partial_33,2,1,0.45534591194968554,300.0,3556,242424.00000000003,665.1000000000827,0.0340913892019096
1.0,10.0,4.0,partial_33,5,0,0.9723270440251572,6775.0,8755,606060.0,677.8000000000856,0.44995723956930644
1.0,10.0,4.0,partial_33,5,1,0.7723270440251573,3375.0,8989,606060.0,683.1000000000868,0.29612070913374167
1.0,10.0,4.0,partial_33,10,0,1.0,9725.0,5116,357380.5768605748,192.19999999999337,0.5509681552974373
1.0,10.0,4.0,partial_33,10,1,0.9974842767295597,10475.0,17946,1212120.0,688.500000000088,0.4076220727341032
1.0,10.0,4.0,partial_33,20,0,1.0,13950.0,4050,287571.11189149786,77.19999999999989,0.5215255059047704
1.0,10.0,4.0,partial_33,20,1,1.0,12875.0,3790,271230.00222515827,72.90000000000013,0.5415170217657588
1.0,10.0,4.0,closed_33,2,0,0.43771626297577854,0.0,2184,242424.00000000003,706.200000000092,0.024416668757021392
1.0,10.0,4.0,closed_33,2,1,0.4688581314878893,25.0,2311,242424.00000000003,714.5000000000939,0.05538187511149115
1.0,10.0,4.0,closed_33,5,0,0.8719723183391004,1000.0,5582,606060.0,713.0000000000936,0.4316105322619792
1.0,10.0,4.0,closed_33,5,1,0.7629757785467128,1625.0,6820,606060.0,717.0000000000945,0.303014940647927
1.0,10.0,4.0,closed_33,10,0,1.0,4625.0,9475,840790.6468289357,483.7000000000415,0.5210335023255743
1.0,10.0,4.0,closed_33,10,1,1.0,7575.0,14056,1127027.8379444135,640.300000000077,0.4202783975123648
1.0,10.0,4.0,closed_33,20,0,1.0,9175.0,3366,274797.515166759,75.2,0.5371077198569143
1.0,10.0,4.0,closed_33,20,1,0.9965397923875432,12100.0,29431,2424240.0,706.7000000000921,0.30664293159226574
2.0,2.0,1.5,open_33,2,0,0.05827263267429761,0.0,4948,242424.00000000003,630.7000000000749,-0.3828144976214658
2.0,2.0,1.5,open_33,2,1,0.05827263267429761,0.0,4784,242424.00000000003,634.1000000000756,-0.38270073738998156
2.0,2.0,1.5,open_33,5,0,0.4120707596253902,0.0,11958,606060.0,630.7000000000749,-0.02275736621779148
2.0,2.0,1.5,open_33,5,1,0.1987513007284079,75.0,11864,606060.0,634.1000000000756,-0.24187645373588576
2.0,2.0,1.5,open_33,10,0,1.0,13400.0,12744,679368.985988508,347.4000000000105,0.472752197356512
2.0,2.0,1.5,open_33,10,1,0.37669094693028093,575.0,23853,1212120.0,634.1000000000756,-0.07044869486928287
2.0,2.0,1.5,open_33,20,0,1.0,17800.0,5486,316863.74356848653,79.99999999999973,0.5035701864312035
2.0,2.0,1.5,open_33,20,1,1.0,16150.0,6212,353388.98763185646,89.79999999999917,0.5174713408574888
2.0,2.0,1.5,partial_33,2,0,0.2578616352201258,0.0,3492,242424.00000000003,671.6000000000842,-0.16994769967603626
2.0,2.0,1.5,partial_33,2,1,0.3433962264150943,0.0,3494,242424.00000000003,663.3000000000823,-0.07930677921862542
2.0,2.0,1.5,partial_33,5,0,0.7044025157232704,1475.0,8514,606060.0,686.4000000000875,0.2562083571879755
2.0,2.0,1.5,partial_33,5,1,0.9823899371069182,6800.0,8761,606060.0,683.2000000000868,0.4598585839411504
2.0,2.0,1.5,partial_33,10,0,0.9974842767295597,9675.0,16934,1212120.0,701.900000000091,0.42042230290077354
2.0,2.0,1.5,partial_33,10,1,1.0,8450.0,3116,231101.53568582376,121.19999999999739,0.6058950490549974
2.0,2.0,1.5,partial_33,20,0,1.0,14750.0,3955,288074.9828904085,76.19999999999995,0.5104045319867888
2.0,2.0,1.5,partial_33,20,1,1.0,11825.0,2305,176690.63329448598,45.60000000000038,0.5879170904049414
2.0,2.0,1.5,closed_33,2,0,0.3079584775086505,0.0,1863,242424.00000000003,720.4000000000952,-0.11032232166386838
2.0,2.0,1.5,closed_33,2,1,0.532871972318339,0.0,2119,242424.00000000003,719.200000000095,0.1264992213225967
2.0,2.0,1.5,closed_33,5,0,0.698961937716263,650.0,2682,606060.0,731.0000000000977,0.2802968248664518
2.0,2.0,1.5,closed_33,5,1,0.8771626297577855,3875.0,4778,606060.0,732.600000000098,0.38104792312977653
2.0,2.0,1.5,closed_33,10,0,0.8737024221453287,3775.0,6947,1212120.0,728.4000000000971,0.3712143880001558
2.0,2.0,1.5,closed_33,10,1,0.9740484429065744,4475.0,8664,1212120.0,732.600000000098,0.4550023985989332
2.0,2.0,1.5,closed_33,20,0,0.9930795847750865,9000.0,18225,2424240.0,729.7000000000974,0.3709439909633876
2.0,2.0,1.5,closed_33,20,1,1.0,10225.0,2267,215194.8077184856,58.30000000000056,0.5358432595857644
2.0,2.0,2.5,open_33,2,0,0.05827263267429761,0.0,4948,242424.00000000003,630.7000000000749,-0.3828144976214658
2.0,2.0,2.5,open_33,2,1,0.05827263267429761,0.0,4784,242424.00000000003,634.1000000000756,-0.38270073738998156
2.0,2.0,2.5,open_33,5,0,0.4120707596253902,0.0,11958,606060.0,630.7000000000749,-0.02275736621779148
2.0,2.0,2.5,open_33,5,1,0.21123829344432882,75.0,11861,606060.0,634.1000000000756,-0.22909459853073275
2.0,2.0,2.5,open_33,10,0,1.0,10450.0,8580,467366.2140486173,238.9999999999907,0.5440333549734093
2.0,2.0,2.5,open_33,10,1,1.0,13875.0,7167,408420.88783524884,206.69999999999254,0.5135427519109863
2.0,2.0,2.5,open_33,20,0,1.0,13150.0,3546,215751.88981399452,54.90000000000051,0.5869079783544721
2.0,2.0,2.5,open_33,20,1,1.0,16225.0,3835,236172.43016027194,59.500000000000576,0.5434391823100357
2.0,2.0,2.5,partial_33,2,0,0.2578616352201258,0.0,3492,242424.00000000003,671.6000000000842,-0.16994769967603626
2.0,2.0,2.5,partial_33,2,1,0.3433962264150943,0.0,3494,242424.00000000003,663.3000000000823,-0.07930677921862542
2.0,2.0,2.5,partial_33,5,0,0.9308176100628931,2950.0,8825,606060.0,682.4000000000866,0.46505448213207434
2.0,2.0,2.5,partial_33,5,1,0.9559748427672956,4525.0,8507,606060.0,696.3000000000898,0.4678319430616381
2.0,2.0,2.5,partial_33,10,0,0.8968553459119497,7625.0,16238,1212120.0,696.6000000000898,0.3499352864038868
2.0,2.0,2.5,partial_33,10,1,1.0,6275.0,2427,188686.40338015836,98.79999999999866,0.6568202130153519
2.0,2.0,2.5,partial_33,20,0,1.0,13900.0,2590,194047.12870174274,50.10000000000044,0.5490845954425628
2.0,2.0,2.5,partial_33,20,1,1.0,12450.0,2372,178391.00547570456,46.100000000000385,0.5767541926563255
2.0,2.0,2.5,closed_33,2,0,0.3079584775086505,0.0,1863,242424.00000000003,720.4000000000952,-0.11032232166386838
2.0,2.0,2.5,closed_33,2,1,0.532871972318339,0.0,2119,242424.00000000003,719.200000000095,0.1264992213225967
2.0,2.0,2.5,closed_33,5,0,0.7006920415224913,650.0,2785,606060.0,729.1000000000972,0.2808405616841364
2.0,2.0,2.5,closed_33,5,1,0.671280276816609,1950.0,4370,606060.0,732.600000000098,0.2108154638360549
2.0,2.0,2.5,closed_33,10,0,0.8546712802768166,2925.0,8732,1212120.0,729.9000000000974,0.36556349160509816
2.0,2.0,2.5,closed_33,10,1,0.9584775086505191,5400.0,8380,1212120.0,732.600000000098,0.4205254268841684
2.0,2.0,2.5,closed_33,20,0,0.986159169550173,9500.0,16254,2424240.0,731.5000000000978,0.3546469425509008
2.0,2.0,2.5,closed_33,20,1,0.9982698961937716,9800.0,18764,2424240.0,729.5000000000973,0.35931514331478265
2.0,2.0,4.0,open_33,2,0,0.4016649323621228,150.0,4561,242424.00000000003,627.5000000000741,-0.021244434852657063
2.0,2.0,4.0,open_33,2,1,0.05827263267429761,0.0,4784,242424.00000000003,634.1000000000756,-0.38270073738998156
2.0,2.0,4.0,open_33,5,0,0.5816857440166493,750.0,11590,606060.0,628.3000000000743,0.14167966027026294
2.0,2.0,4.0,open_33,5,1,0.5026014568158168,1800.0,11864,606060.0,631.0000000000749,0.047416069768776076
2.0,2.0,4.0,open_33,10,0,1.0,11025.0,2705,178921.53024538,90.09999999999916,0.6196509728259898
2.0,2.0,4.0,open_33,10,1,0.37669094693028093,1025.0,24259,1212120.0,636.6000000000762,-0.07614179627742076
2.0,2.0,4.0,open_33,20,0,1.0,13025.0,2343,158878.70804048283,40.1000000000003,0.6151482566372468
2.0,2.0,4.0,open_33,20,1,1.0,11675.0,2192,151336.8542431309,38.400000000000276,0.63663392371921
2.0,2.0,4.0,partial_33,2,0,0.2578616352201258,0.0,3492,242424.00000000003,671.6000000000842,-0.16994769967603626
2.0,2.0,4.0,partial_33,2,1,0.3433962264150943,0.0,3494,242424.00000000003,663.3000000000823,-0.07930677921862542
2.0,2.0,4.0,partial_33,5,0,1.0,6700.0,5163,369071.4340139723,396.3000000000216,0.5509360229398881
2.0,2.0,4.0,partial_33,5,1,0.9031446540880503,4600.0,8411,606060.0,696.8000000000899,0.4128613837580287
2.0,2.0,4.0,partial_33,10,0,0.939622641509434,11900.0,16540,1212120.0,704.2000000000916,0.3285190541383056
2.0,2.0,4.0,partial_33,10,1,1.0,11725.0,3130,232235.91372087784,121.89999999999735,0.5561083917415073
2.0,2.0,4.0,partial_33,20,0,1.0,13250.0,2341,176235.98551249597,45.50000000000038,0.5655515579475099
2.0,2.0,4.0,partial_33,20,1,1.0,13525.0,2791,203963.6376987258,53.00000000000048,0.5502048557675493
2.0,2.0,4.0,closed_33,2,0,0.3079584775086505,0.0,1863,242424.00000000003,720.4000000000952,-0.11032232166386838
2.0,2.0,4.0,closed_33,2,1,0.532871972318339,0.0,2119,242424.00000000003,719.200000000095,0.1264992213225967
2.0,2.0,4.0,closed_33,5,0,0.78719723183391,475.0,3380,606060.0,728.6000000000971,0.3684844160329469
2.0,2.0,4.0,closed_33,5,1,0.7750865051903114,1100.0,4989,606060.0,732.600000000098,0.3325242049417617
2.0,2.0,4.0,closed_33,10,0,0.856401384083045,3250.0,8509,1212120.0,730.0000000000974,0.36097556112017193
2.0,2.0,4.0,closed_33,10,1,0.8269896193771626,5800.0,11979,1212120.0,732.600000000098,0.273641549922892
2.0,2.0,4.0,closed_33,20,0,1.0,10175.0,2838,282829.28867078247,77.29999999999988,0.522663520746066
2.0,2.0,4.0,closed_33,20,1,1.0,9700.0,17886,2271987.8065892975,669.2000000000836,0.37263442260661833
2.0,5.0,1.5,open_33,2,0,0.05827263267429761,0.0,4948,242424.00000000003,630.7000000000749,-0.3828144976214658
2.0,5.0,1.5,open_33,2,1,0.05827263267429761,0.0,4784,242424.00000000003,634.1000000000756,-0.38270073738998156
2.0,5.0,1.5,open_33,5,0,0.4120707596253902,0.0,11958,606060.0,630.7000000000749,-0.02275736621779148
2.0,5.0,1.5,open_33,5,1,0.1987513007284079,75.0,11864,606060.0,634.1000000000756,-0.24187645373588576
2.0,5.0,1.5,open_33,10,0,0.7596253902185224,1375.0,23607,1212120.0,630.7000000000749,0.3070099748296258
2.0,5.0,1.5,open_33,10,1,0.3870967741935484,525.0,23821,1212120.0,634.1000000000756,-0.059290436867584534
2.0,5.0,1.5,open_33,20,0,1.0,15650.0,5228,303115.1905510039,77.19999999999989,0.5331005791293285
2.0,5.0,1.5,open_33,20,1,1.0,14325.0,4673,275409.82456319826,70.10000000000029,0.5558854365532923
2.0,5.0,1.5,partial_33,2,0,0.2578616352201258,0.0,3492,242424.00000000003,671.6000000000842,-0.16994769967603626
2.0,5.0,1.5,partial_33,2,1,0.3433962264150943,0.0,3494,242424.00000000003,663.3000000000823,-0.07930677921862542
2.0,5.0,1.5,partial_33,5,0,1.0,5175.0,2260,180302.5882992493,187.29999999999364,0.6569833723735501
2.0,5.0,1.5,partial_33,5,1,0.8981132075471698,5000.0,7845,606060.0,694.0000000000892,0.4032233531072885
2.0,5.0,1.5,partial_33,10,0,1.0,10250.0,10197,702539.1442808674,384.4000000000189,0.48326128537506463
2.0,5.0,1.5,partial_33,10,1,1.0,7525.0,2492,189403.31267613405,98.69999999999867,0.6364030743819575
2.0,5.0,1.5,partial_33,20,0,1.0,14075.0,2339,180756.88180915127,46.50000000000039,0.552877891110805
2.0,5.0,1.5,partial_33,20,1,1.0,11700.0,2676,196110.08734357497,51.000000000000455,0.5804235087156834
2.0,5.0,1.5,closed_33,2,0,0.3079584775086505,0.0,1863,242424.00000000003,720.4000000000952,-0.11032232166386838
2.0,5.0,1.5,closed_33,2,1,0.532871972318339,0.0,2119,242424.00000000003,719.200000000095,0.1264992213225967
2.0,5.0,1.5,closed_33,5,0,0.698961937716263,650.0,2682,606060.0,731.0000000000977,0.2802968248664518
2.0,5.0,1.5,closed_33,5,1,0.7041522491349481,2200.0,4882,606060.0,732.600000000098,0.23711871366722034
2.0,5.0,1.5,closed_33,10,0,0.8737024221453287,4075.0,8064,1212120.0,728.4000000000971,0.3623359109122952
2.0,5.0,1.5,closed_33,10,1,0.9307958477508651,5925.0,8796,1212120.0,732.600000000098,0.38063264471058134
2.0,5.0,1.5,closed_33,20,0,1.0,9075.0,2523,247508.10104984464,67.40000000000045,0.5527617690519706
2.0,5.0,1.5,closed_33,20,1,1.0,9925.0,2330,226797.01327138394,62.00000000000061,0.5400599118531353
2.0,5.0,2.5,open_33,2,0,0.05827263267429761,0.0,4948,242424.00000000003,630.7000000000749,-0.3828144976214658
2.0,5.0,2.5,open_33,2,1,0.05827263267429761,0.0,4784,242424.00000000003,634.1000000000756,-0.38270073738998156
2.0,5.0,2.5,open_33,5,0,0.4120707596253902,0.0,11958,606060.0,630.7000000000749,-0.02275736621779148
2.0,5.0,2.5,open_33,5,1,0.21123829344432882,75.0,11925,606060.0,634.1000000000756,-0.22912123745908677
2.0,5.0,2.5,open_33,10,0,1.0,11500.0,6743,380792.82976986,193.69999999999328,0.5484438445548726
2.0,5.0,2.5,open_33,10,1,0.39542143600416235,650.0,23699,1212120.0,634.1000000000756,-0.052405137824572484
2.0,5.0,2.5,open_33,20,0,1.0,14375.0,3393,211649.8865975258,53.70000000000049,0.5741036360905909
2.0,5.0,2.5,open_33,20,1,1.0,15775.0,4259,253389.38661222113,64.30000000000062,0.5431497755803746
2.0,5.0,2.5,partial_33,2,0,0.2578616352201258,0.0,3492,242424.00000000003,671.6000000000842,-0.16994769967603626
2.0,5.0,2.5,partial_33,2,1,0.3433962264150943,0.0,3494,242424.00000000003,663.3000000000823,-0.07930677921862542
2.0,5.0,2.5,partial_33,5,0,0.9647798742138365,5850.0,9318,606060.0,671.7000000000842,0.45484960643752426
2.0,5.0,2.5,partial_33,5,1,0.7622641509433963,4375.0,8988,606060.0,685.5000000000873,0.27073131398948247
2.0,5.0,2.5,partial_33,10,0,0.939622641509434,11225.0,17216,1212120.0,684.8000000000872,0.3382198791809532
2.0,5.0,2.5,partial_33,10,1,0.969811320754717,7625.0,15628,1212120.0,703.0000000000913,0.42437705525583647
2.0,5.0,2.5,partial_33,20,0,1.0,12925.0,2279,177123.84049932566,45.90000000000038,0.5719382278905195
2.0,5.0,2.5,partial_33,20,1,1.0,11450.0,2094,162211.82023119833,42.10000000000033,0.6000591978341383
2.0,5.0,2.5,closed_33,2,0,0.3079584775086505,0.0,1863,242424.00000000003,720.4000000000952,-0.11032232166386838
2.0,5.0,2.5,closed_33,2,1,0.532871972318339,0.0,2119,242424.00000000003,719.200000000095,0.1264992213225967
2.0,5.0,2.5,closed_33,5,0,0.7024221453287197,725.0,3137,606060.0,730.7000000000976,0.2773034438327472
2.0,5.0,2.5,closed_33,5,1,0.8961937716262975,2350.0,4533,606060.0,732.600000000098,0.4337265847600914
2.0,5.0,2.5,closed_33,10,0,0.8598615916955017,3600.0,7257,1212120.0,725.7000000000965,0.35990544796514334
2.0,5.0,2.5,closed_33,10,1,0.8910034602076125,5825.0,8825,1212120.0,732.600000000098,0.3421665155964556
2.0,5.0,2.5,closed_33,20,0,1.0,9900.0,2357,219906.71404387848,59.60000000000058,0.5404409478152671
2.0,5.0,2.5,closed_33,20,1,0.9965397923875432,9175.0,14514,2424240.0,732.600000000098,0.3730622111238756
2.0,5.0,4.0,open_33,2,0,0.16337148803329865,125.0,4721,242424.00000000003,628.9000000000744,-0.27297823394467036
2.0,5.0,4.0,open_33,2,1,0.05827263267429761,0.0,4784,242424.00000000003,634.1000000000756,-0.38270073738998156
2.0,5.0,4.0,open_33,5,0,0.6347554630593132,425.0,11523,606060.0,625.1000000000736,0.20008687865653488
2.0,5.0,4.0,open_33,5,1,0.2247658688865765,75.0,11972,606060.0,633.0000000000754,-0.2152983950558679
2.0,5.0,4.0,open_33,10,0,1.0,9125.0,2590,171837.40663096728,87.09999999999933,0.6467672776675223
2.0,5.0,4.0,open_33,10,1,1.0,12000.0,3552,225628.17367169936,114.69999999999776,0.5871508214838599
2.0,5.0,4.0,open_33,20,0,1.0,12025.0,2225,155319.28860730724,39.50000000000029,0.6310791045749727
2.0,5.0,4.0,open_33,20,1,1.0,11325.0,1930,140237.24978477135,35.500000000000234,0.6499522754788738
2.0,5.0,4.0,partial_33,2,0,0.2578616352201258,0.0,3492,242424.00000000003,671.6000000000842,-0.16994769967603626
2.0,5.0,4.0,partial_33,2,1,0.3433962264150943,0.0,3494,242424.00000000003,663.3000000000823,-0.07930677921862542
2.0,5.0,4.0,partial_33,5,0,0.8905660377358491,4200.0,7926,606060.0,695.9000000000897,0.4073257838325298
2.0,5.0,4.0,partial_33,5,1,0.7987421383647799,3875.0,8164,606060.0,687.9000000000879,0.31745731540390887
2.0,5.0,4.0,partial_33,10,0,1.0,12575.0,5538,386693.30315284804,206.89999999999253,0.5017675580408603
2.0,5.0,4.0,partial_33,10,1,0.9987421383647799,10100.0,13954,1212120.0,719.100000000095,0.41799620628657885
2.0,5.0,4.0,partial_33,20,0,1.0,11625.0,2405,182046.1721620476,47.600000000000406,0.5882126232818752
2.0,5.0,4.0,partial_33,20,1,1.0,12125.0,2676,195847.23844747292,50.80000000000045,0.5740240758051149
2.0,5.0,4.0,closed_33,2,0,0.3079584775086505,0.0,1863,242424.00000000003,720.4000000000952,-0.11032232166386838
2.0,5.0,4.0,closed_33,2,1,0.532871972318339,0.0,2119,242424.00000000003,719.200000000095,0.1264992213225967
2.0,5.0,4.0,closed_33,5,0,0.7837370242214533,2450.0,6170,606060.0,724.5000000000962,0.3089469299575426
2.0,5.0,4.0,closed_33,5,1,0.9792387543252595,2350.0,5158,606060.0,732.600000000098,0.515669952775783
2.0,5.0,4.0,closed_33,10,0,1.0,4450.0,2554,273343.234151663,152.09999999999565,0.6304030067785599
2.0,5.0,4.0,closed_33,10,1,0.9653979238754326,5625.0,8429,1212120.0,732.600000000098,0.42279837804078324
2.0,5.0,4.0,closed_33,20,0,1.0,10475.0,3112,289923.97859998466,79.19999999999978,0.5122431671428893
2.0,5.0,4.0,closed_33,20,1,1.0,9750.0,2598,224031.9136500936,60.40000000000059,0.5388262504643555
2.0,10.0,1.5,open_33,2,0,0.05827263267429761,0.0,4948,242424.00000000003,630.7000000000749,-0.3828144976214658
2.0,10.0,1.5,open_33,2,1,0.05827263267429761,0.0,4784,242424.00000000003,634.1000000000756,-0.38270073738998156
2.0,10.0,1.5,open_33,5,0,0.4120707596253902,0.0,11958,606060.0,630.7000000000749,-0.02275736621779148
2.0,10.0,1.5,open_33,5,1,0.1987513007284079,75.0,11864,606060.0,634.1000000000756,-0.24187645373588576
2.0,10.0,1.5,open_33,10,0,0.7075962539021852,2300.0,23898,1212120.0,634.0000000000756,0.24273183199678458
2.0,10.0,1.5,open_33,10,1,0.45681581685744016,625.0,23703,1212120.0,634.1000000000756,0.010022225227909437
2.0,10.0,1.5,open_33,20,0,1.0,15775.0,5640,323188.55265659187,82.2999999999996,0.5274362201143843
2.0,10.0,1.5,open_33,20,1,1.0,16150.0,4221,255314.58822019445,64.8000000000006,0.5387574482144407
2.0,10.0,1.5,partial_33,2,0,0.2578616352201258,0.0,3492,242424.00000000003,671.6000000000842,-0.16994769967603626
2.0,10.0,1.5,partial_33,2,1,0.3433962264150943,0.0,3494,242424.00000000003,663.3000000000823,-0.07930677921862542
2.0,10.0,1.5,partial_33,5,0,1.0,6200.0,2504,189820.5982746909,195.89999999999316,0.6334691079146662
2.0,10.0,1.5,partial_33,5,1,1.0,3300.0,4992,351065.32649958105,376.5000000000171,0.6077310898558378
2.0,10.0,1.5,partial_33,10,0,1.0,9125.0,4345,310380.8577960469,164.9999999999949,0.5716778399457282
2.0,10.0,1.5,partial_33,10,1,0.9748427672955975,10750.0,16177,1212120.0,691.2000000000886,0.38184936775485456
2.0,10.0,1.5,partial_33,20,0,1.0,12300.0,2534,199744.4286463093,52.400000000000475,0.5740813079434494
2.0,10.0,1.5,partial_33,20,1,1.0,13250.0,2778,206006.23578371434,53.40000000000049,0.5544760792329252
2.0,10.0,1.5,closed_33,2,0,0.3079584775086505,0.0,1863,242424.00000000003,720.4000000000952,-0.11032232166386838
2.0,10.0,1.5,closed_33,2,1,0.532871972318339,0.0,2119,242424.00000000003,719.200000000095,0.1264992213225967
2.0,10.0,1.5,closed_33,5,0,0.698961937716263,650.0,2682,606060.0,731.0000000000977,0.2802968248664518
2.0,10.0,1.5,closed_33,5,1,0.6868512110726643,2200.0,5211,606060.0,732.600000000098,0.21796954397545984
2.0,10.0,1.5,closed_33,10,0,0.8598615916955017,3825.0,7649,1212120.0,728.4000000000971,0.354308844366928
2.0,10.0,1.5,closed_33,10,1,0.972318339100346,5450.0,9239,1212120.0,732.600000000098,0.4319274320218013
2.0,10.0,1.5,closed_33,20,0,0.9844290657439446,9650.0,15557,2424240.0,730.7000000000976,0.3502239905915846
2.0,10.0,1.5,closed_33,20,1,1.0,9525.0,2226,201202.94684675848,54.500000000000504,0.5521010089554871
2.0,10.0,2.5,open_33,2,0,0.05827263267429761,0.0,4948,242424.00000000003,630.7000000000749,-0.3828144976214658
2.0,10.0,2.5,open_33,2,1,0.05827263267429761,0.0,4784,242424.00000000003,634.1000000000756,-0.38270073738998156
2.0,10.0,2.5,open_33,5,0,0.4120707596253902,0.0,11958,606060.0,630.7000000000749,-0.02275736621779148
2.0,10.0,2.5,open_33,5,1,0.21123829344432882,75.0,11979,606060.0,634.1000000000756,-0.22914349633708012
2.0,10.0,2.5,open_33,10,0,1.0,13075.0,5304,310432.65796482796,157.59999999999533,0.5457568660330633
2.0,10.0,2.5,open_33,10,1,1.0,14925.0,6045,350678.15881077293,178.19999999999416,0.5129928871452836
2.0,10.0,2.5,open_33,20,0,1.0,14275.0,3271,206029.85528819915,52.60000000000048,0.5775960396855359
2.0,10.0,2.5,open_33,20,1,1.0,14925.0,3134,201515.3750170688,51.30000000000046,0.5720275943494073
2.0,10.0,2.5,partial_33,2,0,0.2578616352201258,0.0,3492,242424.00000000003,671.6000000000842,-0.16994769967603626
2.0,10.0,2.5,partial_33,2,1,0.3433962264150943,0.0,3494,242424.00000000003,663.3000000000823,-0.07930677921862542
2.0,10.0,2.5,partial_33,5,0,1.0,6475.0,3032,230576.60268867307,241.89999999999054,0.6096303610515251
2.0,10.0,2.5,partial_33,5,1,0.6540880503144654,2075.0,9503,606060.0,675.500000000085,0.19388705348767013
2.0,10.0,2.5,partial_33,10,0,1.0,11600.0,5888,415631.51843697974,224.09999999999155,0.5110637536987579
2.0,10.0,2.5,partial_33,10,1,1.0,4875.0,2137,165316.16989219538,85.39999999999942,0.6880586903602878
2.0,10.0,2.5,partial_33,20,0,1.0,13175.0,2301,180576.5609590374,47.0000000000004,0.5674075950094549
2.0,10.0,2.5,partial_33,20,1,1.0,12400.0,2632,196371.2752538505,51.100000000000456,0.5707241192603929
2.0,10.0,2.5,closed_33,2,0,0.3079584775086505,0.0,1863,242424.00000000003,720.4000000000952,-0.11032232166386838
2.0,10.0,2.5,closed_33,2,1,0.532871972318339,0.0,2119,242424.00000000003,719.200000000095,0.1264992213225967
2.0,10.0,2.5,closed_33,5,0,0.7906574394463668,1875.0,4074,606060.0,718.1000000000947,0.3375438805050194
2.0,10.0,2.5,closed_33,5,1,0.7508650519031141,2200.0,4555,606060.0,732.600000000098,0.2868432812857259
2.0,10.0,2.5,closed_33,10,0,0.8477508650519031,3600.0,11680,1212120.0,727.2000000000968,0.34064481867633867
2.0,10.0,2.5,closed_33,10,1,0.7906574394463668,4825.0,9819,1212120.0,732.600000000098,0.2593817518459005
2.0,10.0,2.5,closed_33,20,0,1.0,8700.0,3330,331741.2724889633,92.09999999999904,0.5439814140504944
2.0,10.0,2.5,closed_33,20,1,0.9809688581314879,9525.0,18193,2424240.0,732.600000000098,0.3478407128142449
2.0,10.0,4.0,open_33,2,0,0.11446409989594172,125.0,4831,242424.00000000003,627.6000000000741,-0.3248624086804943
2.0,10.0,4.0,open_33,2,1,0.05827263267429761,0.0,4784,242424.00000000003,634.1000000000756,-0.38270073738998156
2.0,10.0,4.0,open_33,5,0,1.0,5775.0,4226,257051.78102698224,260.6999999999908,0.6222048088344756
2.0,10.0,4.0,open_33,5,1,0.16545265348595214,0.0,12023,606060.0,634.1000000000756,-0.2750761777586893
2.0,10.0,4.0,open_33,10,0,1.0,9725.0,2587,172802.7784931066,87.79999999999929,0.6392286903647799
2.0,10.0,4.0,open_33,10,1,1.0,12750.0,3260,208970.35497338045,106.59999999999822,0.5841898677262576
2.0,10.0,4.0,open_33,20,0,1.0,14075.0,2433,164818.1524107,42.500000000000334,0.5993691716453236
2.0,10.0,4.0,open_33,20,1,1.0,11975.0,2141,149848.30933038844,38.70000000000028,0.6344798302188268
2.0,10.0,4.0,partial_33,2,0,0.2578616352201258,0.0,3492,242424.00000000003,671.6000000000842,-0.16994769967603626
2.0,10.0,4.0,partial_33,2,1,0.3433962264150943,0.0,3494,242424.00000000003,663.3000000000823,-0.07930677921862542
2.0,10.0,4.0,partial_33,5,0,0.9974842767295597,5750.0,8513,606060.0,677.0000000000854,0.4918115316148234
2.0,10.0,4.0,partial_33,5,1,0.9874213836477987,5925.0,8870,606060.0,671.8000000000842,0.4779344839303997
2.0,10.0,4.0,partial_33,10,0,1.0,10550.0,4746,337695.03025398566,181.39999999999398,0.5435554576966386
2.0,10.0,4.0,partial_33,10,1,1.0,6050.0,2173,165305.51930906903,85.19999999999943,0.6693374607235703
2.0,10.0,4.0,partial_33,20,0,1.0,13425.0,2556,192818.59219612554,50.80000000000045,0.5570424888690755
2.0,10.0,4.0,partial_33,20,1,1.0,12250.0,2877,210864.9655400971,55.70000000000052,0.5674812699206508
2.0,10.0,4.0,closed_33,2,0,0.3079584775086505,0.0,1863,242424.00000000003,720.4000000000952,-0.11032232166386838
2.0,10.0,4.0,closed_33,2,1,0.532871972318339,0.0,2119,242424.00000000003,719.200000000095,0.1264992213225967
2.0,10.0,4.0,closed_33,5,0,0.6487889273356401,1000.0,3479,606060.0,727.2000000000968,0.21277368869543803
2.0,10.0,4.0,closed_33,5,1,0.7024221453287197,2050.0,4567,606060.0,732.600000000098,0.23990940544530623
2.0,10.0,4.0,closed_33,10,0,0.8650519031141869,3425.0,9594,1212120.0,731.9000000000979,0.36436050529101804
2.0,10.0,4.0,closed_33,10,1,0.7820069204152249,4125.0,11846,1212120.0,732.600000000098,0.2629485206816823
2.0,10.0,4.0,closed_33,20,0,1.0,10875.0,4114,372163.108984692,103.09999999999842,0.48900323427458237
2.0,10.0,4.0,closed_33,20,1,0.9982698961937716,9775.0,21018,2424240.0,727.5000000000969,0.3589000196640132
4.0,2.0,1.5,open_33,2,0,0.7825182101977107,1900.0,4432,242424.00000000003,603.8000000000687,0.3578669981115351
4.0,2.0,1.5,open_33,2,1,0.8605619146722164,475.0,3914,242424.00000000003,597.3000000000673,0.462516880600808
4.0,2.0,1.5,open_33,5,0,1.0,4800.0,4094,229832.40618739533,229.69999999999123,0.6423182976616937
4.0,2.0,1.5,open_33,5,1,1.0,7350.0,8971,444149.041231991,441.6000000000319,0.5313923624150685
4.0,2.0,1.5,open_33,10,0,1.0,10100.0,2886,175870.40050064493,87.5999999999993,0.6278649760854642
4.0,2.0,1.5,open_33,10,1,1.0,10650.0,3120,190122.82971970225,94.79999999999889,0.6150016509339175
4.0,2.0,1.5,open_33,20,0,1.0,12825.0,3334,192754.19350105058,48.10000000000041,0.5954939330164618
4.0,2.0,1.5,open_33,20,1,1.0,12400.0,3293,193604.62418872863,48.40000000000042,0.6013971790968906
4.0,2.0,1.5,partial_33,2,0,0.2893081761006289,0.0,2041,242424.00000000003,702.5000000000912,-0.12475317719454207
4.0,2.0,1.5,partial_33,2,1,0.37735849056603776,0.0,2122,242424.00000000003,702.6000000000912,-0.02992658145891866
4.0,2.0,1.5,partial_33,5,0,1.0,5125.0,2305,204136.85829866608,215.49999999999204,0.6509243267577481
4.0,2.0,1.5,partial_33,5,1,0.9622641509433962,4075.0,5362,606060.0,707.9000000000924,0.49376742938343143
4.0,2.0,1.5,partial_33,10,0,0.8641509433962264,4850.0,10885,1212120.0,718.1000000000947,0.36430918337547225
4.0,2.0,1.5,partial_33,10,1,0.989937106918239,6300.0,8757,1212120.0,723.700000000096,0.4751363781738689
4.0,2.0,1.5,partial_33,20,0,1.0,10275.0,1485,128260.31634728424,32.700000000000195,0.6418687387107094
4.0,2.0,1.5,partial_33,20,1,1.0,12050.0,2206,177645.19891716726,45.00000000000037,0.5870020126907081
4.0,2.0,1.5,closed_33,2,0,0.2370242214532872,0.0,962,242424.00000000003,724.3000000000961,-0.1700225887782364
4.0,2.0,1.5,closed_33,2,1,0.42560553633217996,0.0,1428,242424.00000000003,727.8000000000969,0.025247113393111892
4.0,2.0,1.5,closed_33,5,0,0.7301038062283737,325.0,2282,606060.0,730.2000000000975,0.32573148356685744
4.0,2.0,1.5,closed_33,5,1,0.6557093425605537,950.0,3005,606060.0,731.7000000000978,0.22514100550524765
4.0,2.0,1.5,closed_33,10,0,0.9359861591695502,4475.0,4059,1212120.0,731.9000000000979,0.4339177490262942
4.0,2.0,1.5,closed_33,10,1,0.9896193771626297,3000.0,5555,1212120.0,732.9000000000981,0.5108983770225096
4.0,2.0,1.5,closed_33,20,0,1.0,8300.0,1412,163370.18251184328,43.900000000000354,0.6050831895161334
4.0,2.0,1.5,closed_33,20,1,0.9809688581314879,7650.0,10449,2424240.0,732.700000000098,0.393142060745867
4.0,2.0,2.5,open_33,2,0,0.8303850156087409,4225.0,4398,242424.00000000003,605.100000000069,0.37925692994184
4.0,2.0,2.5,open_33,2,1,0.8636836628511967,475.0,3918,242424.00000000003,597.1000000000672,0.4657510308178271
4.0,2.0,2.5,open_33,5,0,1.0,6775.0,3535,206329.6643712971,205.29999999999262,0.6303490039796179
4.0,2.0,2.5,open_33,5,1,1.0,7225.0,7987,405902.5149985656,403.2000000000232,0.5452607718681975
4.0,2.0,2.5,open_33,10,0,1.0,9350.0,3322,193321.58954910468,96.2999999999988,0.6275217369805364
4.0,2.0,2.5,open_33,10,1,1.0,10375.0,3500,207656.2980644293,103.19999999999841,0.6103284822731694
4.0,2.0,2.5,open_33,20,0,1.0,12175.0,2363,150762.87046472402,37.600000000000264,0.6257207523210692
4.0,2.0,2.5,open_33,20,1,1.0,12675.0,2493,156264.10410295893,39.000000000000284,0.6158850641977954
4.0,2.0,2.5,partial_33,2,0,0.2893081761006289,0.0,2041,242424.00000000003,702.5000000000912,-0.12475317719454207
4.0,2.0,2.5,partial_33,2,1,0.37735849056603776,0.0,2122,242424.00000000003,702.6000000000912,-0.02992658145891866
4.0,2.0,2.5,partial_33,5,0,0.9433962264150944,4600.0,5046,606060.0,707.2000000000922,0.4683376954828965
4.0,2.0,2.5,partial_33,5,1,0.8578616352201258,4375.0,5856,606060.0,707.5000000000923,0.3786734286188854
4.0,2.0,2.5,partial_33,10,0,1.0,8575.0,3221,282643.4724014178,151.39999999999569,0.5962717737921691
4.0,2.0,2.5,partial_33,10,1,0.9886792452830189,9525.0,8718,1212120.0,714.4000000000939,0.4252718219935201
4.0,2.0,2.5,partial_33,20,0,1.0,12000.0,2213,172833.87723738747,44.600000000000364,0.5878584595413328
4.0,2.0,2.5,partial_33,20,1,1.0,9175.0,1474,129262.73943424085,32.800000000000196,0.6589199056793303
4.0,2.0,2.5,closed_33,2,0,0.2370242214532872,0.0,962,242424.00000000003,724.3000000000961,-0.1700225887782364
4.0,2.0,2.5,closed_33,2,1,0.42560553633217996,0.0,1428,242424.00000000003,727.8000000000969,0.025247113393111892
4.0,2.0,2.5,closed_33,5,0,0.7560553633217993,325.0,2137,606060.0,731.4000000000977,0.35579591496546514
4.0,2.0,2.5,closed_33,5,1,0.6228373702422145,675.0,3101,606060.0,731.6000000000978,0.19558393905573393
4.0,2.0,2.5,closed_33,10,0,0.9325259515570934,2350.0,3702,1212120.0,731.9000000000979,0.4774203798241675
4.0,2.0,2.5,closed_33,10,1,0.9238754325259516,4850.0,5949,1212120.0,731.3000000000977,0.4034497286043651
4.0,2.0,2.5,closed_33,20,0,1.0,7900.0,1501,169537.09232665272,45.50000000000038,0.6092900473889753
4.0,2.0,2.5,closed_33,20,1,0.9826989619377162,8075.0,10505,2424240.0,731.9000000000979,0.3859962421972417
4.0,2.0,4.0,open_33,2,0,0.7117585848074922,3375.0,4522,242424.00000000003,602.8000000000685,0.2645865983409752
4.0,2.0,4.0,open_33,2,1,0.9198751300728408,450.0,3843,242424.00000000003,597.4000000000673,0.5259147756314276
4.0,2.0,4.0,open_33,5,0,1.0,7275.0,3758,218137.1928532204,216.89999999999196,0.6182611637081178
4.0,2.0,4.0,open_33,5,1,1.0,7300.0,2824,177277.90620606265,176.59999999999425,0.6427627651173213
4.0,2.0,4.0,open_33,10,0,1.0,8375.0,3629,206725.7488639471,103.09999999999842,0.6335970504793722
4.0,2.0,4.0,open_33,10,1,1.0,9150.0,2591,164257.7334510379,81.89999999999962,0.647335491046216
4.0,2.0,4.0,open_33,20,0,1.0,13975.0,2702,164864.80017807055,41.100000000000314,0.5943770513338363
4.0,2.0,4.0,open_33,20,1,1.0,14375.0,2587,161687.99630260374,40.400000000000304,0.5921226065182449
4.0,2.0,4.0,partial_33,2,0,0.2893081761006289,0.0,2041,242424.00000000003,702.5000000000912,-0.12475317719454207
4.0,2.0,4.0,partial_33,2,1,0.37735849056603776,0.0,2122,242424.00000000003,702.6000000000912,-0.02992658145891866
4.0,2.0,4.0,partial_33,5,0,1.0,4025.0,2449,218017.9576646497,230.89999999999117,0.6608046297339022
4.0,2.0,4.0,partial_33,5,1,0.6628930817610063,1175.0,5124,606060.0,715.5000000000941,0.22869013740170288
4.0,2.0,4.0,partial_33,10,0,1.0,9850.0,3532,277270.70554082026,145.899999999996,0.5733983160382172
4.0,2.0,4.0,partial_33,10,1,0.9974842767295597,8675.0,10042,1212120.0,717.4000000000946,0.44405305811684515
4.0,2.0,4.0,partial_33,20,0,1.0,9875.0,1509,131212.43978184648,33.70000000000021,0.6466409388713311
4.0,2.0,4.0,partial_33,20,1,1.0,11175.0,2088,169072.19223280298,43.200000000000344,0.6039731865988579
4.0,2.0,4.0,closed_33,2,0,0.2370242214532872,0.0,962,242424.00000000003,724.3000000000961,-0.1700225887782364
4.0,2.0,4.0,closed_33,2,1,0.42560553633217996,0.0,1428,242424.00000000003,727.8000000000969,0.025247113393111892
4.0,2.0,4.0,closed_33,5,0,0.759515570934256,425.0,2761,606060.0,730.8000000000976,0.34740384707804695
4.0,2.0,4.0,closed_33,5,1,0.7681660899653979,625.0,2957,606060.0,729.4000000000973,0.349910818459098
4.0,2.0,4.0,closed_33,10,0,0.9480968858131488,2725.0,2764,1212120.0,731.5000000000978,0.49671572806445674
4.0,2.0,4.0,closed_33,10,1,0.9653979238754326,4525.0,5613,1212120.0,731.0000000000977,0.4541357265641631
4.0,2.0,4.0,closed_33,20,0,1.0,8150.0,1513,179174.65187328868,48.40000000000042,0.6030468433358739
4.0,2.0,4.0,closed_33,20,1,1.0,7875.0,1655,192262.7882151003,52.500000000000476,0.60270290215959
4.0,5.0,1.5,open_33,2,0,0.8720083246618107,1675.0,4408,242424.00000000003,606.5000000000693,0.4545703938764526
4.0,5.0,1.5,open_33,2,1,0.9354838709677419,650.0,3845,242424.00000000003,597.3000000000673,0.5397736401112373
4.0,5.0,1.5,open_33,5,0,1.0,4675.0,5621,297396.1096522423,296.3999999999989,0.6145451082476479
4.0,5.0,1.5,open_33,5,1,1.0,7550.0,9152,453399.6403904637,450.700000000034,0.5261707104768402
4.0,5.0,1.5,open_33,10,0,1.0,9550.0,3201,187677.9699788913,93.59999999999896,0.6276538210405871
4.0,5.0,1.5,open_33,10,1,1.0,8500.0,2853,177694.6132471899,88.69999999999924,0.6482751978241857
4.0,5.0,1.5,open_33,20,0,1.0,13500.0,3087,185102.50750818336,46.30000000000039,0.5916169186315616
4.0,5.0,1.5,open_33,20,1,1.0,15450.0,4514,249583.6109674517,62.10000000000061,0.5448624584277482
4.0,5.0,1.5,partial_33,2,0,0.2893081761006289,0.0,2041,242424.00000000003,702.5000000000912,-0.12475317719454207
4.0,5.0,1.5,partial_33,2,1,0.37735849056603776,0.0,2122,242424.00000000003,702.6000000000912,-0.02992658145891866
4.0,5.0,1.5,partial_33,5,0,0.9622641509433962,4675.0,6059,606060.0,709.4000000000927,0.48088497005266895
4.0,5.0,1.5,partial_33,5,1,0.6830188679245283,1125.0,4202,606060.0,711.5000000000932,0.25592416600945933
4.0,5.0,1.5,partial_33,10,0,0.9345911949685535,5725.0,10755,1212120.0,716.7000000000944,0.4231176363549508
4.0,5.0,1.5,partial_33,10,1,0.9874213836477987,8625.0,8791,1212120.0,718.8000000000949,0.4373809917876452
4.0,5.0,1.5,partial_33,20,0,1.0,9125.0,1579,141892.86148063932,36.60000000000025,0.6542730458164496
4.0,5.0,1.5,partial_33,20,1,1.0,12150.0,2192,179422.42487112526,45.60000000000038,0.5857591760761695
4.0,5.0,1.5,closed_33,2,0,0.2370242214532872,0.0,962,242424.00000000003,724.3000000000961,-0.1700225887782364
4.0,5.0,1.5,closed_33,2,1,0.42560553633217996,0.0,1428,242424.00000000003,727.8000000000969,0.025247113393111892
4.0,5.0,1.5,closed_33,5,0,0.7301038062283737,325.0,2282,606060.0,730.2000000000975,0.32573148356685744
4.0,5.0,1.5,closed_33,5,1,0.6557093425605537,950.0,3005,606060.0,731.7000000000978,0.22514100550524765
4.0,5.0,1.5,closed_33,10,0,0.9359861591695502,4375.0,3582,1212120.0,731.9000000000979,0.44007580528133217
4.0,5.0,1.5,closed_33,10,1,0.9498269896193772,3850.0,3766,1212120.0,731.0000000000977,0.4636209266157102
4.0,5.0,1.5,closed_33,20,0,0.9965397923875432,8450.0,9287,2424240.0,732.1000000000979,0.39418284632490874
4.0,5.0,1.5,closed_33,20,1,0.9965397923875432,8925.0,10574,2424240.0,731.7000000000978,0.38229898814357355
4.0,5.0,2.5,open_33,2,0,0.6482830385015609,1375.0,4652,242424.00000000003,602.8000000000685,0.22210025869357822
4.0,5.0,2.5,open_33,2,1,0.8761706555671176,425.0,3919,242424.00000000003,597.3000000000673,0.47947531987373126
4.0,5.0,2.5,open_33,5,0,1.0,6450.0,5810,309968.39310382365,307.60000000000144,0.588161666968013
4.0,5.0,2.5,open_33,5,1,1.0,7325.0,2728,171526.95690813055,170.99999999999457,0.6458034065830109
4.0,5.0,2.5,open_33,10,0,1.0,10550.0,4016,223005.74293583794,111.19999999999796,0.5996138109628995
4.0,5.0,2.5,open_33,10,1,1.0,9750.0,3471,201892.37044845987,100.79999999999855,0.619242595138301
4.0,5.0,2.5,open_33,20,0,1.0,12300.0,2179,143553.7130338694,36.10000000000024,0.6296718589300246
4.0,5.0,2.5,open_33,20,1,1.0,14725.0,2706,168879.08208957408,42.30000000000033,0.5846867689976469
4.0,5.0,2.5,partial_33,2,0,0.2893081761006289,0.0,2041,242424.00000000003,702.5000000000912,-0.12475317719454207
4.0,5.0,2.5,partial_33,2,1,0.37735849056603776,0.0,2122,242424.00000000003,702.6000000000912,-0.02992658145891866
4.0,5.0,2.5,partial_33,5,0,0.9773584905660377,5625.0,5709,606060.0,715.100000000094,0.4839473311651413
4.0,5.0,2.5,partial_33,5,1,0.6666666666666666,825.0,4459,606060.0,711.5000000000932,0.24163950628489586
4.0,5.0,2.5,partial_33,10,0,0.8955974842767296,5850.0,8159,1212120.0,724.9000000000963,0.38692961093634903
4.0,5.0,2.5,partial_33,10,1,0.9849056603773585,5900.0,9946,1212120.0,717.2000000000945,0.4732985444922585
4.0,5.0,2.5,partial_33,20,0,1.0,10725.0,1961,158452.5787670603,40.80000000000031,0.6152105268262851
4.0,5.0,2.5,partial_33,20,1,1.0,10300.0,1843,155832.9676579195,40.1000000000003,0.6256526460068612
4.0,5.0,2.5,closed_33,2,0,0.2370242214532872,0.0,962,242424.00000000003,724.3000000000961,-0.1700225887782364
4.0,5.0,2.5,closed_33,2,1,0.42560553633217996,0.0,1428,242424.00000000003,727.8000000000969,0.025247113393111892
4.0,5.0,2.5,closed_33,5,0,0.7577854671280276,475.0,2473,606060.0,730.6000000000976,0.348618558435694
4.0,5.0,2.5,closed_33,5,1,0.759515570934256,925.0,3541,606060.0,731.6000000000978,0.3289574265019831
4.0,5.0,2.5,closed_33,10,0,0.9325259515570934,3075.0,4062,1212120.0,731.0000000000977,0.4593852104598225
4.0,5.0,2.5,closed_33,10,1,0.9930795847750865,5400.0,6581,1212120.0,729.7000000000974,0.46059149964092183
4.0,5.0,2.5,closed_33,20,0,1.0,8300.0,1889,218202.26761976536,59.500000000000576,0.5849682283988332
4.0,5.0,2.5,closed_33,20,1,1.0,8025.0,1385,153500.26077094488,41.200000000000315,0.6125791194837901
4.0,5.0,4.0,open_33,2,0,0.7107180020811654,4525.0,4671,242424.00000000003,603.0000000000686,0.24804036759568462
4.0,5.0,4.0,open_33,2,1,0.8459937565036421,425.0,3920,242424.00000000003,597.7000000000673,0.4477741381688758
4.0,5.0,4.0,open_33,5,0,1.0,8050.0,3423,203841.24522535922,202.3999999999928,0.616659357923116
4.0,5.0,4.0,open_33,5,1,1.0,5175.0,3405,200364.84171956684,199.69999999999294,0.6536591264662879
4.0,5.0,4.0,open_33,10,0,1.0,8650.0,2290,149783.07745574182,74.80000000000003,0.6628187511235545
4.0,5.0,4.0,open_33,10,1,1.0,9900.0,3031,183595.48814818403,91.49999999999908,0.6267197267739957
4.0,5.0,4.0,open_33,20,0,1.0,11875.0,2262,144730.06410490908,36.40000000000025,0.6325442754373407
4.0,5.0,4.0,open_33,20,1,1.0,11325.0,1932,132767.0372798154,33.3000000000002,0.6503284350009426
4.0,5.0,4.0,partial_33,2,0,0.2893081761006289,0.0,2041,242424.00000000003,702.5000000000912,-0.12475317719454207
4.0,5.0,4.0,partial_33,2,1,0.37735849056603776,0.0,2122,242424.00000000003,702.6000000000912,-0.02992658145891866
4.0,5.0,4.0,partial_33,5,0,0.9949685534591195,5925.0,5269,606060.0,716.1000000000943,0.5002485625921084
4.0,5.0,4.0,partial_33,5,1,0.6553459119496855,825.0,4946,606060.0,719.8000000000951,0.22703835745557774
4.0,5.0,4.0,partial_33,10,0,1.0,10075.0,3426,300886.93673905777,161.39999999999512,0.568571997445663
4.0,5.0,4.0,partial_33,10,1,0.9371069182389937,5625.0,7472,1212120.0,724.8000000000962,0.43495652133979024
4.0,5.0,4.0,partial_33,20,0,1.0,9100.0,2022,173389.45056010177,45.20000000000037,0.6369749144148384
4.0,5.0,4.0,partial_33,20,1,1.0,10475.0,2077,167938.34653827455,43.10000000000034,0.61492363145272
4.0,5.0,4.0,closed_33,2,0,0.2370242214532872,0.0,962,242424.00000000003,724.3000000000961,-0.1700225887782364
4.0,5.0,4.0,closed_33,2,1,0.42560553633217996,0.0,1428,242424.00000000003,727.8000000000969,0.025247113393111892
4.0,5.0,4.0,closed_33,5,0,0.7110726643598616,1825.0,3151,606060.0,727.6000000000969,0.26335433117440044
4.0,5.0,4.0,closed_33,5,1,0.6245674740484429,725.0,2839,606060.0,730.0000000000974,0.19891487648981168
4.0,5.0,4.0,closed_33,10,0,0.9342560553633218,2700.0,3929,1212120.0,731.8000000000978,0.4700059678924461
4.0,5.0,4.0,closed_33,10,1,0.9688581314878892,4300.0,5253,1212120.0,731.7000000000978,0.46404107036337494
4.0,5.0,4.0,closed_33,20,0,1.0,8650.0,1629,179742.6561854342,48.300000000000416,0.5882737397220966
4.0,5.0,4.0,closed_33,20,1,1.0,9025.0,1505,165330.3050494762,44.30000000000036,0.5860241365097422
4.0,10.0,1.5,open_33,2,0,0.7304890738813735,1575.0,4546,242424.00000000003,602.8000000000685,0.30650718908008534
4.0,10.0,1.5,open_33,2,1,0.8605619146722164,450.0,3942,242424.00000000003,597.5000000000673,0.46252180851294655
4.0,10.0,1.5,open_33,5,0,1.0,4350.0,4598,249890.87185415416,249.8999999999901,0.63798604332548
4.0,10.0,1.5,open_33,5,1,1.0,7325.0,9564,468746.92713657557,466.3000000000375,0.5242065729940315
4.0,10.0,1.5,open_33,10,0,1.0,11525.0,4781,259205.77691949368,128.99999999999696,0.5754076760599355
4.0,10.0,1.5,open_33,10,1,1.0,9225.0,3302,198831.54008677043,99.39999999999863,0.6287418073237918
4.0,10.0,1.5,open_33,20,0,1.0,13125.0,2873,175177.34030307457,43.900000000000354,0.6008661784595175
4.0,10.0,1.5,open_33,20,1,1.0,14875.0,4031,224956.4111376577,56.10000000000053,0.5586047209628786
4.0,10.0,1.5,partial_33,2,0,0.2893081761006289,0.0,2041,242424.00000000003,702.5000000000912,-0.12475317719454207
4.0,10.0,1.5,partial_33,2,1,0.37735849056603776,0.0,2122,242424.00000000003,702.6000000000912,-0.02992658145891866
4.0,10.0,1.5,partial_33,5,0,0.9572327044025157,5050.0,5502,606060.0,718.4000000000948,0.47301402433044093
4.0,10.0,1.5,partial_33,5,1,0.6025157232704402,1075.0,4648,606060.0,718.1000000000947,0.16987295033200725
4.0,10.0,1.5,partial_33,10,0,1.0,9700.0,3035,261861.19446722,139.59999999999636,0.584651289251184
4.0,10.0,1.5,partial_33,10,1,0.989937106918239,8800.0,10630,1212120.0,713.5000000000937,0.4333421619788358
4.0,10.0,1.5,partial_33,20,0,1.0,10200.0,1582,139208.25958052697,35.90000000000024,0.6380797941086376
4.0,10.0,1.5,partial_33,20,1,1.0,11025.0,1862,161597.71106737014,41.40000000000032,0.6137192562253893
4.0,10.0,1.5,closed_33,2,0,0.2370242214532872,0.0,962,242424.00000000003,724.3000000000961,-0.1700225887782364
4.0,10.0,1.5,closed_33,2,1,0.42560553633217996,0.0,1428,242424.00000000003,727.8000000000969,0.025247113393111892
4.0,10.0,1.5,closed_33,5,0,0.7301038062283737,325.0,2282,606060.0,730.2000000000975,0.32573148356685744
4.0,10.0,1.5,closed_33,5,1,0.6557093425605537,950.0,3005,606060.0,731.7000000000978,0.22514100550524765
4.0,10.0,1.5,closed_33,10,0,0.9359861591695502,3950.0,3762,1212120.0,731.9000000000979,0.4472526655624952
4.0,10.0,1.5,closed_33,10,1,0.9896193771626297,2825.0,5326,1212120.0,732.9000000000981,0.5156190220288542
4.0,10.0,1.5,closed_33,20,0,1.0,8800.0,1609,177900.02445487212,47.70000000000041,0.5859878451068028
4.0,10.0,1.5,closed_33,20,1,0.9775086505190311,8200.0,9081,2424240.0,731.7000000000978,0.3803940421326333
4.0,10.0,2.5,open_33,2,0,0.9719042663891779,2000.0,4283,242424.00000000003,606.9000000000694,0.5561948646900049
4.0,10.0,2.5,open_33,2,1,0.8657648283038502,425.0,3947,242424.00000000003,597.8000000000674,0.46824191164126605
4.0,10.0,2.5,open_33,5,0,1.0,6350.0,4447,249420.55628297152,248.49999999999017,0.6145722154704389
4.0,10.0,2.5,open_33,5,1,1.0,6700.0,5223,281664.4578876854,280.6999999999953,0.5958273630219899
4.0,10.0,2.5,open_33,10,0,1.0,10175.0,3169,189104.61722560273,93.89999999999894,0.6202161550939801
4.0,10.0,2.5,open_33,10,1,1.0,9475.0,2915,177765.32277849712,88.69999999999924,0.6348828268220501
4.0,10.0,2.5,open_33,20,0,1.0,12125.0,2393,151327.09910586243,38.10000000000027,0.6255356975041102
4.0,10.0,2.5,open_33,20,1,1.0,14500.0,2829,177568.63768963236,44.50000000000036,0.5844270652931112
4.0,10.0,2.5,partial_33,2,0,0.2893081761006289,0.0,2041,242424.00000000003,702.5000000000912,-0.12475317719454207
4.0,10.0,2.5,partial_33,2,1,0.37735849056603776,0.0,2122,242424.00000000003,702.6000000000912,-0.02992658145891866
4.0,10.0,2.5,partial_33,5,0,0.9584905660377359,4400.0,5824,606060.0,711.5000000000932,0.4823410181434349
4.0,10.0,2.5,partial_33,5,1,0.8301886792452831,2800.0,5693,606060.0,712.3000000000934,0.37464646194653417
4.0,10.0,2.5,partial_33,10,0,1.0,7175.0,3108,264896.9635541197,141.89999999999623,0.6212380343753834
4.0,10.0,2.5,partial_33,10,1,1.0,6625.0,8139,896721.5101810605,511.8000000000479,0.5198363488164682
4.0,10.0,2.5,partial_33,20,0,1.0,9775.0,1613,137248.51675594132,35.40000000000023,0.6433199483859109
4.0,10.0,2.5,partial_33,20,1,1.0,11200.0,2216,190781.30022068555,50.20000000000044,0.5987855639827973
4.0,10.0,2.5,closed_33,2,0,0.2370242214532872,0.0,962,242424.00000000003,724.3000000000961,-0.1700225887782364
4.0,10.0,2.5,closed_33,2,1,0.42560553633217996,0.0,1428,242424.00000000003,727.8000000000969,0.025247113393111892
4.0,10.0,2.5,closed_33,5,0,0.7560553633217993,600.0,2515,606060.0,731.2000000000977,0.34356474057820163
4.0,10.0,2.5,closed_33,5,1,0.6487889273356401,800.0,2986,606060.0,731.6000000000978,0.2212076672499453
4.0,10.0,2.5,closed_33,10,0,0.9965397923875432,5175.0,4445,1212120.0,732.0000000000979,0.4790713566649444
4.0,10.0,2.5,closed_33,10,1,0.9982698961937716,4725.0,5600,1212120.0,729.4000000000973,0.4837518782236966
4.0,10.0,2.5,closed_33,20,0,1.0,7750.0,1709,213348.7868822976,58.700000000000564,0.6022081527572712
4.0,10.0,2.5,closed_33,20,1,0.9809688581314879,8200.0,10765,2424240.0,732.1000000000979,0.38129278863528693
4.0,10.0,4.0,open_33,2,0,0.886576482830385,1975.0,4397,242424.00000000003,606.1000000000693,0.46616521729381044
4.0,10.0,4.0,open_33,2,1,0.8969823100936525,350.0,3861,242424.00000000003,597.4000000000673,0.5029207529435012
4.0,10.0,4.0,open_33,5,0,1.0,8350.0,2449,161473.81130734552,160.29999999999518,0.6417944351879674
4.0,10.0,4.0,open_33,5,1,1.0,5325.0,2236,150692.58750088722,150.59999999999573,0.6877699533337966
4.0,10.0,4.0,open_33,10,0,1.0,10075.0,2148,143739.7439431823,71.8000000000002,0.6497953267066655
4.0,10.0,4.0,open_33,10,1,1.0,7725.0,2464,157919.59489777405,78.89999999999979,0.6688943932071741
4.0,10.0,4.0,open_33,20,0,1.0,12775.0,2262,151015.977269019,38.10000000000027,0.6209314459591143
4.0,10.0,4.0,open_33,20,1,1.0,10250.0,1628,119908.3849868211,30.30000000000016,0.676219512050461
4.0,10.0,4.0,partial_33,2,0,0.2893081761006289,0.0,2041,242424.00000000003,702.5000000000912,-0.12475317719454207
4.0,10.0,4.0,partial_33,2,1,0.37735849056603776,0.0,2122,242424.00000000003,702.6000000000912,-0.02992658145891866
4.0,10.0,4.0,partial_33,5,0,0.9031446540880503,5225.0,5170,606060.0,706.000000000092,0.4164151655500865
4.0,10.0,4.0,partial_33,5,1,0.7459119496855345,2275.0,5266,606060.0,707.5000000000923,0.2974914258663497
4.0,10.0,4.0,partial_33,10,0,1.0,8325.0,3107,249650.95062281121,130.99999999999685,0.6057120225569174
4.0,10.0,4.0,partial_33,10,1,0.9974842767295597,9200.0,9475,1212120.0,715.7000000000942,0.4373409767088975
4.0,10.0,4.0,partial_33,20,0,1.0,8250.0,1356,120608.25286582252,31.100000000000172,0.6791641102815695
4.0,10.0,4.0,partial_33,20,1,1.0,11100.0,2227,184685.05224630935,47.90000000000041,0.6003699123639743
4.0,10.0,4.0,closed_33,2,0,0.2370242214532872,0.0,962,242424.00000000003,724.3000000000961,-0.1700225887782364
4.0,10.0,4.0,closed_33,2,1,0.42560553633217996,0.0,1428,242424.00000000003,727.8000000000969,0.025247113393111892
4.0,10.0,4.0,closed_33,5,0,0.9411764705882353,2175.0,4327,606060.0,727.4000000000968,0.48508073067928403
4.0,10.0,4.0,closed_33,5,1,0.671280276816609,1975.0,2601,606060.0,729.4000000000973,0.2247751623953985
4.0,10.0,4.0,closed_33,10,0,0.9204152249134948,3250.0,4428,1212120.0,731.9000000000979,0.4406741513809824
4.0,10.0,4.0,closed_33,10,1,0.9411764705882353,5175.0,5734,1212120.0,729.4000000000973,0.4152881197578945
4.0,10.0,4.0,closed_33,20,0,1.0,7800.0,1608,187828.1852956717,51.20000000000046,0.6061938074901063
4.0,10.0,4.0,closed_33,20,1,1.0,9100.0,1618,180627.18419608893,48.900000000000425,0.579272032506344
