trial,seed,attract_gain,drone_repel_gain,drone_repel_range,wall_repel_gain,wall_repel_range,yaw_align_gain,velocity_align_threshold,final_coverage,overlap_m2,wasted_visits,energy_used_j,time_to_terminal,score
0,0,3.1636373796570645,5.547102057148602,4.335410223583498,3.6381561307671375,0.7354433697191238,11.756223516367559,0.15461654337816708,0.5547169811320755,1200.0,6916,606060.0,730.7000000000976,0.11014220259431465
0,1,3.1636373796570645,5.547102057148602,4.335410223583498,3.6381561307671375,0.7354433697191238,11.756223516367559,0.15461654337816708,0.7358490566037735,1875.0,7262,606060.0,731.4000000000977,0.2854679604885788
0,2,3.1636373796570645,5.547102057148602,4.335410223583498,3.6381561307671375,0.7354433697191238,11.756223516367559,0.15461654337816708,0.40628930817610065,275.0,7765,606060.0,733.3000000000982,-0.030325367498398065
1,0,3.208437929524729,1.9733067757687777,2.4168139081091655,2.1685911090466155,2.8169124721215044,8.438651200806646,0.1663247065214577,1.0,10425.0,3004,205962.2238918785,214.79999999999208,0.5563334758482108
1,1,3.208437929524729,1.9733067757687777,2.4168139081091655,2.1685911090466155,2.8169124721215044,8.438651200806646,0.1663247065214577,0.989937106918239,8200.0,9572,606060.0,667.0000000000831,0.4445108528360172
1,2,3.208437929524729,1.9733067757687777,2.4168139081091655,2.1685911090466155,2.8169124721215044,8.438651200806646,0.1663247065214577,0.9446540880503145,6325.0,9514,606060.0,664.0000000000824,0.42668631373426014
2,0,1.9406325356611251,3.1132453005249343,2.9065484989744235,0.787177652468789,2.569077929981455,8.316643991220648,0.15403667061622103,1.0,7500.0,2317,230686.75156920578,248.49999999999017,0.6084508728731837
2,1,1.9406325356611251,3.1132453005249343,2.9065484989744235,0.787177652468789,2.569077929981455,8.316643991220648,0.15403667061622103,0.9358490566037736,5100.0,4693,606060.0,714.5000000000939,0.4554755308471461
2,2,1.9406325356611251,3.1132453005249343,2.9065484989744235,0.787177652468789,2.569077929981455,8.316643991220648,0.15403667061622103,1.0,4950.0,1409,136885.0116480221,141.19999999999627,0.7008710663320077
3,0,1.611746082080513,11.663027280541387,4.497669270214329,4.002725736831929,0.9865967696299189,6.667210037270342,0.01832271549957347,0.9974842767295597,8875.0,7081,606060.0,674.9000000000849,0.4492909285608927
3,1,1.611746082080513,11.663027280541387,4.497669270214329,4.002725736831929,0.9865967696299189,6.667210037270342,0.01832271549957347,0.9949685534591195,8350.0,6504,606060.0,680.3000000000861,0.4570155027063997
3,2,1.611746082080513,11.663027280541387,4.497669270214329,4.002725736831929,0.9865967696299189,6.667210037270342,0.01832271549957347,0.9849056603773585,9675.0,6629,606060.0,679.4000000000859,0.42611533113620503
4,0,0.870871120649927,8.355062962288228,3.8003821327667406,4.853793795953945,1.31456339534538,5.704597060348689,0.0992156041424035,0.9924528301886792,9625.0,8542,606060.0,669.9000000000838,0.428092422926037
4,1,0.870871120649927,8.355062962288228,3.8003821327667406,4.853793795953945,1.31456339534538,5.704597060348689,0.0992156041424035,1.0,8450.0,4676,348755.8465747874,374.6000000000167,0.5329260965976903
4,2,0.870871120649927,8.355062962288228,3.8003821327667406,4.853793795953945,1.31456339534538,5.704597060348689,0.0992156041424035,0.9974842767295597,14875.0,8700,606060.0,671.4000000000841,0.35357210134533645
5,0,1.0010440286118572,1.994097311357924,2.5358131532618886,1.5210920707289786,2.1745349867062758,6.371519188723307,0.1682088572509891,0.979874213836478,8000.0,9788,606060.0,663.6000000000823,0.43679107398750794
5,1,1.0010440286118572,1.994097311357924,2.5358131532618886,1.5210920707289786,2.1745349867062758,6.371519188723307,0.1682088572509891,0.9748427672955975,6800.0,9557,606060.0,693.2000000000891,0.4502597170176553
5,2,1.0010440286118572,1.994097311357924,2.5358131532618886,1.5210920707289786,2.1745349867062758,6.371519188723307,0.1682088572509891,1.0,12000.0,3546,243064.84837969893,257.7999999999901,0.5158786688419998
6,0,2.890980877408322,4.092216375893472,4.211621066557445,4.121439608735608,1.4686959475754362,4.883281039302441,0.13967414575524534,0.9974842767295597,6575.0,9558,606060.0,662.300000000082,0.4767778359052194
6,1,2.890980877408322,4.092216375893472,4.211621066557445,4.121439608735608,1.4686959475754362,4.883281039302441,0.13967414575524534,0.9786163522012579,5450.0,9062,606060.0,664.7000000000826,0.47562726900853913
6,2,2.890980877408322,4.092216375893472,4.211621066557445,4.121439608735608,1.4686959475754362,4.883281039302441,0.13967414575524534,0.9937106918238994,7550.0,9101,606060.0,670.2000000000838,0.4592651600559303
7,0,0.8170841893544463,2.7989443284637456,0.3346026678297259,4.041159698759623,2.1621271414800805,9.051653786263351,0.15833851589417391,0.8704402515723271,4150.0,9518,606060.0,691.9000000000888,0.3836873045499438
7,1,0.8170841893544463,2.7989443284637456,0.3346026678297259,4.041159698759623,2.1621271414800805,9.051653786263351,0.15833851589417391,0.8742138364779874,6650.0,9034,606060.0,683.3000000000868,0.3508228075176917
7,2,0.8170841893544463,2.7989443284637456,0.3346026678297259,4.041159698759623,2.1621271414800805,9.051653786263351,0.15833851589417391,0.9006289308176101,8000.0,9305,606060.0,667.6000000000832,0.3568647559203241
8,0,1.9979883694918579,7.040523753458278,0.9570458911999901,1.0153853309118805,2.171007404476179,6.710962061431325,0.11739486023142588,1.0,11375.0,3054,236691.85361073958,249.09999999999013,0.5338544184685117
8,1,1.9979883694918579,7.040523753458278,0.9570458911999901,1.0153853309118805,2.171007404476179,6.710962061431325,0.11739486023142588,1.0,5400.0,2628,234746.7433501857,251.79999999998998,0.632218259307868
8,2,1.9979883694918579,7.040523753458278,0.9570458911999901,1.0153853309118805,2.171007404476179,6.710962061431325,0.11739486023142588,0.9949685534591195,9575.0,6723,606060.0,700.8000000000908,0.43757685583695893
9,0,3.1304957724392946,7.799260680006794,2.9018231830925805,3.016432223354361,1.2598752451565305,2.3081783456793943,0.09297630395414885,0.9610062893081761,3875.0,7356,606060.0,677.3000000000854,0.4862978798112175
9,1,3.1304957724392946,7.799260680006794,2.9018231830925805,3.016432223354361,1.2598752451565305,2.3081783456793943,0.09297630395414885,1.0,7375.0,2989,237759.37192745402,248.69999999999015,0.5950417462004843
9,2,3.1304957724392946,7.799260680006794,2.9018231830925805,3.016432223354361,1.2598752451565305,2.3081783456793943,0.09297630395414885,1.0,5800.0,4893,327435.76704682095,337.50000000000824,0.5763442740837532
10,0,1.093963289432258,5.198079402833316,4.3109944443603805,1.5527276863940334,0.645756854222665,4.813838920219966,0.06578281397566989,0.9962264150943396,8775.0,4019,606060.0,719.100000000095,0.4687159623277717
10,1,1.093963289432258,5.198079402833316,4.3109944443603805,1.5527276863940334,0.645756854222665,4.813838920219966,0.06578281397566989,1.0,9800.0,2186,282603.4701459715,312.40000000000254,0.564728286450763
10,2,1.093963289432258,5.198079402833316,4.3109944443603805,1.5527276863940334,0.645756854222665,4.813838920219966,0.06578281397566989,0.9773584905660377,6575.0,3672,606060.0,721.4000000000955,0.4860625594614577
11,0,2.7490911044895117,6.905869751924701,3.9843215828001437,3.4894109314732438,1.5159671536001764,10.140203846660347,0.041724854782463745,0.9987421383647799,6150.0,9020,606060.0,675.8000000000851,0.485738954191569
11,1,2.7490911044895117,6.905869751924701,3.9843215828001437,3.4894109314732438,1.5159671536001764,10.140203846660347,0.041724854782463745,0.9974842767295597,4625.0,9065,606060.0,670.4000000000839,0.5073611956448231
11,2,2.7490911044895117,6.905869751924701,3.9843215828001437,3.4894109314732438,1.5159671536001764,10.140203846660347,0.041724854782463745,1.0,6200.0,2139,159762.8777160492,164.39999999999495,0.6496265806320559
12,0,0.38403467059528373,1.5355503989198802,3.6950889478033164,2.578447536131243,0.9031794475840045,7.010447751033635,0.038939299515502,1.0,15250.0,3608,323292.2423574518,348.8000000000108,0.4469275389326053
12,1,0.38403467059528373,1.5355503989198802,3.6950889478033164,2.578447536131243,0.9031794475840045,7.010447751033635,0.038939299515502,0.9987421383647799,14850.0,6970,606060.0,680.7000000000862,0.36082681234791114
12,2,0.38403467059528373,1.5355503989198802,3.6950889478033164,2.578447536131243,0.9031794475840045,7.010447751033635,0.038939299515502,1.0,14700.0,3826,335813.9725965802,363.00000000001404,0.4496896691929751
13,0,2.8763853877876233,5.630797169101353,2.0907997626534676,1.8568044011654443,2.075706482797221,5.6181261055339045,0.02665348467005919,0.9635220125786164,9900.0,9319,606060.0,662.8000000000822,0.3924299221813744
13,1,2.8763853877876233,5.630797169101353,2.0907997626534676,1.8568044011654443,2.075706482797221,5.6181261055339045,0.02665348467005919,0.9974842767295597,7800.0,7492,606060.0,704.2000000000916,0.46401852758578366
13,2,2.8763853877876233,5.630797169101353,2.0907997626534676,1.8568044011654443,2.075706482797221,5.6181261055339045,0.02665348467005919,0.9748427672955975,6500.0,9498,606060.0,665.7000000000828,0.45491725781347414
14,0,0.7366218378459066,11.561823142319417,4.570329246325754,3.648682102148373,1.1646749036487989,11.69176377347724,0.15796267175350098,0.9987421383647799,9125.0,7972,606060.0,668.0000000000833,0.4437350139260178
14,1,0.7366218378459066,11.561823142319417,4.570329246325754,3.648682102148373,1.1646749036487989,11.69176377347724,0.15796267175350098,0.9874213836477987,8775.0,7943,606060.0,672.3000000000843,0.43750623550413426
14,2,0.7366218378459066,11.561823142319417,4.570329246325754,3.648682102148373,1.1646749036487989,11.69176377347724,0.15796267175350098,0.9962264150943396,12550.0,8050,606060.0,676.8000000000853,0.3892197568589403
15,0,2.952493699888284,5.667657274653569,1.5795353406722474,0.9337593296907468,2.756505991359604,6.557762898336111,0.04844903931109376,1.0,8000.0,4282,433809.9951893725,469.40000000003823,0.5228303584017795
15,1,2.952493699888284,5.667657274653569,1.5795353406722474,0.9337593296907468,2.756505991359604,6.557762898336111,0.04844903931109376,0.9974842767295597,3925.0,5140,606060.0,721.8000000000956,0.5338923075672756
15,2,2.952493699888284,5.667657274653569,1.5795353406722474,0.9337593296907468,2.756505991359604,6.557762898336111,0.04844903931109376,0.8943396226415095,3450.0,4437,606060.0,718.6000000000948,0.43925327293251815
16,0,1.4320395093574143,7.161025042831803,1.1308320798143892,4.35476427841569,2.3962988245880252,9.194629559509368,0.0920976775572697,0.7924528301886793,2700.0,9983,606060.0,671.7000000000842,0.3250620170152464
16,1,1.4320395093574143,7.161025042831803,1.1308320798143892,4.35476427841569,2.3962988245880252,9.194629559509368,0.0920976775572697,0.8880503144654088,5825.0,10052,606060.0,679.600000000086,0.3753690160079789
16,2,1.4320395093574143,7.161025042831803,1.1308320798143892,4.35476427841569,2.3962988245880252,9.194629559509368,0.0920976775572697,0.8754716981132076,1700.0,9818,606060.0,682.4000000000866,0.42522611161557966
17,0,2.6210427105990397,7.217126642496459,3.354279027307654,0.8799994451295009,1.5395185054265241,2.416141738618925,0.10385825565645859,0.9786163522012579,8725.0,5622,606060.0,718.3000000000948,0.4389425445492662
17,1,2.6210427105990397,7.217126642496459,3.354279027307654,0.8799994451295009,1.5395185054265241,2.416141738618925,0.10385825565645859,1.0,5725.0,1680,147642.39412183443,149.79999999999578,0.674760402903504
17,2,2.6210427105990397,7.217126642496459,3.354279027307654,0.8799994451295009,1.5395185054265241,2.416141738618925,0.10385825565645859,0.9924528301886792,6150.0,5615,606060.0,722.0000000000956,0.4921394712686121
18,0,1.5204864856313056,2.1620281719595393,0.7859939482959927,3.1444005747997044,0.9264824213422153,11.251201183767972,0.12040161654307505,0.9974842767295597,6900.0,6053,606060.0,686.3000000000875,0.48363910799493615
18,1,1.5204864856313056,2.1620281719595393,0.7859939482959927,3.1444005747997044,0.9264824213422153,11.251201183767972,0.12040161654307505,1.0,6500.0,2421,227435.07178471214,241.29999999999058,0.6218418272332549
18,2,1.5204864856313056,2.1620281719595393,0.7859939482959927,3.1444005747997044,0.9264824213422153,11.251201183767972,0.12040161654307505,1.0,9625.0,2060,193754.10101656837,203.19999999999274,0.5920765274516164
19,0,1.5834182767788971,7.295528152036293,0.4071781938395782,4.813516459586504,1.7057585923572507,9.827352272502862,0.025718699985263327,0.9823899371069182,8400.0,9549,606060.0,668.4000000000834,0.4338345499968542
19,1,1.5834182767788971,7.295528152036293,0.4071781938395782,4.813516459586504,1.7057585923572507,9.827352272502862,0.025718699985263327,0.9836477987421384,6900.0,9524,606060.0,671.4000000000841,0.45781584967499744
19,2,1.5834182767788971,7.295528152036293,0.4071781938395782,4.813516459586504,1.7057585923572507,9.827352272502862,0.025718699985263327,0.9924528301886792,11100.0,9703,606060.0,672.2000000000843,0.4030212616820562
20,0,2.1006358241011935,6.143130435076991,4.707784338382419,3.072776235692339,1.6837235026423845,4.669756630918936,0.07299810949508492,1.0,10100.0,3087,219996.9772481406,231.39999999999114,0.5565519078681578
20,1,2.1006358241011935,6.143130435076991,4.707784338382419,3.072776235692339,1.6837235026423845,4.669756630918936,0.07299810949508492,0.9937106918238994,2300.0,9324,606060.0,682.7000000000867,0.5379821315825585
20,2,2.1006358241011935,6.143130435076991,4.707784338382419,3.072776235692339,1.6837235026423845,4.669756630918936,0.07299810949508492,1.0,5850.0,2332,171071.84491264122,177.5999999999942,0.6471971358385485
21,0,2.22648788914469,5.5474817935080365,0.401576775437553,4.21831365887461,2.740401929599417,3.4024908899861077,0.11526686727241939,0.89937106918239,6175.0,10355,606060.0,680.7000000000862,0.3810957713350719
21,1,2.22648788914469,5.5474817935080365,0.401576775437553,4.21831365887461,2.740401929599417,3.4024908899861077,0.11526686727241939,0.8968553459119497,7475.0,10057,606060.0,676.6000000000853,0.3594414370222432
21,2,2.22648788914469,5.5474817935080365,0.401576775437553,4.21831365887461,2.740401929599417,3.4024908899861077,0.11526686727241939,0.8805031446540881,3825.0,10423,606060.0,670.800000000084,0.39720264976852127
22,0,0.7017302422011411,8.230761069957834,1.6217987840433392,3.467401856113558,2.3174865357172063,9.68647491917657,0.030470779731620348,0.9522012578616352,7400.0,9827,606060.0,671.8000000000842,0.4175156163094168
22,1,0.7017302422011411,8.230761069957834,1.6217987840433392,3.467401856113558,2.3174865357172063,9.68647491917657,0.030470779731620348,0.9119496855345912,7350.0,10146,606060.0,670.3000000000839,0.37656920389233994
22,2,0.7017302422011411,8.230761069957834,1.6217987840433392,3.467401856113558,2.3174865357172063,9.68647491917657,0.030470779731620348,0.909433962264151,6250.0,9783,606060.0,677.9000000000856,0.3912952406950446
23,0,3.6892438270091494,3.1474608952911294,0.47583901402804496,2.996836112261675,1.4273057096560968,10.297897431324131,0.16356777969221734,1.0,8650.0,2524,190319.4559548978,195.69999999999317,0.5959334402415111
23,1,3.6892438270091494,3.1474608952911294,0.47583901402804496,2.996836112261675,1.4273057096560968,10.297897431324131,0.16356777969221734,1.0,5325.0,3671,268400.8585787738,280.29999999999524,0.6090571993045565
23,2,3.6892438270091494,3.1474608952911294,0.47583901402804496,2.996836112261675,1.4273057096560968,10.297897431324131,0.16356777969221734,1.0,5825.0,3212,245898.23705072096,259.69999999999055,0.6129905051277876
24,0,1.4734139034440468,11.458343043302067,1.6673138392585576,2.8177570815427155,1.139912726419007,11.360435700489633,0.04127548534058345,1.0,6800.0,1796,159547.5401542302,164.59999999999494,0.6513823572457874
24,1,1.4734139034440468,11.458343043302067,1.6673138392585576,2.8177570815427155,1.139912726419007,11.360435700489633,0.04127548534058345,0.9924528301886792,7850.0,7517,606060.0,675.200000000085,0.45801529141369846
24,2,1.4734139034440468,11.458343043302067,1.6673138392585576,2.8177570815427155,1.139912726419007,11.360435700489633,0.04127548534058345,0.9924528301886792,7475.0,8074,606060.0,673.4000000000846,0.4618847298417016
25,0,0.46616929175161725,5.503616190034936,4.964165151062434,4.512547698147113,2.371520048642373,10.90792490878525,0.179754861542594,0.6893081761006289,2700.0,10332,606060.0,684.100000000087,0.21921930879269944
25,1,0.46616929175161725,5.503616190034936,4.964165151062434,4.512547698147113,2.371520048642373,10.90792490878525,0.179754861542594,0.6893081761006289,2475.0,10229,606060.0,678.2000000000857,0.2227599501928655
25,2,0.46616929175161725,5.503616190034936,4.964165151062434,4.512547698147113,2.371520048642373,10.90792490878525,0.179754861542594,0.6679245283018868,6075.0,10045,606060.0,690.0000000000883,0.14684437609618864
26,0,2.2197759334298617,4.133184096054119,3.9284584309216437,3.477475684254925,1.4341443221842751,2.9446666806151525,0.15189002615631494,1.0,9175.0,2367,186275.08857913606,194.09999999999326,0.5925407717601665
26,1,2.2197759334298617,4.133184096054119,3.9284584309216437,3.477475684254925,1.4341443221842751,2.9446666806151525,0.15189002615631494,1.0,3475.0,2122,173059.5689456989,179.99999999999406,0.6880633489665764
26,2,2.2197759334298617,4.133184096054119,3.9284584309216437,3.477475684254925,1.4341443221842751,2.9446666806151525,0.15189002615631494,1.0,6850.0,3152,214117.57047924784,221.5999999999917,0.6059980079823207
27,0,1.2711039089145995,11.273351231138461,1.4325617025267183,1.052410695851687,2.5777816803122655,3.53284316624494,0.044060978549970424,1.0,8600.0,3493,260297.28619910707,278.6999999999949,0.5637714331511429
27,1,1.2711039089145995,11.273351231138461,1.4325617025267183,1.052410695851687,2.5777816803122655,3.53284316624494,0.044060978549970424,1.0,12000.0,4534,311310.541190453,329.70000000000647,0.4894272848785671
27,2,1.2711039089145995,11.273351231138461,1.4325617025267183,1.052410695851687,2.5777816803122655,3.53284316624494,0.044060978549970424,0.9685534591194969,6175.0,9273,606060.0,684.4000000000871,0.453902562795493
28,0,2.517716328627121,10.557463469630841,1.2232429288584943,1.8964565280504264,2.443512095602944,11.718264260609674,0.10514082537844505,1.0,7725.0,1812,150871.24942662462,157.09999999999536,0.6389230075795848
28,1,2.517716328627121,10.557463469630841,1.2232429288584943,1.8964565280504264,2.443512095602944,11.718264260609674,0.10514082537844505,0.9987421383647799,6175.0,9745,606060.0,672.7000000000844,0.4836919116238517
28,2,2.517716328627121,10.557463469630841,1.2232429288584943,1.8964565280504264,2.443512095602944,11.718264260609674,0.10514082537844505,0.9710691823899371,7075.0,8703,606060.0,694.6000000000894,0.44427555688311393
29,0,0.8324207594396279,0.6602673086443178,1.3793833409946197,1.0931999800393446,2.1941466840321437,3.2183250462853112,0.10620268700792027,1.0,12825.0,3210,231619.15899328422,243.39999999999046,0.5107630347080213
29,1,0.8324207594396279,0.6602673086443178,1.3793833409946197,1.0931999800393446,2.1941466840321437,3.2183250462853112,0.10620268700792027,0.9937106918238994,10750.0,8584,606060.0,687.8000000000878,0.4122847932570529
29,2,0.8324207594396279,0.6602673086443178,1.3793833409946197,1.0931999800393446,2.1941466840321437,3.2183250462853112,0.10620268700792027,1.0,13175.0,8446,563941.1300212515,612.8000000000708,0.3925348668850813
30,0,2.86877101187868,7.182841006040377,1.2389455628022708,4.118560367820182,2.2885178240395043,9.389840039155418,0.034900972795889516,0.9157232704402516,8875.0,9144,606060.0,680.4000000000862,0.359439738506128
30,1,2.86877101187868,7.182841006040377,1.2389455628022708,4.118560367820182,2.2885178240395043,9.389840039155418,0.034900972795889516,0.909433962264151,9225.0,9260,606060.0,674.4000000000848,0.347471170591683
30,2,2.86877101187868,7.182841006040377,1.2389455628022708,4.118560367820182,2.2885178240395043,9.389840039155418,0.034900972795889516,0.8641509433962264,2025.0,9500,606060.0,672.7000000000844,0.40937212902785003
31,0,0.7578890735062751,11.166969336574837,2.168617510977221,1.8542691130142288,1.7214601133788334,8.628642127635825,0.19156841883892428,0.9949685534591195,9650.0,9319,606060.0,671.8000000000842,0.42833554174520516
31,1,0.7578890735062751,11.166969336574837,2.168617510977221,1.8542691130142288,1.7214601133788334,8.628642127635825,0.19156841883892428,1.0,10025.0,6748,444091.40882766066,480.8000000000408,0.4744560730129715
31,2,0.7578890735062751,11.166969336574837,2.168617510977221,1.8542691130142288,1.7214601133788334,8.628642127635825,0.19156841883892428,1.0,11725.0,4175,286329.43257324945,302.6000000000003,0.5027648791513798
32,0,1.3598510394636036,11.135296937088311,0.41683960951540466,2.998391190470711,2.0849377792027126,3.058974037507533,0.0366645234421434,0.9723270440251572,10425.0,9483,606060.0,669.9000000000838,0.3931352634608529
32,1,1.3598510394636036,11.135296937088311,0.41683960951540466,2.998391190470711,2.0849377792027126,3.058974037507533,0.0366645234421434,0.939622641509434,1600.0,8775,606060.0,679.2000000000859,0.49456222531337557
32,2,1.3598510394636036,11.135296937088311,0.41683960951540466,2.998391190470711,2.0849377792027126,3.058974037507533,0.0366645234421434,0.969811320754717,7700.0,9036,606060.0,676.8000000000853,0.4327256554649387
33,0,1.8507229814703243,11.61166698964659,3.1014000002015525,4.69860449720095,2.510902289032427,6.673816015552915,0.1591050553579156,0.9220125786163522,5250.0,10207,606060.0,681.6000000000864,0.41842339959910924
33,1,1.8507229814703243,11.61166698964659,3.1014000002015525,4.69860449720095,2.510902289032427,6.673816015552915,0.1591050553579156,0.7283018867924528,1550.0,10404,606060.0,675.200000000085,0.27627656692990943
33,2,1.8507229814703243,11.61166698964659,3.1014000002015525,4.69860449720095,2.510902289032427,6.673816015552915,0.1591050553579156,0.8528301886792453,2950.0,10420,606060.0,681.5000000000864,0.3821850689473957
34,0,0.3659961007148546,1.7551559628059519,4.198314489948861,4.085676897463228,1.0816018549160842,7.307695905990535,0.12514300593300207,1.0,13350.0,3387,278442.30878033093,292.69999999999806,0.4891585452077609
34,1,0.3659961007148546,1.7551559628059519,4.198314489948861,4.085676897463228,1.0816018549160842,7.307695905990535,0.12514300593300207,0.9987421383647799,15900.0,7539,606060.0,670.700000000084,0.3428828373260717
34,2,0.3659961007148546,1.7551559628059519,4.198314489948861,4.085676897463228,1.0816018549160842,7.307695905990535,0.12514300593300207,1.0,14975.0,3286,277784.86311148445,295.0999999999986,0.4661983640121395
35,0,3.5106341289712417,7.435732309395345,2.2390863755862975,2.183828195332322,1.5647052159337747,8.519310255799741,0.17482322003294173,0.6264150943396226,3300.0,8492,606060.0,705.7000000000919,0.1487777941015291
35,1,3.5106341289712417,7.435732309395345,2.2390863755862975,2.183828195332322,1.5647052159337747,8.519310255799741,0.17482322003294173,0.9182389937106918,4500.0,6434,606060.0,699.8000000000906,0.43643953520221657
35,2,3.5106341289712417,7.435732309395345,2.2390863755862975,2.183828195332322,1.5647052159337747,8.519310255799741,0.17482322003294173,1.0,6525.0,6382,480297.564002868,526.5000000000512,0.5202695551492704
36,0,1.9794184636823091,3.3501549739406182,1.4123131060886314,3.857064261095509,2.541421908559776,3.0527807985412494,0.02264618282148385,0.9169811320754717,3925.0,10455,606060.0,680.9000000000863,0.43284612564220226
36,1,1.9794184636823091,3.3501549739406182,1.4123131060886314,3.857064261095509,2.541421908559776,3.0527807985412494,0.02264618282148385,0.8050314465408805,2925.0,9655,606060.0,681.7000000000864,0.33508588871477984
36,2,1.9794184636823091,3.3501549739406182,1.4123131060886314,3.857064261095509,2.541421908559776,3.0527807985412494,0.02264618282148385,0.9371069182389937,4950.0,10250,606060.0,677.0000000000854,0.4382729142177261
37,0,2.4994045558988716,2.1809923082160303,4.175921695144805,1.896506032658335,0.8596798324278566,11.209704724874502,0.04145102731970285,0.7949685534591195,4025.0,7790,606060.0,725.4000000000964,0.3122818593809664
37,1,2.4994045558988716,2.1809923082160303,4.175921695144805,1.896506032658335,0.8596798324278566,11.209704724874502,0.04145102731970285,0.8578616352201258,2550.0,5533,606060.0,713.8000000000937,0.40784697872024644
37,2,2.4994045558988716,2.1809923082160303,4.175921695144805,1.896506032658335,0.8596798324278566,11.209704724874502,0.04145102731970285,0.5987421383647799,875.0,9012,606060.0,732.400000000098,0.15614073696974837
38,0,1.3534643046503616,2.2665540447086743,0.8428032992271683,0.5951660735139801,0.6384885229106503,3.746414709358527,0.020142567199163325,0.680503144654088,1900.0,5270,606060.0,733.0000000000981,0.23530924325909755
38,1,1.3534643046503616,2.2665540447086743,0.8428032992271683,0.5951660735139801,0.6384885229106503,3.746414709358527,0.020142567199163325,0.9949685534591195,8300.0,4371,606060.0,722.7000000000958,0.4712116441955687
38,2,1.3534643046503616,2.2665540447086743,0.8428032992271683,0.5951660735139801,0.6384885229106503,3.746414709358527,0.020142567199163325,0.9459119496855346,5150.0,4593,606060.0,717.4000000000946,0.4659393269047857
39,0,2.4872321196105935,8.328217058194323,2.150063147110533,1.9309599362842222,1.7613155925555752,10.750049422346086,0.17171500909621915,0.9987421383647799,5150.0,8752,606060.0,688.700000000088,0.5015147047003123
39,1,2.4872321196105935,8.328217058194323,2.150063147110533,1.9309599362842222,1.7613155925555752,10.750049422346086,0.17171500909621915,0.9509433962264151,5325.0,9182,606060.0,666.0000000000829,0.44894308654960546
39,2,2.4872321196105935,8.328217058194323,2.150063147110533,1.9309599362842222,1.7613155925555752,10.750049422346086,0.17171500909621915,1.0,5975.0,1754,142940.4417426719,146.99999999999594,0.6693099190931897
40,0,0.46085772944733017,2.587231710360027,1.4127008941906614,1.6222440912449532,1.9280816293569318,6.162624257031923,0.019358282786242857,0.9962264150943396,14300.0,9137,606060.0,671.8000000000842,0.35986281635249673
40,1,0.46085772944733017,2.587231710360027,1.4127008941906614,1.6222440912449532,1.9280816293569318,6.162624257031923,0.019358282786242857,1.0,17550.0,5111,339236.3344638903,361.5000000000137,0.39462559409063985
40,2,0.46085772944733017,2.587231710360027,1.4127008941906614,1.6222440912449532,1.9280816293569318,6.162624257031923,0.019358282786242857,0.9974842767295597,12700.0,9138,606060.0,674.5000000000848,0.3852970105889969
41,0,1.6823723123004148,6.523158910252828,0.7778579436474651,4.250563492048519,0.6299046661627606,11.248418690180621,0.028831496900176345,0.9081761006289308,3125.0,5317,606060.0,721.1000000000954,0.4524287102387937
41,1,1.6823723123004148,6.523158910252828,0.7778579436474651,4.250563492048519,0.6299046661627606,11.248418690180621,0.028831496900176345,0.8364779874213837,2900.0,5113,606060.0,725.5000000000964,0.38278747624365683
41,2,1.6823723123004148,6.523158910252828,0.7778579436474651,4.250563492048519,0.6299046661627606,11.248418690180621,0.028831496900176345,0.959748427672956,5650.0,6659,606060.0,715.2000000000941,0.46086170809542926
42,0,3.4212273209116852,10.880511155167596,4.903982198756986,4.109116461231171,2.448693851928322,8.424832759955477,0.1580093073698445,0.9345911949685535,3775.0,9553,606060.0,676.5000000000853,0.4548148025978215
42,1,3.4212273209116852,10.880511155167596,4.903982198756986,4.109116461231171,2.448693851928322,8.424832759955477,0.1580093073698445,0.9974842767295597,6350.0,9987,606060.0,668.6000000000835,0.47925942132141597
42,2,3.4212273209116852,10.880511155167596,4.903982198756986,4.109116461231171,2.448693851928322,8.424832759955477,0.1580093073698445,0.9144654088050315,1850.0,9464,606060.0,680.6000000000862,0.46349767244374585
43,0,0.7978431711286442,6.664782413397829,2.716847489894948,4.359074648551509,1.6569984139837897,5.850894961003535,0.13151702153505093,0.9886792452830189,7875.0,9766,606060.0,672.1000000000843,0.44771335091224373
43,1,0.7978431711286442,6.664782413397829,2.716847489894948,4.359074648551509,1.6569984139837897,5.850894961003535,0.13151702153505093,0.9723270440251572,11125.0,9166,606060.0,685.1000000000872,0.383290398474721
43,2,0.7978431711286442,6.664782413397829,2.716847489894948,4.359074648551509,1.6569984139837897,5.850894961003535,0.13151702153505093,0.9962264150943396,10475.0,9494,606060.0,666.400000000083,0.4167681214538822
44,0,1.2859142747531305,2.107336725970504,2.5460231879116053,2.3760021586769824,1.0814248513221842,5.675118101151281,0.079614565466987,0.9949685534591195,8875.0,7497,606060.0,678.9000000000858,0.4451936016204884
44,1,1.2859142747531305,2.107336725970504,2.5460231879116053,2.3760021586769824,1.0814248513221842,5.675118101151281,0.079614565466987,0.9685534591194969,8225.0,7098,606060.0,678.5000000000857,0.42931750188380813
44,2,1.2859142747531305,2.107336725970504,2.5460231879116053,2.3760021586769824,1.0814248513221842,5.675118101151281,0.079614565466987,0.9911949685534591,12550.0,7448,606060.0,676.0000000000852,0.3860198158516631
45,0,1.5117335883264182,4.863836916859683,3.5229937236429434,1.835944135570784,2.872144816788351,11.16348019538178,0.10137298137701493,0.9949685534591195,4575.0,10045,606060.0,678.6000000000857,0.5033667300472916
45,1,1.5117335883264182,4.863836916859683,3.5229937236429434,1.835944135570784,2.872144816788351,11.16348019538178,0.10137298137701493,0.9685534591194969,4250.0,9849,606060.0,687.0000000000877,0.48171153205667705
45,2,1.5117335883264182,4.863836916859683,3.5229937236429434,1.835944135570784,2.872144816788351,11.16348019538178,0.10137298137701493,0.9836477987421384,7100.0,10128,606060.0,671.5000000000841,0.4535367510429338
46,0,1.5149364585173486,6.657500083045036,4.288234297236036,3.4366430325204593,2.5109795698676933,7.327222760657402,0.13025434956084794,0.9106918238993711,5825.0,10673,606060.0,673.3000000000845,0.3973804979021843
46,1,1.5149364585173486,6.657500083045036,4.288234297236036,3.4366430325204593,2.5109795698676933,7.327222760657402,0.13025434956084794,0.7962264150943397,4400.0,9839,606060.0,678.9000000000858,0.30350094812081496
46,2,1.5149364585173486,6.657500083045036,4.288234297236036,3.4366430325204593,2.5109795698676933,7.327222760657402,0.13025434956084794,0.9433962264150944,7375.0,10115,606060.0,679.2000000000859,0.408339724906683
47,0,1.3661757724751085,8.951271366568344,1.2513015876908762,3.626591579683242,2.651797670814735,3.321028373015439,0.12673215070296476,0.8176100628930818,2900.0,10370,606060.0,681.5000000000864,0.3470871333614888
47,1,1.3661757724751085,8.951271366568344,1.2513015876908762,3.626591579683242,2.651797670814735,3.321028373015439,0.12673215070296476,0.7157232704402515,3325.0,10598,606060.0,679.3000000000859,0.23637625761288636
47,2,1.3661757724751085,8.951271366568344,1.2513015876908762,3.626591579683242,2.651797670814735,3.321028373015439,0.12673215070296476,0.8138364779874214,6675.0,10442,606060.0,672.5000000000844,0.28614114918877254
48,0,0.651854268450758,8.845729725121409,0.6971181284705451,4.711729202152817,0.8435198250945054,11.588802459090804,0.16216799345616836,0.9849056603773585,11525.0,6371,606060.0,698.0000000000902,0.39933372952868573
48,1,0.651854268450758,8.845729725121409,0.6971181284705451,4.711729202152817,0.8435198250945054,11.588802459090804,0.16216799345616836,0.9987421383647799,14800.0,6585,606060.0,682.3000000000866,0.3631822643611836
48,2,0.651854268450758,8.845729725121409,0.6971181284705451,4.711729202152817,0.8435198250945054,11.588802459090804,0.16216799345616836,1.0,14275.0,3469,321666.2525725269,349.700000000011,0.4637978308988936
49,0,2.49662341652551,9.50017720323979,4.037039743220504,4.757121782677986,1.133458384597968,7.900758953583091,0.028059347537236233,0.9924528301886792,7700.0,7381,606060.0,663.9000000000824,0.46075381887510936
49,1,2.49662341652551,9.50017720323979,4.037039743220504,4.757121782677986,1.133458384597968,7.900758953583091,0.028059347537236233,0.9987421383647799,9200.0,7917,606060.0,668.4000000000834,0.4427745059320404
49,2,2.49662341652551,9.50017720323979,4.037039743220504,4.757121782677986,1.133458384597968,7.900758953583091,0.028059347537236233,0.9635220125786164,8925.0,7861,606060.0,663.9000000000824,0.4109978884974018
50,0,2.579813090089249,2.4698499970670715,2.955267873920477,3.0759373131523238,1.6649628824530684,7.226317755131228,0.15514544410125172,0.9974842767295597,10850.0,9754,606060.0,664.7000000000826,0.4118224244914298
50,1,2.579813090089249,2.4698499970670715,2.955267873920477,3.0759373131523238,1.6649628824530684,7.226317755131228,0.15514544410125172,0.8566037735849057,3275.0,10503,606060.0,666.700000000083,0.3809925342582845
50,2,2.579813090089249,2.4698499970670715,2.955267873920477,3.0759373131523238,1.6649628824530684,7.226317755131228,0.15514544410125172,1.0,8300.0,3788,254449.85137368273,268.7999999999926,0.5661131876184997
51,0,3.257205451094647,6.159761979117435,3.118089175156278,4.6905630606054585,0.799333971252807,3.171035659001105,0.026664712263046,0.919496855345912,4500.0,5616,606060.0,722.4000000000957,0.4416796393350463
51,1,3.257205451094647,6.159761979117435,3.118089175156278,4.6905630606054585,0.799333971252807,3.171035659001105,0.026664712263046,0.9006289308176101,2925.0,9009,606060.0,706.9000000000922,0.43412094657591094
51,2,3.257205451094647,6.159761979117435,3.118089175156278,4.6905630606054585,0.799333971252807,3.171035659001105,0.026664712263046,0.5144654088050314,625.0,8062,606060.0,724.7000000000962,0.0750717146451316
52,0,2.734094154649953,5.313995459089364,3.9393106558666635,3.5205413598886666,1.3340943958205953,10.983665473615357,0.15488110794342394,0.9672955974842767,6075.0,8313,606060.0,674.6000000000848,0.45655493368826394
52,1,2.734094154649953,5.313995459089364,3.9393106558666635,3.5205413598886666,1.3340943958205953,10.983665473615357,0.15488110794342394,1.0,6550.0,4168,268722.3377358841,278.59999999999485,0.5851421324577116
52,2,2.734094154649953,5.313995459089364,3.9393106558666635,3.5205413598886666,1.3340943958205953,10.983665473615357,0.15488110794342394,0.9647798742138365,7825.0,8238,606060.0,672.5000000000844,0.4277746930717502
53,0,1.3009792813676502,4.688208204378621,1.7778679069600356,1.2092524188124985,0.8694584313554792,11.361274633757441,0.09320176706776312,1.0,7925.0,2745,301825.01666873717,333.20000000000726,0.575815205605415
53,1,1.3009792813676502,4.688208204378621,1.7778679069600356,1.2092524188124985,0.8694584313554792,11.361274633757441,0.09320176706776312,0.8503144654088051,4125.0,4904,606060.0,718.7000000000949,0.3799499560424697
53,2,1.3009792813676502,4.688208204378621,1.7778679069600356,1.2092524188124985,0.8694584313554792,11.361274633757441,0.09320176706776312,0.9987421383647799,7875.0,4978,606060.0,710.700000000093,0.47669796066022474
54,0,1.7182833442764165,8.891385649789846,2.89906740668863,4.71262994077308,2.4507537347734805,6.793695641245403,0.08150829996135699,0.9106918238993711,1825.0,9922,606060.0,680.6000000000862,0.4591022385746598
54,1,1.7182833442764165,8.891385649789846,2.89906740668863,4.71262994077308,2.4507537347734805,6.793695641245403,0.08150829996135699,0.939622641509434,3025.0,9993,606060.0,678.5000000000857,0.47038374149420836
54,2,1.7182833442764165,8.891385649789846,2.89906740668863,4.71262994077308,2.4507537347734805,6.793695641245403,0.08150829996135699,0.8150943396226416,4625.0,10119,606060.0,672.6000000000844,0.31889374299411266
55,0,3.950536716219992,8.7542427140419,4.770614902018053,1.0331535974766861,2.6263341979769566,8.370738839912075,0.03316511888367139,0.9861635220125786,5975.0,5543,606060.0,702.1000000000911,0.4887044144442356
55,1,3.950536716219992,8.7542427140419,4.770614902018053,1.0331535974766861,2.6263341979769566,8.370738839912075,0.03316511888367139,0.9811320754716981,5350.0,5331,606060.0,717.0000000000945,0.49422451934803624
55,2,3.950536716219992,8.7542427140419,4.770614902018053,1.0331535974766861,2.6263341979769566,8.370738839912075,0.03316511888367139,1.0,6325.0,2534,283129.94896410825,309.30000000000183,0.6086920659812081
56,0,2.4765545998861165,8.390108198712662,0.3578226236764333,2.5444308282878594,2.563498777990803,4.953590253440899,0.09712413554172471,0.9710691823899371,4775.0,10039,606060.0,669.4000000000837,0.47597189135144
56,1,2.4765545998861165,8.390108198712662,0.3578226236764333,2.5444308282878594,2.563498777990803,4.953590253440899,0.09712413554172471,1.0,8450.0,3212,202619.16076658329,211.99999999999224,0.5836827204475966
56,2,2.4765545998861165,8.390108198712662,0.3578226236764333,2.5444308282878594,2.563498777990803,4.953590253440899,0.09712413554172471,0.9685534591194969,2675.0,9602,606060.0,685.8000000000874,0.5060031563773132
57,0,1.9365622701512049,3.972165001588653,4.616676908923105,4.015823159441822,0.7764710274902762,11.97034657837573,0.1770480046184716,0.8616352201257862,4050.0,5837,606060.0,715.2000000000941,0.3875674398600576
57,1,1.9365622701512049,3.972165001588653,4.616676908923105,4.015823159441822,0.7764710274902762,11.97034657837573,0.1770480046184716,0.89937106918239,4125.0,5340,606060.0,709.8000000000928,0.42808774216779455
57,2,1.9365622701512049,3.972165001588653,4.616676908923105,4.015823159441822,0.7764710274902762,11.97034657837573,0.1770480046184716,0.8327044025157233,1125.0,5549,606060.0,714.6000000000939,0.4032543532860985
58,0,1.3504612200969441,10.12431066610079,0.8001717997954995,4.995971287134074,2.164211840266342,8.50125015558797,0.027183738126985223,0.8867924528301887,6750.0,9098,606060.0,691.1000000000886,0.362036243985551
58,1,1.3504612200969441,10.12431066610079,0.8001717997954995,4.995971287134074,2.164211840266342,8.50125015558797,0.027183738126985223,0.8805031446540881,9125.0,9266,606060.0,671.000000000084,0.3193944947412398
58,2,1.3504612200969441,10.12431066610079,0.8001717997954995,4.995971287134074,2.164211840266342,8.50125015558797,0.027183738126985223,0.8012578616352202,7350.0,9883,606060.0,676.0000000000852,0.26403542020390447
59,0,3.6190235759175136,0.8334942868513984,1.4318918727933911,1.1435984382498576,2.4419198517305465,3.9820422721289788,0.1830212631548682,1.0,7775.0,1610,141100.73109571636,143.19999999999615,0.6481808673955078
59,1,3.6190235759175136,0.8334942868513984,1.4318918727933911,1.1435984382498576,2.4419198517305465,3.9820422721289788,0.1830212631548682,1.0,6550.0,2241,183340.44890731596,188.59999999999357,0.6359932037055682
59,2,3.6190235759175136,0.8334942868513984,1.4318918727933911,1.1435984382498576,2.4419198517305465,3.9820422721289788,0.1830212631548682,0.9685534591194969,7400.0,5348,606060.0,721.4000000000955,0.4501683385384434
60,0,2.7281954455117137,0.9158711706890065,0.32552022040489215,0.7324606265647952,2.014812944119319,10.014818108594152,0.05532503591920381,1.0,4850.0,1842,173977.71736328094,181.39999999999398,0.6757714080673686
60,1,2.7281954455117137,0.9158711706890065,0.32552022040489215,0.7324606265647952,2.014812944119319,10.014818108594152,0.05532503591920381,1.0,4950.0,5792,445410.61108701717,477.20000000004,0.5553343988666969
60,2,2.7281954455117137,0.9158711706890065,0.32552022040489215,0.7324606265647952,2.014812944119319,10.014818108594152,0.05532503591920381,0.9383647798742139,5175.0,5590,606060.0,721.9000000000956,0.4511290975795693
61,0,3.44281271881537,1.1581673117624944,4.064530112115879,4.675079435775261,2.4302709977609513,8.981207839786371,0.16921624154452278,0.89937106918239,2600.0,9704,606060.0,681.5000000000864,0.4362687301440704
61,1,3.44281271881537,1.1581673117624944,4.064530112115879,4.675079435775261,2.4302709977609513,8.981207839786371,0.16921624154452278,0.8968553459119497,6625.0,10099,606060.0,683.0000000000867,0.37219447527438654
61,2,3.44281271881537,1.1581673117624944,4.064530112115879,4.675079435775261,2.4302709977609513,8.981207839786371,0.16921624154452278,0.9371069182389937,2050.0,9876,606060.0,678.9000000000858,0.48276229383778857
62,0,0.44855980832414577,2.820494273269137,0.8871412927365224,2.770389455868439,2.3629703208221113,8.300118445763987,0.17171490895476765,0.9358490566037736,8425.0,10132,606060.0,673.9000000000847,0.38475705166608465
62,1,0.44855980832414577,2.820494273269137,0.8871412927365224,2.770389455868439,2.3629703208221113,8.300118445763987,0.17171490895476765,0.8566037735849057,8425.0,10171,606060.0,690.0000000000883,0.30381554067263694
62,2,0.44855980832414577,2.820494273269137,0.8871412927365224,2.770389455868439,2.3629703208221113,8.300118445763987,0.17171490895476765,0.8716981132075472,9925.0,10236,606060.0,675.6000000000851,0.29646513142864384
63,0,0.8742880720320363,8.948142557254357,1.2072950070838493,1.7184143809301011,2.2747617432032596,11.802047848986819,0.12619328513564324,0.9924528301886792,14000.0,9502,606060.0,673.0000000000845,0.35968831123325895
63,1,0.8742880720320363,8.948142557254357,1.2072950070838493,1.7184143809301011,2.2747617432032596,11.802047848986819,0.12619328513564324,0.9572327044025157,4175.0,9806,606060.0,666.0000000000829,0.47137438872134463
63,2,0.8742880720320363,8.948142557254357,1.2072950070838493,1.7184143809301011,2.2747617432032596,11.802047848986819,0.12619328513564324,0.9924528301886792,11425.0,9055,606060.0,677.3000000000854,0.39960065917197174
64,0,0.5016511654677936,7.587553154166628,0.49904759242678537,4.478655701150677,2.273945712751552,3.7312784642250323,0.02742699110659763,0.8,7150.0,9773,606060.0,676.7000000000853,0.26596131834791414
64,1,0.5016511654677936,7.587553154166628,0.49904759242678537,4.478655701150677,2.273945712751552,3.7312784642250323,0.02742699110659763,0.8188679245283019,8225.0,9629,606060.0,680.1000000000861,0.2692705911623392
64,2,0.5016511654677936,7.587553154166628,0.49904759242678537,4.478655701150677,2.273945712751552,3.7312784642250323,0.02742699110659763,0.8566037735849057,9775.0,10079,606060.0,672.9000000000844,0.28359914817672416
65,0,0.9790729468571803,11.770312564873214,2.455235019554902,4.028364267536336,2.0910208552694423,7.724131499586374,0.03757474838635944,0.9383647798742139,5750.0,9576,606060.0,685.5000000000873,0.42880972720333965
65,1,0.9790729468571803,11.770312564873214,2.455235019554902,4.028364267536336,2.0910208552694423,7.724131499586374,0.03757474838635944,0.9484276729559749,3575.0,9595,606060.0,671.7000000000842,0.47187814862959854
65,2,0.9790729468571803,11.770312564873214,2.455235019554902,4.028364267536336,2.0910208552694423,7.724131499586374,0.03757474838635944,0.949685534591195,8050.0,9052,606060.0,680.2000000000861,0.4068274041196346
66,0,3.800290478164952,3.9654402739192562,3.0166809142954483,3.6489917506507976,2.1230828881132724,11.405944096955185,0.03820340808481102,0.989937106918239,10075.0,9588,606060.0,668.4000000000834,0.41617381728170544
66,1,3.800290478164952,3.9654402739192562,3.0166809142954483,3.6489917506507976,2.1230828881132724,11.405944096955185,0.03820340808481102,0.989937106918239,5325.0,9949,606060.0,664.1000000000824,0.4871067346836756
66,2,3.800290478164952,3.9654402739192562,3.0166809142954483,3.6489917506507976,2.1230828881132724,11.405944096955185,0.03820340808481102,0.9924528301886792,7650.0,9444,606060.0,674.7000000000849,0.45566773424492346
67,0,2.180905132253686,5.146395493518809,2.5285930285683054,1.0364788678898509,0.8352365246819133,4.780755457812574,0.06789387471455795,0.35974842767295595,100.0,9794,606060.0,730.4000000000975,-0.07769354597184788
67,1,2.180905132253686,5.146395493518809,2.5285930285683054,1.0364788678898509,0.8352365246819133,4.780755457812574,0.06789387471455795,0.7069182389937106,1175.0,9035,606060.0,730.0000000000974,0.2623059354895365
67,2,2.180905132253686,5.146395493518809,2.5285930285683054,1.0364788678898509,0.8352365246819133,4.780755457812574,0.06789387471455795,0.6389937106918239,1500.0,7400,606060.0,720.7000000000953,0.19117938048564778
68,0,1.883241890620995,7.526356790921225,3.282756851865836,2.353149034635066,1.5219577735717427,4.17628526696962,0.12177818719771157,0.9924528301886792,6850.0,8620,606060.0,678.7000000000858,0.46976892412880045
68,1,1.883241890620995,7.526356790921225,3.282756851865836,2.353149034635066,1.5219577735717427,4.17628526696962,0.12177818719771157,1.0,5375.0,4069,276047.4910447418,290.09999999999746,0.6021102571431838
68,2,1.883241890620995,7.526356790921225,3.282756851865836,2.353149034635066,1.5219577735717427,4.17628526696962,0.12177818719771157,1.0,6725.0,2589,194130.87511991395,203.09999999999275,0.6227013846038402
69,0,1.4730513718737803,0.9146880941896826,2.266480207537244,2.6335970379057665,1.0639821705105275,7.724579331221157,0.11749666108206498,1.0,6300.0,2214,196229.38898922596,205.39999999999262,0.6373998225934621
69,1,1.4730513718737803,0.9146880941896826,2.266480207537244,2.6335970379057665,1.0639821705105275,7.724579331221157,0.11749666108206498,1.0,8825.0,2805,225268.74048884166,232.59999999999107,0.5793533493245779
69,2,1.4730513718737803,0.9146880941896826,2.266480207537244,2.6335970379057665,1.0639821705105275,7.724579331221157,0.11749666108206498,0.9937106918238994,8175.0,7170,606060.0,677.2000000000854,0.4556438903110943
70,0,2.897408070108374,7.9514075453139155,3.3664353656488486,1.922963683208194,2.4685805549648845,7.491443835996794,0.09196945708417913,1.0,6250.0,7189,457324.29338627745,500.0000000000452,0.5265368895946736
70,1,2.897408070108374,7.9514075453139155,3.3664353656488486,1.922963683208194,2.4685805549648845,7.491443835996794,0.09196945708417913,0.9987421383647799,6675.0,8454,606060.0,692.2000000000888,0.47929989735442835
70,2,2.897408070108374,7.9514075453139155,3.3664353656488486,1.922963683208194,2.4685805549648845,7.491443835996794,0.09196945708417913,0.9937106918238994,6800.0,9383,606060.0,681.6000000000864,0.46992170049341364
71,0,2.6162461794819114,4.647559346177924,2.709874449651764,3.8151755981699913,2.7160072168092695,11.210571972951916,0.10569025578478886,0.9660377358490566,6425.0,10617,606060.0,678.8000000000858,0.4448493134793381
71,1,2.6162461794819114,4.647559346177924,2.709874449651764,3.8151755981699913,2.7160072168092695,11.210571972951916,0.10569025578478886,0.9006289308176101,2175.0,10037,606060.0,684.9000000000872,0.44333011839512004
71,2,2.6162461794819114,4.647559346177924,2.709874449651764,3.8151755981699913,2.7160072168092695,11.210571972951916,0.10569025578478886,0.9723270440251572,8275.0,10283,606060.0,677.9000000000856,0.4239519753828044
72,0,2.2250179245401056,9.69850972378412,1.777918251197746,4.2682206305528085,1.7353541162935586,3.158567243352684,0.023691237943859304,0.9823899371069182,8225.0,9386,606060.0,671.8000000000842,0.43683969532703226
72,1,2.2250179245401056,9.69850972378412,1.777918251197746,4.2682206305528085,1.7353541162935586,3.158567243352684,0.023691237943859304,0.7496855345911949,3025.0,10005,606060.0,669.5000000000837,0.2764470461530367
72,2,2.2250179245401056,9.69850972378412,1.777918251197746,4.2682206305528085,1.7353541162935586,3.158567243352684,0.023691237943859304,0.9610062893081761,1675.0,9409,606060.0,672.0000000000842,0.5138090530674674
73,0,3.415374880846014,1.1390310444290959,1.6188737498281829,2.0035851822569564,0.9324861129789845,5.138933698019892,0.15111158767776628,0.9924528301886792,5200.0,5570,606060.0,706.7000000000921,0.506740653485395
73,1,3.415374880846014,1.1390310444290959,1.6188737498281829,2.0035851822569564,0.9324861129789845,5.138933698019892,0.15111158767776628,0.7094339622641509,2200.0,8791,606060.0,718.9000000000949,0.24986855536395178
73,2,3.415374880846014,1.1390310444290959,1.6188737498281829,2.0035851822569564,0.9324861129789845,5.138933698019892,0.15111158767776628,0.7018867924528301,1675.0,8034,606060.0,733.2000000000982,0.25164256936392493
74,0,0.3543265211722618,10.012494381987894,4.325775710800423,2.175177079361967,0.8840322476515869,8.00840407945081,0.032737785614329926,1.0,12925.0,3358,295290.35096911516,318.20000000000385,0.4919564213894379
74,1,0.3543265211722618,10.012494381987894,4.325775710800423,2.175177079361967,0.8840322476515869,8.00840407945081,0.032737785614329926,0.9974842767295597,12250.0,6597,606060.0,692.900000000089,0.4003263234639137
74,2,0.3543265211722618,10.012494381987894,4.325775710800423,2.175177079361967,0.8840322476515869,8.00840407945081,0.032737785614329926,1.0,15125.0,3415,304910.92112574854,330.3000000000066,0.4556784356893208
75,0,1.6502016359895344,11.521935580361182,4.978683021143095,3.974472011095635,1.2774037748019156,8.876650491660925,0.14402720944196243,1.0,8675.0,4284,314443.9875120319,334.90000000000765,0.5410721077514089
75,1,1.6502016359895344,11.521935580361182,4.978683021143095,3.974472011095635,1.2774037748019156,8.876650491660925,0.14402720944196243,1.0,10125.0,3611,279944.18357038556,296.59999999999894,0.534580445004656
75,2,1.6502016359895344,11.521935580361182,4.978683021143095,3.974472011095635,1.2774037748019156,8.876650491660925,0.14402720944196243,1.0,11650.0,3243,247963.49669442791,261.2999999999909,0.5241168106023733
76,0,1.7350142721055042,7.870219297740833,0.35041993138567834,1.4407594637100867,1.812720757418153,3.6375130425829587,0.04152230489654139,1.0,7525.0,2479,193385.1447068808,203.19999999999274,0.6131715928334674
76,1,1.7350142721055042,7.870219297740833,0.35041993138567834,1.4407594637100867,1.812720757418153,3.6375130425829587,0.04152230489654139,1.0,7150.0,4364,303796.53769448795,321.1000000000045,0.565900447322818
76,2,1.7350142721055042,7.870219297740833,0.35041993138567834,1.4407594637100867,1.812720757418153,3.6375130425829587,0.04152230489654139,0.9308176100628931,6300.0,7676,606060.0,731.1000000000977,0.4176571529920049
77,0,3.3943258750358805,11.875029530861463,2.9130563117337074,4.27581378896771,2.9758041608156813,3.415958885687747,0.09516666651832671,0.8591194968553459,2525.0,10231,606060.0,669.8000000000837,0.39533589654047707
77,1,3.3943258750358805,11.875029530861463,2.9130563117337074,4.27581378896771,2.9758041608156813,3.415958885687747,0.09516666651832671,0.8603773584905661,3975.0,10135,606060.0,671.3000000000841,0.37489954682179405
77,2,3.3943258750358805,11.875029530861463,2.9130563117337074,4.27581378896771,2.9758041608156813,3.415958885687747,0.09516666651832671,0.8389937106918239,2650.0,10608,606060.0,665.8000000000828,0.37229649462875414
78,0,1.7525190486151037,1.4205667619311277,3.850051812135299,2.4520056229516687,1.6733173354760031,3.506729738132402,0.04437606392386494,0.789937106918239,5975.0,9434,606060.0,679.500000000086,0.27402789497567903
78,1,1.7525190486151037,1.4205667619311277,3.850051812135299,2.4520056229516687,1.6733173354760031,3.506729738132402,0.04437606392386494,0.9849056603773585,7950.0,9536,606060.0,670.800000000084,0.44322504963773046
78,2,1.7525190486151037,1.4205667619311277,3.850051812135299,2.4520056229516687,1.6733173354760031,3.506729738132402,0.04437606392386494,1.0,10775.0,3050,218791.9319423975,230.89999999999117,0.5472416365568785
79,0,3.6562834019779955,1.0134645232042072,1.3944057392354194,1.8142669864153775,1.725493856003966,7.864451730147959,0.10372509541162665,0.9660377358490566,6950.0,6365,606060.0,711.8000000000933,0.4489882058204683
79,1,3.6562834019779955,1.0134645232042072,1.3944057392354194,1.8142669864153775,1.725493856003966,7.864451730147959,0.10372509541162665,0.9383647798742139,3150.0,8164,606060.0,721.4000000000955,0.4714910107362936
79,2,3.6562834019779955,1.0134645232042072,1.3944057392354194,1.8142669864153775,1.725493856003966,7.864451730147959,0.10372509541162665,0.8855345911949686,725.0,6170,606060.0,733.7000000000983,0.46087121953778376
80,0,0.6112267378604636,3.302175721640706,4.264865408383944,3.369149152153066,2.122872625335686,8.702032553513549,0.15495157361751052,0.9584905660377359,5750.0,9333,606060.0,669.0000000000836,0.44989854246295413
80,1,0.6112267378604636,3.302175721640706,4.264865408383944,3.369149152153066,2.122872625335686,8.702032553513549,0.15495157361751052,0.9572327044025157,8600.0,9514,606060.0,668.8000000000835,0.40519591730554405
80,2,0.6112267378604636,3.302175721640706,4.264865408383944,3.369149152153066,2.122872625335686,8.702032553513549,0.15495157361751052,0.9018867924528302,7025.0,9563,606060.0,667.6000000000832,0.37232873667294786
81,0,0.5150013823693551,4.7159964267250425,2.83577894572989,2.0230541748379673,2.6111971832179663,6.825725085872939,0.15603924199728203,0.9572327044025157,7100.0,10581,606060.0,687.8000000000878,0.4257471737298929
81,1,0.5150013823693551,4.7159964267250425,2.83577894572989,2.0230541748379673,2.6111971832179663,6.825725085872939,0.15603924199728203,0.9308176100628931,9300.0,10481,606060.0,680.2000000000861,0.36578014007503523
81,2,0.5150013823693551,4.7159964267250425,2.83577894572989,2.0230541748379673,2.6111971832179663,6.825725085872939,0.15603924199728203,0.8628930817610063,4700.0,10343,606060.0,680.8000000000862,0.3661651377262879
82,0,3.452457412460326,6.305102053390228,4.574895546195345,3.1420577324164127,2.6256857470843045,5.405907955915243,0.1047752221209822,0.9761006289308176,6375.0,10159,606060.0,673.3000000000845,0.45671920697776736
82,1,3.452457412460326,6.305102053390228,4.574895546195345,3.1420577324164127,2.6256857470843045,5.405907955915243,0.1047752221209822,0.9270440251572327,8475.0,10077,606060.0,677.7000000000855,0.37512077092394003
82,2,3.452457412460326,6.305102053390228,4.574895546195345,3.1420577324164127,2.6256857470843045,5.405907955915243,0.1047752221209822,0.969811320754717,6675.0,10139,606060.0,670.900000000084,0.4458128926013678
83,0,2.2662208517169375,1.7072667328048117,2.173196781497241,4.628019526482542,2.077080600911856,3.775065824369675,0.07438257076582494,0.9962264150943396,8050.0,9386,606060.0,668.9000000000835,0.45361700514901826
83,1,2.2662208517169375,1.7072667328048117,2.173196781497241,4.628019526482542,2.077080600911856,3.775065824369675,0.07438257076582494,0.9660377358490566,5700.0,8966,606060.0,674.7000000000849,0.45922516722598905
83,2,2.2662208517169375,1.7072667328048117,2.173196781497241,4.628019526482542,2.077080600911856,3.775065824369675,0.07438257076582494,0.9761006289308176,4625.0,9082,606060.0,666.2000000000829,0.48546020152836944
84,0,1.0089311357519894,0.7854660156835842,4.659064154968926,2.5169329771559217,1.2688376810519655,7.984771915577366,0.011389746695672972,0.9974842767295597,10225.0,8090,606060.0,674.6000000000848,0.42548170238254535
84,1,1.0089311357519894,0.7854660156835842,4.659064154968926,2.5169329771559217,1.2688376810519655,7.984771915577366,0.011389746695672972,0.989937106918239,9150.0,8506,606060.0,670.6000000000839,0.4327856746619093
84,2,1.0089311357519894,0.7854660156835842,4.659064154968926,2.5169329771559217,1.2688376810519655,7.984771915577366,0.011389746695672972,1.0,11900.0,2637,213108.44848423987,221.6999999999917,0.5390794678039316
85,0,1.3286817944230112,8.584884855537265,3.278717933425536,4.91812676394141,2.05089427414511,6.775058736277328,0.15467218700496146,0.9685534591194969,8250.0,9574,606060.0,677.2000000000854,0.42191249933118347
85,1,1.3286817944230112,8.584884855537265,3.278717933425536,4.91812676394141,2.05089427414511,6.775058736277328,0.15467218700496146,0.9723270440251572,5625.0,9188,606060.0,675.8000000000851,0.4662577343042478
85,2,1.3286817944230112,8.584884855537265,3.278717933425536,4.91812676394141,2.05089427414511,6.775058736277328,0.15467218700496146,0.8867924528301887,8775.0,8565,606060.0,676.9000000000854,0.3327107121776476
86,0,3.6423131262669965,8.788003387261043,4.827092750682084,4.0190232683217975,2.6670035956548164,3.141040711836372,0.14915856556881968,0.9987421383647799,12125.0,10096,606060.0,670.700000000084,0.39315210423272173
86,1,3.6423131262669965,8.788003387261043,4.827092750682084,4.0190232683217975,2.6670035956548164,3.141040711836372,0.14915856556881968,0.9144654088050315,5000.0,9548,606060.0,681.7000000000864,0.4157755436196422
86,2,3.6423131262669965,8.788003387261043,4.827092750682084,4.0190232683217975,2.6670035956548164,3.141040711836372,0.14915856556881968,0.9823899371069182,7500.0,9822,606060.0,676.4000000000852,0.4468354650625955
87,0,1.928328188251264,6.860693727729665,3.374281324567077,4.864168025175062,2.9614452035790615,4.882282454879053,0.14941316451320408,0.4767295597484277,200.0,10153,606060.0,682.9000000000867,0.04006191771747239
87,1,1.928328188251264,6.860693727729665,3.374281324567077,4.864168025175062,2.9614452035790615,4.882282454879053,0.14941316451320408,0.48553459119496856,1275.0,10234,606060.0,672.6000000000844,0.03274881853391606
87,2,1.928328188251264,6.860693727729665,3.374281324567077,4.864168025175062,2.9614452035790615,4.882282454879053,0.14941316451320408,0.5559748427672956,1100.0,9932,606060.0,685.7000000000874,0.10770857962516359
88,0,3.074939090360494,4.4846679051000615,0.8821879418618388,0.6842613212857389,2.4433578188229466,6.896997418169059,0.19725263220403597,0.9761006289308176,8000.0,5749,606060.0,721.2000000000954,0.44657962842478127
88,1,3.074939090360494,4.4846679051000615,0.8821879418618388,0.6842613212857389,2.4433578188229466,6.896997418169059,0.19725263220403597,0.9949685534591195,5375.0,5644,606060.0,711.6000000000932,0.5062684904194338
88,2,3.074939090360494,4.4846679051000615,0.8821879418618388,0.6842613212857389,2.4433578188229466,6.896997418169059,0.19725263220403597,0.9018867924528302,5775.0,4938,606060.0,715.3000000000941,0.40830967196614554
89,0,2.020401787916516,11.746045259349163,2.2344072103120816,4.071569677519877,0.7120481807795802,7.554617101377639,0.16239135952728762,0.6125786163522012,375.0,7155,606060.0,720.1000000000952,0.18159182647808067
89,1,2.020401787916516,11.746045259349163,2.2344072103120816,4.071569677519877,0.7120481807795802,7.554617101377639,0.16239135952728762,0.38616352201257864,1900.0,4663,606060.0,729.3000000000973,-0.06842898059214828
89,2,2.020401787916516,11.746045259349163,2.2344072103120816,4.071569677519877,0.7120481807795802,7.554617101377639,0.16239135952728762,0.3672955974842767,100.0,8212,606060.0,730.9000000000976,-0.06835724611528235
90,0,3.7213961687135884,9.959705542100464,0.47376241784551887,2.177160535880304,0.6217461807846282,3.0928229111455803,0.13830806944682197,1.0,6250.0,5786,413256.80870341137,435.10000000003043,0.5434080990283536
90,1,3.7213961687135884,9.959705542100464,0.47376241784551887,2.177160535880304,0.6217461807846282,3.0928229111455803,0.13830806944682197,0.2893081761006289,225.0,7762,606060.0,724.9000000000963,-0.14989886112527626
90,2,3.7213961687135884,9.959705542100464,0.47376241784551887,2.177160535880304,0.6217461807846282,3.0928229111455803,0.13830806944682197,0.6125786163522012,525.0,5820,606060.0,733.7000000000983,0.18337438119902041
91,0,2.9390553263532833,9.397787851643702,4.367645775861615,3.8274416081442943,2.50217898026658,2.4896370982327927,0.05456167858384673,0.9874213836477987,4900.0,10198,606060.0,671.5000000000841,0.4904569039516188
91,1,2.9390553263532833,9.397787851643702,4.367645775861615,3.8274416081442943,2.50217898026658,2.4896370982327927,0.05456167858384673,0.8767295597484277,5800.0,9704,606060.0,681.9000000000865,0.36484178166226156
91,2,2.9390553263532833,9.397787851643702,4.367645775861615,3.8274416081442943,2.50217898026658,2.4896370982327927,0.05456167858384673,0.969811320754717,7225.0,10074,606060.0,672.4000000000843,0.43763807336656313
92,0,2.6010217614884095,10.368441003185467,0.3211505872163979,2.815832039523574,2.193218498410993,2.296072891286132,0.08625755593514371,0.9962264150943396,6450.0,9241,606060.0,675.8000000000851,0.47810532997920274
92,1,2.6010217614884095,10.368441003185467,0.3211505872163979,2.815832039523574,2.193218498410993,2.296072891286132,0.08625755593514371,0.9823899371069182,5900.0,9424,606060.0,675.6000000000851,0.4718482225488595
92,2,2.6010217614884095,10.368441003185467,0.3211505872163979,2.815832039523574,2.193218498410993,2.296072891286132,0.08625755593514371,0.9572327044025157,7350.0,8799,606060.0,676.5000000000853,0.42572561686973154
93,0,3.6138490611196783,8.223547301842375,1.4169943077948075,4.337515083343607,1.3700785585237858,10.533446711440595,0.06679929371259205,1.0,6100.0,2451,174337.72024695075,177.5999999999942,0.6398490429698863
93,1,3.6138490611196783,8.223547301842375,1.4169943077948075,4.337515083343607,1.3700785585237858,10.533446711440595,0.06679929371259205,0.9924528301886792,5525.0,8723,606060.0,667.8000000000833,0.48949651593132704
93,2,3.6138490611196783,8.223547301842375,1.4169943077948075,4.337515083343607,1.3700785585237858,10.533446711440595,0.06679929371259205,1.0,5250.0,3602,252408.9026706766,263.29999999999137,0.6148387300018656
94,0,2.484184928267651,5.064810779100092,1.591677738548815,4.489509029773411,0.9689842048487283,2.848115912357631,0.07496611832367547,0.9408805031446541,5600.0,6650,606060.0,674.5000000000848,0.44224027911674246
94,1,2.484184928267651,5.064810779100092,1.591677738548815,4.489509029773411,0.9689842048487283,2.848115912357631,0.07496611832367547,0.939622641509434,4925.0,6997,606060.0,672.7000000000844,0.4497771074813314
94,2,2.484184928267651,5.064810779100092,1.591677738548815,4.489509029773411,0.9689842048487283,2.848115912357631,0.07496611832367547,1.0,4625.0,5178,332095.5994423649,339.30000000000865,0.5909688324714149
95,0,2.9552648462738,9.78546346872724,4.994093839313795,1.8336292565502421,1.5198548778282055,3.368212780296263,0.11922566662837639,1.0,5150.0,3368,262507.8102338278,278.3999999999948,0.6169901425056078
95,1,2.9552648462738,9.78546346872724,4.994093839313795,1.8336292565502421,1.5198548778282055,3.368212780296263,0.11922566662837639,0.9949685534591195,7225.0,5903,606060.0,708.2000000000925,0.47691716164981435
95,2,2.9552648462738,9.78546346872724,4.994093839313795,1.8336292565502421,1.5198548778282055,3.368212780296263,0.11922566662837639,0.9937106918238994,6975.0,5268,606060.0,710.8000000000931,0.4831050508951552
96,0,3.991046137872794,8.560131616387572,3.0975003499428473,2.265660918148073,2.788246900713887,6.969165961303494,0.035529713529481685,0.9735849056603774,4100.0,8479,606060.0,719.9000000000951,0.4923482326883163
96,1,3.991046137872794,8.560131616387572,3.0975003499428473,2.265660918148073,2.788246900713887,6.969165961303494,0.035529713529481685,0.9874213836477987,6475.0,8481,606060.0,681.8000000000865,0.47065658766455754
96,2,3.991046137872794,8.560131616387572,3.0975003499428473,2.265660918148073,2.788246900713887,6.969165961303494,0.035529713529481685,0.9509433962264151,8650.0,9002,606060.0,670.2000000000838,0.3991753817649164
97,0,1.6519003138367938,1.2724166917493194,1.2493014771372735,0.579509514499605,1.6331997912504086,8.345402649517972,0.07522556785199247,0.9270440251572327,5250.0,8958,606060.0,673.0000000000845,0.42615986757530255
97,1,1.6519003138367938,1.2724166917493194,1.2493014771372735,0.579509514499605,1.6331997912504086,8.345402649517972,0.07522556785199247,1.0,6100.0,3505,315993.9423065929,341.10000000000906,0.5880776796859204
97,2,1.6519003138367938,1.2724166917493194,1.2493014771372735,0.579509514499605,1.6331997912504086,8.345402649517972,0.07522556785199247,0.8389937106918239,1850.0,7375,606060.0,716.0000000000942,0.39150660812703963
98,0,1.8554125545695255,11.530906637712622,3.834226671402103,2.9338548662522808,1.2113521877795632,10.969967987729952,0.0546684522073253,0.9345911949685535,5500.0,8320,606060.0,676.0000000000852,0.4317223877303321
98,1,1.8554125545695255,11.530906637712622,3.834226671402103,2.9338548662522808,1.2113521877795632,10.969967987729952,0.0546684522073253,0.9911949685534591,7825.0,7832,606060.0,668.9000000000835,0.4560619105293623
98,2,1.8554125545695255,11.530906637712622,3.834226671402103,2.9338548662522808,1.2113521877795632,10.969967987729952,0.0546684522073253,1.0,10050.0,6455,446270.44402182236,475.8000000000397,0.4748372096634942
99,0,1.5037681029117052,10.954245365863908,2.78884765983984,3.8404307723808953,1.9768619854094154,8.53439209009495,0.06688282538781685,0.8842767295597485,3500.0,9130,606060.0,679.600000000086,0.40845028112028525
99,1,1.5037681029117052,10.954245365863908,2.78884765983984,3.8404307723808953,1.9768619854094154,8.53439209009495,0.06688282538781685,1.0,11875.0,8242,536370.6351750947,586.8000000000649,0.41931108936712014
99,2,1.5037681029117052,10.954245365863908,2.78884765983984,3.8404307723808953,1.9768619854094154,8.53439209009495,0.06688282538781685,0.9911949685534591,8325.0,9371,606060.0,671.6000000000842,0.44436015364096615
