policy,map_label,n_drones,seed,final_coverage,time_to_50,time_to_80,time_to_100,total_energy_j,overlap_m2,wasted_visits,time_to_terminal,reason
Random,open_33,2,0,0.9552549427679501,148.29999999999586,348.2000000000107,inf,242424.00000000003,15100.0,3096,665.3000000000827,ALL_DEPLETED
Random,open_33,2,1,0.951092611862643,174.49999999999437,434.9000000000304,inf,242424.00000000003,13925.0,3086,661.6000000000819,ALL_DEPLETED
Random,open_33,2,2,0.9719042663891779,132.79999999999674,295.1999999999986,inf,242424.00000000003,15300.0,3094,655.3000000000804,ALL_DEPLETED
Boustrophedon,open_33,2,0,1.0,105.89999999999826,209.3999999999924,322.7000000000049,122985.53651917528,8800.0,1069,322.7000000000049,COMPLETED
Boustrophedon,open_33,2,1,1.0,96.69999999999878,194.8999999999932,301.40000000000003,114653.33309451485,5000.0,1004,301.40000000000003,COMPLETED
Boustrophedon,open_33,2,2,1.0,103.09999999999842,208.29999999999245,323.300000000005,123198.20729951345,6600.0,1087,323.300000000005,COMPLETED
Spiral,open_33,2,0,1.0,146.69999999999595,234.39999999999097,366.3000000000148,148367.9963084135,10625.0,2004,366.3000000000148,COMPLETED
Spiral,open_33,2,1,1.0,97.79999999999872,194.29999999999325,368.2000000000152,149713.8571051236,8425.0,1945,368.2000000000152,COMPLETED
Spiral,open_33,2,2,1.0,126.2999999999971,223.79999999999157,363.2000000000141,148083.7837242875,12800.0,1827,363.2000000000141,COMPLETED
VoronoiPartition,open_33,2,0,1.0,112.2999999999979,188.89999999999355,271.2999999999932,98955.0198799416,4000.0,669,271.2999999999932,COMPLETED
VoronoiPartition,open_33,2,1,1.0,105.79999999999826,184.99999999999378,259.7999999999906,94749.21880338926,950.0,587,259.7999999999906,COMPLETED
VoronoiPartition,open_33,2,2,1.0,108.5999999999981,190.79999999999345,276.89999999999446,101381.97521400516,1575.0,681,276.89999999999446,COMPLETED
GridDecomposition,open_33,2,0,1.0,146.99999999999594,237.59999999999079,359.4000000000132,145171.6218131865,5875.0,2211,359.4000000000132,COMPLETED
GridDecomposition,open_33,2,1,1.0,153.19999999999558,272.6999999999935,382.6000000000185,154568.41208911288,2700.0,2402,382.6000000000185,COMPLETED
GridDecomposition,open_33,2,2,1.0,154.7999999999955,256.09999999998973,379.2000000000177,153347.33783473165,3600.0,2346,379.2000000000177,COMPLETED
STC,open_33,2,0,1.0,110.399999999998,201.19999999999285,278.99999999999494,112133.22549210838,1375.0,1243,278.99999999999494,COMPLETED
STC,open_33,2,1,0.6940686784599376,427.0000000000286,inf,inf,242424.00000000003,0.0,3344,599.9000000000678,ALL_DEPLETED
STC,open_33,2,2,1.0,217.49999999999193,395.9000000000215,468.10000000003794,190085.36195153295,1200.0,2486,468.10000000003794,COMPLETED
Random,open_33,5,0,1.0,53.100000000000485,121.79999999999735,611.8000000000706,566094.4949271844,23800.0,8865,611.8000000000706,COMPLETED
Random,open_33,5,1,1.0,74.00000000000007,171.39999999999455,652.1000000000797,600064.7612191676,23825.0,9143,652.1000000000797,COMPLETED
Random,open_33,5,2,0.9947970863683663,65.20000000000057,129.19999999999695,inf,606060.0,23200.0,8706,664.8000000000826,ALL_DEPLETED
Boustrophedon,open_33,5,0,1.0,46.40000000000039,84.39999999999948,150.79999999999572,143124.63772253855,11925.0,1386,150.79999999999572,COMPLETED
Boustrophedon,open_33,5,1,1.0,40.90000000000031,75.69999999999997,139.39999999999637,131236.93946851068,11025.0,1216,139.39999999999637,COMPLETED
Boustrophedon,open_33,5,2,1.0,43.900000000000354,86.39999999999937,154.09999999999553,146525.27321443066,12825.0,1448,154.09999999999553,COMPLETED
Spiral,open_33,5,0,1.0,41.40000000000032,87.79999999999929,179.2999999999941,182307.8071076381,17075.0,2490,179.2999999999941,COMPLETED
Spiral,open_33,5,1,1.0,42.00000000000033,93.19999999999898,145.999999999996,149013.51447874727,13725.0,1887,145.999999999996,COMPLETED
Spiral,open_33,5,2,1.0,34.00000000000021,83.39999999999954,146.29999999999598,149481.1299294565,15300.0,1896,146.29999999999598,COMPLETED
VoronoiPartition,open_33,5,0,1.0,46.30000000000039,79.89999999999974,125.29999999999715,114573.80157786026,6200.0,905,125.29999999999715,COMPLETED
VoronoiPartition,open_33,5,1,1.0,41.50000000000032,80.4999999999997,119.2999999999975,109458.3517425668,5400.0,834,119.2999999999975,COMPLETED
VoronoiPartition,open_33,5,2,1.0,42.10000000000033,76.39999999999993,127.89999999999701,117242.14353559283,5250.0,962,127.89999999999701,COMPLETED
GridDecomposition,open_33,5,0,1.0,55.00000000000051,92.899999999999,137.79999999999646,138479.81906055857,8350.0,2136,137.79999999999646,COMPLETED
GridDecomposition,open_33,5,1,1.0,57.20000000000054,96.09999999999881,135.4999999999966,136466.67132865824,10050.0,2000,135.4999999999966,COMPLETED
GridDecomposition,open_33,5,2,1.0,49.50000000000043,99.19999999999864,149.1999999999958,150286.89162556594,10350.0,2269,149.1999999999958,COMPLETED
STC,open_33,5,0,1.0,53.900000000000496,94.09999999999893,119.2999999999975,118971.17358234711,6275.0,1392,119.2999999999975,COMPLETED
STC,open_33,5,1,1.0,57.20000000000054,89.89999999999917,118.69999999999753,119004.5192560826,6200.0,1405,118.69999999999753,COMPLETED
STC,open_33,5,2,1.0,50.20000000000044,90.69999999999912,125.69999999999713,126667.40304021072,4625.0,1502,125.69999999999713,COMPLETED
Random,open_33,10,0,1.0,30.600000000000165,74.10000000000007,480.90000000004085,884624.905445414,23975.0,13630,480.90000000004085,COMPLETED
Random,open_33,10,1,1.0,30.700000000000166,66.5000000000005,317.0000000000036,583225.4969005547,23425.0,9060,317.0000000000036,COMPLETED
Random,open_33,10,2,1.0,29.60000000000015,70.50000000000027,285.4999999999964,525061.4034215894,23500.0,7905,285.4999999999964,COMPLETED
Boustrophedon,open_33,10,0,1.0,24.400000000000077,39.9000000000003,94.09999999999893,179821.82460490917,16500.0,1961,94.09999999999893,COMPLETED
Boustrophedon,open_33,10,1,1.0,23.700000000000067,39.100000000000286,74.80000000000003,142717.4330808972,12925.0,1380,74.80000000000003,COMPLETED
Boustrophedon,open_33,10,2,1.0,27.100000000000115,42.90000000000034,86.89999999999934,164971.3688797804,16200.0,1752,86.89999999999934,COMPLETED
Spiral,open_33,10,0,1.0,20.100000000000016,42.10000000000033,76.49999999999993,153928.53223364754,15800.0,2041,76.49999999999993,COMPLETED
Spiral,open_33,10,1,1.0,15.499999999999961,34.60000000000022,78.6999999999998,160034.17360747,16775.0,2100,78.6999999999998,COMPLETED
Spiral,open_33,10,2,1.0,15.99999999999996,37.20000000000026,74.60000000000004,151235.96055719024,16750.0,2021,74.60000000000004,COMPLETED
VoronoiPartition,open_33,10,0,1.0,21.10000000000003,39.000000000000284,58.90000000000057,107220.17349992739,6550.0,804,58.90000000000057,COMPLETED
VoronoiPartition,open_33,10,1,1.0,20.50000000000002,37.20000000000026,63.10000000000063,115152.45061903098,6325.0,894,63.10000000000063,COMPLETED
VoronoiPartition,open_33,10,2,1.0,19.400000000000006,35.600000000000236,59.500000000000576,108868.4693315092,6375.0,838,59.500000000000576,COMPLETED
GridDecomposition,open_33,10,0,1.0,22.50000000000005,43.50000000000035,69.80000000000031,140680.3566790726,12250.0,2094,69.80000000000031,COMPLETED
GridDecomposition,open_33,10,1,1.0,22.800000000000054,40.90000000000031,70.70000000000026,142489.44930933812,11075.0,2157,70.70000000000026,COMPLETED
GridDecomposition,open_33,10,2,1.0,22.200000000000045,40.500000000000306,65.20000000000057,131209.16929758596,11225.0,1846,65.20000000000057,COMPLETED
STC,open_33,10,0,1.0,25.100000000000087,41.800000000000324,56.80000000000054,112796.0641768009,7675.0,1318,56.80000000000054,COMPLETED
STC,open_33,10,1,1.0,17.69999999999998,41.100000000000314,59.400000000000574,118985.44891507225,6675.0,1409,59.400000000000574,COMPLETED
STC,open_33,10,2,1.0,16.09999999999996,42.00000000000033,61.70000000000061,123466.81764746993,8625.0,1487,61.70000000000061,COMPLETED
Random,open_33,20,0,1.0,16.09999999999996,34.70000000000022,150.79999999999572,555030.0233321814,23750.0,8019,150.79999999999572,COMPLETED
Random,open_33,20,1,1.0,18.29999999999999,38.50000000000028,159.39999999999523,584723.7948955479,23825.0,8615,159.39999999999523,COMPLETED
Random,open_33,20,2,1.0,14.799999999999963,30.700000000000166,150.79999999999572,553071.3760954705,23825.0,8181,150.79999999999572,COMPLETED
Boustrophedon,open_33,20,0,1.0,14.099999999999966,26.600000000000108,53.800000000000495,206572.95632726513,19650.0,2289,53.800000000000495,COMPLETED
Boustrophedon,open_33,20,1,1.0,13.499999999999968,26.500000000000107,51.20000000000046,196998.13430257747,18100.0,2133,51.20000000000046,COMPLETED
Boustrophedon,open_33,20,2,1.0,14.099999999999966,25.30000000000009,52.60000000000048,200682.10324266646,18050.0,2221,52.60000000000048,COMPLETED
Spiral,open_33,20,0,1.0,6.999999999999991,17.49999999999998,34.900000000000226,139497.12801842904,16075.0,1843,34.900000000000226,COMPLETED
Spiral,open_33,20,1,1.0,7.19999999999999,16.19999999999996,34.30000000000022,137090.54165975936,14450.0,1822,34.30000000000022,COMPLETED
Spiral,open_33,20,2,1.0,6.399999999999993,15.399999999999961,34.70000000000022,139434.77622819925,17950.0,1847,34.70000000000022,COMPLETED
VoronoiPartition,open_33,20,0,1.0,9.799999999999981,18.29999999999999,32.9000000000002,120001.0198117434,8675.0,1006,32.9000000000002,COMPLETED
VoronoiPartition,open_33,20,1,1.0,9.599999999999982,17.999999999999986,31.200000000000173,113221.50641638925,9300.0,948,31.200000000000173,COMPLETED
VoronoiPartition,open_33,20,2,1.0,9.099999999999984,17.999999999999986,33.500000000000206,122362.45240000542,9500.0,1056,33.500000000000206,COMPLETED
GridDecomposition,open_33,20,0,1.0,7.899999999999988,18.699999999999996,36.80000000000025,147447.37483295612,14100.0,2266,36.80000000000025,COMPLETED
GridDecomposition,open_33,20,1,1.0,7.39999999999999,20.000000000000014,41.00000000000031,165271.8451429382,15925.0,2534,41.00000000000031,COMPLETED
GridDecomposition,open_33,20,2,1.0,7.099999999999991,20.000000000000014,39.800000000000296,160135.8283304996,16600.0,2484,39.800000000000296,COMPLETED
STC,open_33,20,0,1.0,8.099999999999987,17.49999999999998,28.700000000000138,113598.41534917662,10725.0,1395,28.700000000000138,COMPLETED
STC,open_33,20,1,1.0,7.599999999999989,16.699999999999967,27.40000000000012,108462.28377595218,9900.0,1276,27.40000000000012,COMPLETED
STC,open_33,20,2,1.0,7.19999999999999,17.199999999999974,31.60000000000018,125385.28712784592,12250.0,1578,31.60000000000018,COMPLETED
Random,partial_33,2,0,0.9257592800899888,204.49999999999267,468.10000000003794,inf,242424.00000000003,9175.0,2859,669.5000000000837,ALL_DEPLETED
Random,partial_33,2,1,0.9111361079865017,176.09999999999428,455.100000000035,inf,242424.00000000003,12150.0,2925,669.2000000000836,ALL_DEPLETED
Random,partial_33,2,2,0.9381327334083239,189.09999999999354,373.3000000000164,inf,242424.00000000003,11150.0,2734,667.6000000000832,ALL_DEPLETED
Boustrophedon,partial_33,2,0,0.8998875140607424,116.89999999999763,213.99999999999213,inf,242424.00000000003,1200.0,1348,705.5000000000919,ALL_DEPLETED
Boustrophedon,partial_33,2,1,0.5646794150731158,108.09999999999813,inf,inf,242424.00000000003,25.0,501,719.300000000095,ALL_DEPLETED
Boustrophedon,partial_33,2,2,0.7840269966254219,122.29999999999733,inf,inf,242424.00000000003,1300.0,1403,714.3000000000939,ALL_DEPLETED
Spiral,partial_33,2,0,1.0,163.99999999999497,261.1999999999909,461.50000000003644,178608.23704057458,9800.0,1983,461.50000000003644,COMPLETED
Spiral,partial_33,2,1,0.7941507311586051,156.09999999999542,inf,inf,242424.00000000003,3425.0,2233,688.1000000000879,ALL_DEPLETED
Spiral,partial_33,2,2,1.0,129.9999999999969,276.0999999999943,432.4000000000298,168584.89492480864,7550.0,1975,432.4000000000298,COMPLETED
VoronoiPartition,partial_33,2,0,1.0,171.69999999999453,338.6000000000085,431.9000000000297,151685.30096769822,1850.0,848,431.9000000000297,COMPLETED
VoronoiPartition,partial_33,2,1,1.0,129.59999999999692,305.2000000000009,455.40000000003505,160040.16851796335,975.0,928,455.40000000003505,COMPLETED
VoronoiPartition,partial_33,2,2,1.0,118.09999999999756,365.9000000000147,473.6000000000392,165290.85908339845,1725.0,867,473.6000000000392,COMPLETED
GridDecomposition,partial_33,2,0,0.6512935883014623,559.7000000000587,inf,inf,242424.00000000003,225.0,2747,683.1000000000868,ALL_DEPLETED
GridDecomposition,partial_33,2,1,0.829021372328459,341.40000000000913,645.5000000000782,inf,242424.00000000003,0.0,2716,671.100000000084,ALL_DEPLETED
GridDecomposition,partial_33,2,2,0.8233970753655793,373.60000000001645,666.0000000000829,inf,242424.00000000003,450.0,2498,674.1000000000847,ALL_DEPLETED
STC,partial_33,2,0,1.0,253.69999999998987,431.5000000000296,609.0000000000699,234446.42100518144,4250.0,2835,609.0000000000699,COMPLETED
STC,partial_33,2,1,0.6512935883014623,388.4000000000198,inf,inf,242424.00000000003,50.0,3146,635.700000000076,ALL_DEPLETED
STC,partial_33,2,2,0.9898762654668166,238.09999999999076,509.6000000000474,inf,242424.00000000003,2600.0,2943,646.8000000000785,ALL_DEPLETED
Random,partial_33,5,0,0.9966254218222722,69.20000000000034,160.29999999999518,inf,606060.0,21575.0,8406,672.3000000000843,ALL_DEPLETED
Random,partial_33,5,1,0.9977502812148481,62.70000000000062,182.9999999999939,inf,606060.0,21650.0,8304,672.3000000000843,ALL_DEPLETED
Random,partial_33,5,2,0.9966254218222722,58.100000000000556,167.89999999999475,inf,606060.0,21350.0,8017,673.0000000000845,ALL_DEPLETED
Boustrophedon,partial_33,5,0,1.0,51.30000000000046,105.99999999999825,179.69999999999408,163720.34664645977,9350.0,1282,179.69999999999408,COMPLETED
Boustrophedon,partial_33,5,1,1.0,60.30000000000059,128.69999999999698,229.69999999999123,203019.60363998346,8375.0,1249,229.69999999999123,COMPLETED
Boustrophedon,partial_33,5,2,1.0,51.20000000000046,107.79999999999815,218.29999999999188,194649.36672233208,8025.0,1537,218.29999999999188,COMPLETED
Spiral,partial_33,5,0,1.0,72.80000000000014,134.59999999999664,201.59999999999283,200372.58523068833,15500.0,2524,201.59999999999283,COMPLETED
Spiral,partial_33,5,1,1.0,52.400000000000475,120.79999999999741,220.99999999999173,218167.83178413904,13350.0,2771,220.99999999999173,COMPLETED
Spiral,partial_33,5,2,1.0,47.80000000000041,90.09999999999916,157.9999999999953,156347.71355374064,11850.0,1814,157.9999999999953,COMPLETED
VoronoiPartition,partial_33,5,0,1.0,59.70000000000058,100.59999999999856,158.99999999999525,141764.24936000432,5425.0,939,158.99999999999525,COMPLETED
VoronoiPartition,partial_33,5,1,1.0,46.50000000000039,129.9999999999969,201.89999999999281,176864.78493585635,4525.0,1106,201.89999999999281,COMPLETED
VoronoiPartition,partial_33,5,2,1.0,52.60000000000048,98.0999999999987,190.39999999999347,167696.22258241894,3375.0,1064,190.39999999999347,COMPLETED
GridDecomposition,partial_33,5,0,1.0,61.80000000000061,134.89999999999662,190.39999999999347,181217.7349577787,8000.0,2161,190.39999999999347,COMPLETED
GridDecomposition,partial_33,5,1,1.0,68.90000000000036,141.89999999999623,219.9999999999918,210347.831812312,10075.0,2747,219.9999999999918,COMPLETED
GridDecomposition,partial_33,5,2,1.0,78.59999999999981,149.3999999999958,203.9999999999927,196176.76582989446,8000.0,2633,203.9999999999927,COMPLETED
STC,partial_33,5,0,1.0,70.50000000000027,114.59999999999776,148.59999999999584,140942.20823641552,5225.0,1516,148.59999999999584,COMPLETED
STC,partial_33,5,1,1.0,62.80000000000062,115.99999999999768,198.09999999999303,190274.8298977547,7325.0,2301,198.09999999999303,COMPLETED
STC,partial_33,5,2,1.0,88.19999999999926,129.8999999999969,177.19999999999422,170937.72978929756,4925.0,1987,177.19999999999422,COMPLETED
Random,partial_33,10,0,1.0,47.3000000000004,94.29999999999892,381.7000000000183,691836.4611487688,21800.0,9405,381.7000000000183,COMPLETED
Random,partial_33,10,1,1.0,31.800000000000182,80.09999999999972,403.7000000000233,734300.3265693771,22100.0,10509,403.7000000000233,COMPLETED
Random,partial_33,10,2,1.0,35.500000000000234,80.4999999999997,386.80000000001945,702839.5872431205,22050.0,9954,386.80000000001945,COMPLETED
Boustrophedon,partial_33,10,0,1.0,29.900000000000155,53.100000000000485,95.89999999999883,176566.9052750368,12550.0,1557,95.89999999999883,COMPLETED
Boustrophedon,partial_33,10,1,1.0,29.300000000000146,48.60000000000042,89.89999999999917,164338.936579986,10150.0,1309,89.89999999999917,COMPLETED
Boustrophedon,partial_33,10,2,1.0,29.800000000000153,49.000000000000426,106.9999999999982,194673.6349216604,14300.0,1672,106.9999999999982,COMPLETED
Spiral,partial_33,10,0,1.0,18.499999999999993,43.80000000000035,95.69999999999884,189105.1999212047,16775.0,2428,95.69999999999884,COMPLETED
Spiral,partial_33,10,1,1.0,22.100000000000044,49.000000000000426,99.69999999999861,197559.6778602919,15150.0,2601,99.69999999999861,COMPLETED
Spiral,partial_33,10,2,1.0,24.70000000000008,52.00000000000047,102.89999999999843,201876.47508434067,16225.0,2562,102.89999999999843,COMPLETED
VoronoiPartition,partial_33,10,0,1.0,20.30000000000002,47.500000000000405,75.99999999999996,135692.35044694506,6975.0,899,75.99999999999996,COMPLETED
VoronoiPartition,partial_33,10,1,1.0,19.70000000000001,40.2000000000003,91.29999999999909,163835.0658734748,9250.0,1285,91.29999999999909,COMPLETED
VoronoiPartition,partial_33,10,2,1.0,22.700000000000053,47.500000000000405,73.6000000000001,132028.90950936824,7500.0,920,73.6000000000001,COMPLETED
GridDecomposition,partial_33,10,0,1.0,18.9,44.000000000000355,63.30000000000063,125233.54828264378,9100.0,1591,63.30000000000063,COMPLETED
GridDecomposition,partial_33,10,1,1.0,23.500000000000064,53.200000000000486,88.49999999999925,170550.93794156518,9350.0,2227,88.49999999999925,COMPLETED
GridDecomposition,partial_33,10,2,1.0,22.100000000000044,50.00000000000044,69.70000000000032,137208.5344540542,9325.0,1790,69.70000000000032,COMPLETED
STC,partial_33,10,0,1.0,21.70000000000004,55.60000000000052,72.70000000000014,139491.25628183875,7250.0,1595,72.70000000000014,COMPLETED
STC,partial_33,10,1,1.0,21.80000000000004,46.100000000000385,85.59999999999941,166139.89032271504,9950.0,2129,85.59999999999941,COMPLETED
STC,partial_33,10,2,1.0,20.50000000000002,43.200000000000344,61.70000000000061,119706.03136064066,7825.0,1324,61.70000000000061,COMPLETED
Random,partial_33,20,0,1.0,19.400000000000006,45.300000000000374,202.3999999999928,734511.6732003135,22050.0,9964,202.3999999999928,COMPLETED
Random,partial_33,20,1,1.0,16.699999999999967,49.10000000000043,160.19999999999519,578296.1920928704,21850.0,7644,160.19999999999519,COMPLETED
Random,partial_33,20,2,1.0,19.200000000000003,38.20000000000027,137.0999999999965,496659.8150504166,21350.0,6572,137.0999999999965,COMPLETED
Boustrophedon,partial_33,20,0,1.0,16.29999999999996,30.600000000000165,55.40000000000052,205150.6907744715,16825.0,2016,55.40000000000052,COMPLETED
Boustrophedon,partial_33,20,1,1.0,14.699999999999964,28.300000000000132,52.30000000000047,195126.02367626037,16550.0,1920,52.30000000000047,COMPLETED
Boustrophedon,partial_33,20,2,1.0,17.399999999999977,31.200000000000173,53.900000000000496,198509.0781412702,16025.0,1833,53.900000000000496,COMPLETED
Spiral,partial_33,20,0,1.0,7.799999999999988,22.800000000000054,51.700000000000465,201572.2390830526,16650.0,2718,51.700000000000465,COMPLETED
Spiral,partial_33,20,1,1.0,7.39999999999999,20.100000000000016,52.10000000000047,203788.55213879002,15600.0,2755,52.10000000000047,COMPLETED
Spiral,partial_33,20,2,1.0,9.399999999999983,21.70000000000004,43.200000000000344,169743.18711021962,15100.0,2204,43.200000000000344,COMPLETED
VoronoiPartition,partial_33,20,0,1.0,8.999999999999984,19.900000000000013,38.00000000000027,135921.04627419915,7825.0,1007,38.00000000000027,COMPLETED
VoronoiPartition,partial_33,20,1,1.0,8.799999999999985,19.300000000000004,38.10000000000027,136136.77234654315,7650.0,969,38.10000000000027,COMPLETED
VoronoiPartition,partial_33,20,2,1.0,9.499999999999982,21.00000000000003,38.10000000000027,136968.8298215852,9600.0,1067,38.10000000000027,COMPLETED
GridDecomposition,partial_33,20,0,1.0,8.199999999999987,24.400000000000077,43.70000000000035,170982.44940558914,13200.0,2310,43.70000000000035,COMPLETED
GridDecomposition,partial_33,20,1,1.0,7.999999999999988,21.500000000000036,36.10000000000024,143122.96886118408,11950.0,2048,36.10000000000024,COMPLETED
GridDecomposition,partial_33,20,2,1.0,8.799999999999985,19.500000000000007,43.40000000000035,171559.69883508654,14600.0,2407,43.40000000000035,COMPLETED
STC,partial_33,20,0,1.0,7.39999999999999,21.20000000000003,35.10000000000023,133532.84955917764,10125.0,1482,35.10000000000023,COMPLETED
STC,partial_33,20,1,1.0,7.999999999999988,17.999999999999986,34.30000000000022,132906.85372973094,9400.0,1599,34.30000000000022,COMPLETED
STC,partial_33,20,2,1.0,8.499999999999986,18.499999999999993,32.000000000000185,124712.26674786303,10850.0,1463,32.000000000000185,COMPLETED
Random,closed_33,2,0,0.8373702422145328,225.39999999999148,483.90000000004153,inf,242424.00000000003,5450.0,2372,688.600000000088,ALL_DEPLETED
Random,closed_33,2,1,0.7975778546712803,239.99999999999065,inf,inf,242424.00000000003,2700.0,2230,690.9000000000885,ALL_DEPLETED
Random,closed_33,2,2,0.6332179930795848,274.59999999999394,inf,inf,242424.00000000003,5925.0,2295,691.8000000000887,ALL_DEPLETED
Boustrophedon,closed_33,2,0,0.27335640138408307,inf,inf,inf,242424.00000000003,0.0,460,731.9000000000979,ALL_DEPLETED
Boustrophedon,closed_33,2,1,0.15570934256055363,inf,inf,inf,242424.00000000003,0.0,292,734.0000000000983,ALL_DEPLETED
Boustrophedon,closed_33,2,2,0.157439446366782,inf,inf,inf,242424.00000000003,0.0,471,733.6000000000982,ALL_DEPLETED
Spiral,closed_33,2,0,0.7785467128027682,174.59999999999437,inf,inf,242424.00000000003,275.0,1650,693.100000000089,ALL_DEPLETED
Spiral,closed_33,2,1,0.48961937716262977,inf,inf,inf,242424.00000000003,1000.0,999,712.6000000000935,ALL_DEPLETED
Spiral,closed_33,2,2,0.6782006920415224,155.99999999999542,inf,inf,242424.00000000003,2300.0,1628,704.9000000000917,ALL_DEPLETED
VoronoiPartition,closed_33,2,0,0.8304498269896193,133.19999999999672,581.2000000000636,inf,242424.00000000003,325.0,635,724.8000000000962,ALL_DEPLETED
VoronoiPartition,closed_33,2,1,0.6522491349480969,431.9000000000297,inf,inf,242424.00000000003,275.0,1122,727.5000000000969,ALL_DEPLETED
VoronoiPartition,closed_33,2,2,0.7491349480968859,229.29999999999126,inf,inf,242424.00000000003,300.0,872,728.000000000097,ALL_DEPLETED
GridDecomposition,closed_33,2,0,0.4619377162629758,inf,inf,inf,242424.00000000003,0.0,2260,707.4000000000923,ALL_DEPLETED
GridDecomposition,closed_33,2,1,0.671280276816609,206.99999999999253,inf,inf,242424.00000000003,700.0,1833,706.7000000000921,ALL_DEPLETED
GridDecomposition,closed_33,2,2,0.6401384083044983,422.3000000000275,inf,inf,242424.00000000003,0.0,1789,712.8000000000935,ALL_DEPLETED
STC,closed_33,2,0,0.972318339100346,225.89999999999145,370.90000000001584,inf,242424.00000000003,550.0,2224,670.0000000000838,ALL_DEPLETED
STC,closed_33,2,1,0.8269896193771626,179.59999999999408,685.0000000000872,inf,242424.00000000003,25.0,1622,699.2000000000904,ALL_DEPLETED
STC,closed_33,2,2,0.9394463667820069,211.39999999999227,460.4000000000362,inf,242424.00000000003,1100.0,2897,651.1000000000795,ALL_DEPLETED
Random,closed_33,5,0,0.9809688581314879,83.89999999999951,306.9000000000013,inf,606060.0,10600.0,6312,695.6000000000896,ALL_DEPLETED
Random,closed_33,5,1,0.9792387543252595,131.29999999999683,284.29999999999615,inf,606060.0,12200.0,6376,693.3000000000891,ALL_DEPLETED
Random,closed_33,5,2,0.9048442906574394,98.59999999999867,421.7000000000274,inf,606060.0,9550.0,6326,694.8000000000894,ALL_DEPLETED
Boustrophedon,closed_33,5,0,0.40657439446366783,inf,inf,inf,606060.0,275.0,1698,734.7000000000985,ALL_DEPLETED
Boustrophedon,closed_33,5,1,0.6660899653979239,74.60000000000004,inf,inf,606060.0,300.0,1421,734.0000000000983,ALL_DEPLETED
Boustrophedon,closed_33,5,2,0.5847750865051903,70.90000000000025,inf,inf,606060.0,2375.0,1516,733.5000000000982,ALL_DEPLETED
Spiral,closed_33,5,0,0.9152249134948097,51.40000000000046,221.09999999999172,inf,606060.0,5625.0,3227,717.5000000000946,ALL_DEPLETED
Spiral,closed_33,5,1,0.9083044982698962,41.800000000000324,85.39999999999942,inf,606060.0,3900.0,2721,721.3000000000955,ALL_DEPLETED
Spiral,closed_33,5,2,0.7941176470588235,38.70000000000028,inf,inf,606060.0,3475.0,2507,722.2000000000957,ALL_DEPLETED
VoronoiPartition,closed_33,5,0,0.9515570934256056,47.2000000000004,144.2999999999961,inf,606060.0,2225.0,2363,724.1000000000961,ALL_DEPLETED
VoronoiPartition,closed_33,5,1,0.8961937716262975,74.70000000000003,137.49999999999648,inf,606060.0,2025.0,1762,731.0000000000977,ALL_DEPLETED
VoronoiPartition,closed_33,5,2,0.8961937716262975,37.20000000000026,126.99999999999706,inf,606060.0,1525.0,1489,731.3000000000977,ALL_DEPLETED
GridDecomposition,closed_33,5,0,0.9965397923875432,40.3000000000003,167.0999999999948,inf,606060.0,1525.0,3420,719.9000000000951,ALL_DEPLETED
GridDecomposition,closed_33,5,1,0.9948096885813149,53.50000000000049,124.99999999999717,inf,606060.0,4950.0,4763,701.500000000091,ALL_DEPLETED
GridDecomposition,closed_33,5,2,0.9982698961937716,43.900000000000354,284.5999999999962,inf,606060.0,4500.0,3938,715.6000000000942,ALL_DEPLETED
STC,closed_33,5,0,0.9740484429065744,72.00000000000018,233.699999999991,inf,606060.0,3625.0,3560,723.4000000000959,ALL_DEPLETED
STC,closed_33,5,1,0.9948096885813149,43.80000000000035,118.99999999999751,inf,606060.0,2925.0,4435,713.3000000000936,ALL_DEPLETED
STC,closed_33,5,2,0.7750865051903114,58.700000000000564,inf,inf,606060.0,3625.0,3457,718.2000000000947,ALL_DEPLETED
Random,closed_33,10,0,0.9913494809688581,39.000000000000284,118.29999999999755,inf,1212120.0,13800.0,13446,692.4000000000889,ALL_DEPLETED
Random,closed_33,10,1,1.0,40.60000000000031,111.79999999999792,649.6000000000791,1141527.018024648,13700.0,12609,649.6000000000791,COMPLETED
Random,closed_33,10,2,0.986159169550173,44.90000000000037,125.59999999999714,inf,1212120.0,13450.0,13133,695.9000000000897,ALL_DEPLETED
Boustrophedon,closed_33,10,0,0.8961937716262975,39.40000000000029,57.90000000000055,inf,1212120.0,2900.0,3663,733.8000000000983,ALL_DEPLETED
Boustrophedon,closed_33,10,1,0.9757785467128027,40.3000000000003,87.29999999999932,inf,1212120.0,4475.0,3996,734.3000000000984,ALL_DEPLETED
Boustrophedon,closed_33,10,2,0.6747404844290658,50.00000000000044,inf,inf,1212120.0,2500.0,3023,734.8000000000985,ALL_DEPLETED
Spiral,closed_33,10,0,0.9567474048442907,18.099999999999987,61.500000000000604,inf,1212120.0,6675.0,6299,729.3000000000973,ALL_DEPLETED
Spiral,closed_33,10,1,1.0,17.49999999999998,46.60000000000039,124.89999999999718,229730.99179657944,8875.0,2076,124.89999999999718,COMPLETED
Spiral,closed_33,10,2,0.9948096885813149,18.19999999999999,54.0000000000005,inf,1212120.0,9975.0,5146,725.7000000000965,ALL_DEPLETED
VoronoiPartition,closed_33,10,0,0.903114186851211,18.39999999999999,41.60000000000032,inf,1212120.0,3750.0,3140,733.2000000000982,ALL_DEPLETED
VoronoiPartition,closed_33,10,1,0.9705882352941176,17.299999999999976,119.79999999999747,inf,1212120.0,4500.0,3462,732.2000000000979,ALL_DEPLETED
VoronoiPartition,closed_33,10,2,0.9325259515570934,17.399999999999977,81.59999999999964,inf,1212120.0,3700.0,4090,732.700000000098,ALL_DEPLETED
GridDecomposition,closed_33,10,0,1.0,15.499999999999961,40.1000000000003,137.69999999999646,247928.8131438312,5375.0,2155,137.69999999999646,COMPLETED
GridDecomposition,closed_33,10,1,0.9965397923875432,17.799999999999983,58.100000000000556,inf,1212120.0,6100.0,7497,728.100000000097,ALL_DEPLETED
GridDecomposition,closed_33,10,2,1.0,16.599999999999966,78.99999999999979,199.79999999999293,350525.7506050195,6150.0,2415,199.79999999999293,COMPLETED
STC,closed_33,10,0,0.9688581314878892,18.19999999999999,49.50000000000043,inf,1212120.0,3150.0,5070,730.9000000000976,ALL_DEPLETED
STC,closed_33,10,1,0.9982698961937716,17.399999999999977,44.20000000000036,inf,1212120.0,5350.0,6537,726.6000000000967,ALL_DEPLETED
STC,closed_33,10,2,0.9809688581314879,17.49999999999998,52.80000000000048,inf,1212120.0,5725.0,4857,730.1000000000975,ALL_DEPLETED
Random,closed_33,20,0,1.0,15.399999999999961,46.50000000000039,509.00000000004724,1799001.0068088435,14125.0,20799,509.00000000004724,COMPLETED
Random,closed_33,20,1,0.9982698961937716,19.200000000000003,51.800000000000466,inf,2424240.0,14300.0,27941,698.0000000000902,ALL_DEPLETED
Random,closed_33,20,2,1.0,16.399999999999963,50.80000000000045,459.600000000036,1617300.1455669685,14050.0,18357,459.600000000036,COMPLETED
Boustrophedon,closed_33,20,0,0.9982698961937716,14.299999999999965,38.400000000000276,inf,2424240.0,8200.0,4916,734.2000000000984,ALL_DEPLETED
Boustrophedon,closed_33,20,1,1.0,19.900000000000013,40.400000000000304,63.20000000000063,220552.87272706302,7175.0,1209,63.20000000000063,COMPLETED
Boustrophedon,closed_33,20,2,1.0,13.799999999999967,43.200000000000344,93.69999999999895,323380.7909017522,10600.0,1811,93.69999999999895,COMPLETED
Spiral,closed_33,20,0,0.9809688581314879,6.699999999999992,17.59999999999998,inf,2424240.0,10150.0,13938,732.8000000000981,ALL_DEPLETED
Spiral,closed_33,20,1,0.9982698961937716,6.799999999999992,24.00000000000007,inf,2424240.0,11175.0,14025,730.6000000000976,ALL_DEPLETED
Spiral,closed_33,20,2,1.0,6.5999999999999925,18.499999999999993,75.39999999999999,270339.2782269963,10050.0,2265,75.39999999999999,COMPLETED
VoronoiPartition,closed_33,20,0,0.9982698961937716,6.999999999999991,19.200000000000003,inf,2424240.0,7575.0,3904,733.8000000000983,ALL_DEPLETED
VoronoiPartition,closed_33,20,1,1.0,7.19999999999999,21.70000000000004,61.80000000000061,212362.3426190582,6925.0,1150,61.80000000000061,COMPLETED
VoronoiPartition,closed_33,20,2,0.9498269896193772,6.199999999999994,18.29999999999999,inf,2424240.0,5475.0,5428,734.3000000000984,ALL_DEPLETED
GridDecomposition,closed_33,20,0,0.9982698961937716,5.599999999999996,14.699999999999964,inf,2424240.0,9325.0,14122,732.400000000098,ALL_DEPLETED
GridDecomposition,closed_33,20,1,1.0,5.799999999999995,16.699999999999967,60.100000000000584,216108.12452661386,7550.0,1837,60.100000000000584,COMPLETED
GridDecomposition,closed_33,20,2,1.0,5.799999999999995,15.89999999999996,69.20000000000034,249683.82697480638,8425.0,2293,69.20000000000034,COMPLETED
STC,closed_33,20,0,1.0,5.899999999999995,15.199999999999962,46.50000000000039,168703.15057960525,6875.0,1437,46.50000000000039,COMPLETED
STC,closed_33,20,1,1.0,6.399999999999993,15.299999999999962,58.30000000000056,207788.55901910271,7650.0,1726,58.30000000000056,COMPLETED
STC,closed_33,20,2,0.9792387543252595,5.799999999999995,16.19999999999996,inf,2424240.0,6275.0,8549,732.8000000000981,ALL_DEPLETED
